mask_file,mask_time,graphcast_time,year,t_idx,time_difference_hours,positive_nodes,positive_fraction,activation_file
2020-01-01T06:00:00.000000000.nc,2020-01-01 06:00:00,2020-01-01 06:00:00,2020,1,0.0,180,0.004394316683755676,/share/prj-4d/graphcast_shared/data/graphcast_activation_2020/layer0008_mesh_gnn_post_res_nodes_mesh_nodes_t2020-01-01T06.npy
2020-01-01T17:00:00.000000000.nc,2020-01-01 17:00:00,2020-01-01 18:00:00,2020,3,1.0,34,0.0008300375958205166,/share/prj-4d/graphcast_shared/data/graphcast_activation_2020/layer0008_mesh_gnn_post_res_nodes_mesh_nodes_t2020-01-01T18.npy
2020-01-05T12:00:00.000000000.nc,2020-01-05 12:00:00,2020-01-05 12:00:00,2020,18,0.0,0,0.0,/share/prj-4d/graphcast_shared/data/graphcast_activation_2020/layer0008_mesh_gnn_post_res_nodes_mesh_nodes_t2020-01-05T12.npy
2020-01-05T20:00:00.000000000.nc,2020-01-05 20:00:00,2020-01-05 18:00:00,2020,19,2.0,50,0.0012206435232654655,/share/prj-4d/graphcast_shared/data/graphcast_activation_2020/layer0008_mesh_gnn_post_res_nodes_mesh_nodes_t2020-01-05T18.npy
2020-01-06T14:00:00.000000000.nc,2020-01-06 14:00:00,2020-01-06 12:00:00,2020,22,2.0,27,0.0006591475025633514,/share/prj-4d/graphcast_shared/data/graphcast_activation_2020/layer0008_mesh_gnn_post_res_nodes_mesh_nodes_t2020-01-06T12.npy
2020-01-08T15:00:00.000000000.nc,2020-01-08 15:00:00,2020-01-08 12:00:00,2020,30,3.0,41,0.0010009276890776818,/share/prj-4d/graphcast_shared/data/graphcast_activation_2020/layer0008_mesh_gnn_post_res_nodes_mesh_nodes_t2020-01-08T12.npy
2020-01-11T04:00:00.000000000.nc,2020-01-11 04:00:00,2020-01-11 06:00:00,2020,41,2.0,15,0.00036619305697963966,/share/prj-4d/graphcast_shared/data/graphcast_activation_2020/layer0008_mesh_gnn_post_res_nodes_mesh_nodes_t2020-01-11T06.npy
2020-01-15T14:00:00.000000000.nc,2020-01-15 14:00:00,2020-01-15 12:00:00,2020,58,2.0,62,0.0015135979688491773,/share/prj-4d/graphcast_shared/data/graphcast_activation_2020/layer0008_mesh_gnn_post_res_nodes_mesh_nodes_t2020-01-15T12.npy
2020-01-16T01:00:00.000000000.nc,2020-01-16 01:00:00,2020-01-16 00:00:00,2020,60,1.0,0,0.0,/share/prj-4d/graphcast_shared/data/graphcast_activation_2020/layer0008_mesh_gnn_post_res_nodes_mesh_nodes_t2020-01-16T00.npy
2020-01-16T21:00:00.000000000.nc,2020-01-16 21:00:00,2020-01-16 18:00:00,2020,63,3.0,136,0.0033201503832820663,/share/prj-4d/graphcast_shared/data/graphcast_activation_2020/layer0008_mesh_gnn_post_res_nodes_mesh_nodes_t2020-01-16T18.npy
2020-01-18T11:00:00.000000000.nc,2020-01-18 11:00:00,2020-01-18 12:00:00,2020,70,1.0,74,0.001806552414432889,/share/prj-4d/graphcast_shared/data/graphcast_activation_2020/layer0008_mesh_gnn_post_res_nodes_mesh_nodes_t2020-01-18T12.npy
2020-01-19T08:00:00.000000000.nc,2020-01-19 08:00:00,2020-01-19 06:00:00,2020,73,2.0,0,0.0,/share/prj-4d/graphcast_shared/data/graphcast_activation_2020/layer0008_mesh_gnn_post_res_nodes_mesh_nodes_t2020-01-19T06.npy
2020-01-26T12:00:00.000000000.nc,2020-01-26 12:00:00,2020-01-26 12:00:00,2020,102,0.0,0,0.0,/share/prj-4d/graphcast_shared/data/graphcast_activation_2020/layer0008_mesh_gnn_post_res_nodes_mesh_nodes_t2020-01-26T12.npy
2020-01-28T16:00:00.000000000.nc,2020-01-28 16:00:00,2020-01-28 18:00:00,2020,111,2.0,84,0.0020506811190859823,/share/prj-4d/graphcast_shared/data/graphcast_activation_2020/layer0008_mesh_gnn_post_res_nodes_mesh_nodes_t2020-01-28T18.npy
2020-01-29T00:00:00.000000000.nc,2020-01-29 00:00:00,2020-01-29 00:00:00,2020,112,0.0,58,0.00141594648698794,/share/prj-4d/graphcast_shared/data/graphcast_activation_2020/layer0008_mesh_gnn_post_res_nodes_mesh_nodes_t2020-01-29T00.npy
2020-01-29T05:00:00.000000000.nc,2020-01-29 05:00:00,2020-01-29 06:00:00,2020,113,1.0,111,0.0027098286216493336,/share/prj-4d/graphcast_shared/data/graphcast_activation_2020/layer0008_mesh_gnn_post_res_nodes_mesh_nodes_t2020-01-29T06.npy
2020-01-30T07:00:00.000000000.nc,2020-01-30 07:00:00,2020-01-30 06:00:00,2020,117,1.0,0,0.0,/share/prj-4d/graphcast_shared/data/graphcast_activation_2020/layer0008_mesh_gnn_post_res_nodes_mesh_nodes_t2020-01-30T06.npy
2020-01-30T12:00:00.000000000.nc,2020-01-30 12:00:00,2020-01-30 12:00:00,2020,118,0.0,0,0.0,/share/prj-4d/graphcast_shared/data/graphcast_activation_2020/layer0008_mesh_gnn_post_res_nodes_mesh_nodes_t2020-01-30T12.npy
2020-03-01T14:00:00.000000000.nc,2020-03-01 14:00:00,2020-03-01 12:00:00,2020,125,2.0,72,0.0017577266735022705,/share/prj-4d/graphcast_shared/data/graphcast_activation_2020/layer0008_mesh_gnn_post_res_nodes_mesh_nodes_t2020-03-01T12.npy
2020-03-03T12:00:00.000000000.nc,2020-03-03 12:00:00,2020-03-03 12:00:00,2020,133,0.0,0,0.0,/share/prj-4d/graphcast_shared/data/graphcast_activation_2020/layer0008_mesh_gnn_post_res_nodes_mesh_nodes_t2020-03-03T12.npy
2020-03-06T23:00:00.000000000.nc,2020-03-06 23:00:00,2020-03-07 00:00:00,2020,147,1.0,0,0.0,/share/prj-4d/graphcast_shared/data/graphcast_activation_2020/layer0008_mesh_gnn_post_res_nodes_mesh_nodes_t2020-03-07T00.npy
2020-03-08T11:00:00.000000000.nc,2020-03-08 11:00:00,2020-03-08 12:00:00,2020,153,1.0,0,0.0,/share/prj-4d/graphcast_shared/data/graphcast_activation_2020/layer0008_mesh_gnn_post_res_nodes_mesh_nodes_t2020-03-08T12.npy
2020-03-11T10:00:00.000000000.nc,2020-03-11 10:00:00,2020-03-11 12:00:00,2020,165,2.0,0,0.0,/share/prj-4d/graphcast_shared/data/graphcast_activation_2020/layer0008_mesh_gnn_post_res_nodes_mesh_nodes_t2020-03-11T12.npy
2020-03-11T14:00:00.000000000.nc,2020-03-11 14:00:00,2020-03-11 12:00:00,2020,165,2.0,0,0.0,/share/prj-4d/graphcast_shared/data/graphcast_activation_2020/layer0008_mesh_gnn_post_res_nodes_mesh_nodes_t2020-03-11T12.npy
2020-03-12T02:00:00.000000000.nc,2020-03-12 02:00:00,2020-03-12 00:00:00,2020,167,2.0,0,0.0,/share/prj-4d/graphcast_shared/data/graphcast_activation_2020/layer0008_mesh_gnn_post_res_nodes_mesh_nodes_t2020-03-12T00.npy
2020-03-14T02:00:00.000000000.nc,2020-03-14 02:00:00,2020-03-14 00:00:00,2020,175,2.0,32,0.000781211854889898,/share/prj-4d/graphcast_shared/data/graphcast_activation_2020/layer0008_mesh_gnn_post_res_nodes_mesh_nodes_t2020-03-14T00.npy
2020-03-20T02:00:00.000000000.nc,2020-03-20 02:00:00,2020-03-20 00:00:00,2020,199,2.0,0,0.0,/share/prj-4d/graphcast_shared/data/graphcast_activation_2020/layer0008_mesh_gnn_post_res_nodes_mesh_nodes_t2020-03-20T00.npy
2020-03-20T05:00:00.000000000.nc,2020-03-20 05:00:00,2020-03-20 06:00:00,2020,200,1.0,0,0.0,/share/prj-4d/graphcast_shared/data/graphcast_activation_2020/layer0008_mesh_gnn_post_res_nodes_mesh_nodes_t2020-03-20T06.npy
2020-03-20T16:00:00.000000000.nc,2020-03-20 16:00:00,2020-03-20 18:00:00,2020,202,2.0,0,0.0,/share/prj-4d/graphcast_shared/data/graphcast_activation_2020/layer0008_mesh_gnn_post_res_nodes_mesh_nodes_t2020-03-20T18.npy
2020-03-23T19:00:00.000000000.nc,2020-03-23 19:00:00,2020-03-23 18:00:00,2020,214,1.0,0,0.0,/share/prj-4d/graphcast_shared/data/graphcast_activation_2020/layer0008_mesh_gnn_post_res_nodes_mesh_nodes_t2020-03-23T18.npy
2020-03-24T05:00:00.000000000.nc,2020-03-24 05:00:00,2020-03-24 06:00:00,2020,216,1.0,0,0.0,/share/prj-4d/graphcast_shared/data/graphcast_activation_2020/layer0008_mesh_gnn_post_res_nodes_mesh_nodes_t2020-03-24T06.npy
2020-03-29T07:00:00.000000000.nc,2020-03-29 07:00:00,2020-03-29 06:00:00,2020,236,1.0,0,0.0,/share/prj-4d/graphcast_shared/data/graphcast_activation_2020/layer0008_mesh_gnn_post_res_nodes_mesh_nodes_t2020-03-29T06.npy
2020-03-29T17:00:00.000000000.nc,2020-03-29 17:00:00,2020-03-29 18:00:00,2020,238,1.0,0,0.0,/share/prj-4d/graphcast_shared/data/graphcast_activation_2020/layer0008_mesh_gnn_post_res_nodes_mesh_nodes_t2020-03-29T18.npy
2020-03-30T14:00:00.000000000.nc,2020-03-30 14:00:00,2020-03-30 12:00:00,2020,241,2.0,0,0.0,/share/prj-4d/graphcast_shared/data/graphcast_activation_2020/layer0008_mesh_gnn_post_res_nodes_mesh_nodes_t2020-03-30T12.npy
2020-04-05T16:00:00.000000000.nc,2020-04-05 16:00:00,2020-04-05 18:00:00,2020,266,2.0,105,0.0025633513988574776,/share/prj-4d/graphcast_shared/data/graphcast_activation_2020/layer0008_mesh_gnn_post_res_nodes_mesh_nodes_t2020-04-05T18.npy
2020-04-06T12:00:00.000000000.nc,2020-04-06 12:00:00,2020-04-06 12:00:00,2020,269,0.0,40,0.0009765148186123725,/share/prj-4d/graphcast_shared/data/graphcast_activation_2020/layer0008_mesh_gnn_post_res_nodes_mesh_nodes_t2020-04-06T12.npy
2020-04-08T13:00:00.000000000.nc,2020-04-08 13:00:00,2020-04-08 12:00:00,2020,277,1.0,93,0.002270396953273766,/share/prj-4d/graphcast_shared/data/graphcast_activation_2020/layer0008_mesh_gnn_post_res_nodes_mesh_nodes_t2020-04-08T12.npy
2020-04-09T10:00:00.000000000.nc,2020-04-09 10:00:00,2020-04-09 12:00:00,2020,281,2.0,41,0.0010009276890776818,/share/prj-4d/graphcast_shared/data/graphcast_activation_2020/layer0008_mesh_gnn_post_res_nodes_mesh_nodes_t2020-04-09T12.npy
2020-04-10T21:00:00.000000000.nc,2020-04-10 21:00:00,2020-04-10 18:00:00,2020,286,3.0,0,0.0,/share/prj-4d/graphcast_shared/data/graphcast_activation_2020/layer0008_mesh_gnn_post_res_nodes_mesh_nodes_t2020-04-10T18.npy
2020-04-12T08:00:00.000000000.nc,2020-04-12 08:00:00,2020-04-12 06:00:00,2020,292,2.0,0,0.0,/share/prj-4d/graphcast_shared/data/graphcast_activation_2020/layer0008_mesh_gnn_post_res_nodes_mesh_nodes_t2020-04-12T06.npy
2020-04-17T02:00:00.000000000.nc,2020-04-17 02:00:00,2020-04-17 00:00:00,2020,311,2.0,0,0.0,/share/prj-4d/graphcast_shared/data/graphcast_activation_2020/layer0008_mesh_gnn_post_res_nodes_mesh_nodes_t2020-04-17T00.npy
2020-04-17T23:00:00.000000000.nc,2020-04-17 23:00:00,2020-04-18 00:00:00,2020,315,1.0,0,0.0,/share/prj-4d/graphcast_shared/data/graphcast_activation_2020/layer0008_mesh_gnn_post_res_nodes_mesh_nodes_t2020-04-18T00.npy
2020-04-18T09:00:00.000000000.nc,2020-04-18 09:00:00,2020-04-18 06:00:00,2020,316,3.0,0,0.0,/share/prj-4d/graphcast_shared/data/graphcast_activation_2020/layer0008_mesh_gnn_post_res_nodes_mesh_nodes_t2020-04-18T06.npy
2020-04-19T19:00:00.000000000.nc,2020-04-19 19:00:00,2020-04-19 18:00:00,2020,322,1.0,0,0.0,/share/prj-4d/graphcast_shared/data/graphcast_activation_2020/layer0008_mesh_gnn_post_res_nodes_mesh_nodes_t2020-04-19T18.npy
2020-04-21T06:00:00.000000000.nc,2020-04-21 06:00:00,2020-04-21 06:00:00,2020,328,0.0,0,0.0,/share/prj-4d/graphcast_shared/data/graphcast_activation_2020/layer0008_mesh_gnn_post_res_nodes_mesh_nodes_t2020-04-21T06.npy
2020-04-23T03:00:00.000000000.nc,2020-04-23 03:00:00,2020-04-23 00:00:00,2020,335,3.0,0,0.0,/share/prj-4d/graphcast_shared/data/graphcast_activation_2020/layer0008_mesh_gnn_post_res_nodes_mesh_nodes_t2020-04-23T00.npy
2020-04-24T16:00:00.000000000.nc,2020-04-24 16:00:00,2020-04-24 18:00:00,2020,342,2.0,0,0.0,/share/prj-4d/graphcast_shared/data/graphcast_activation_2020/layer0008_mesh_gnn_post_res_nodes_mesh_nodes_t2020-04-24T18.npy
2020-04-24T18:00:00.000000000.nc,2020-04-24 18:00:00,2020-04-24 18:00:00,2020,342,0.0,0,0.0,/share/prj-4d/graphcast_shared/data/graphcast_activation_2020/layer0008_mesh_gnn_post_res_nodes_mesh_nodes_t2020-04-24T18.npy
2020-04-26T10:00:00.000000000.nc,2020-04-26 10:00:00,2020-04-26 12:00:00,2020,349,2.0,0,0.0,/share/prj-4d/graphcast_shared/data/graphcast_activation_2020/layer0008_mesh_gnn_post_res_nodes_mesh_nodes_t2020-04-26T12.npy
2020-04-27T03:00:00.000000000.nc,2020-04-27 03:00:00,2020-04-27 00:00:00,2020,351,3.0,0,0.0,/share/prj-4d/graphcast_shared/data/graphcast_activation_2020/layer0008_mesh_gnn_post_res_nodes_mesh_nodes_t2020-04-27T00.npy
2020-04-29T06:00:00.000000000.nc,2020-04-29 06:00:00,2020-04-29 06:00:00,2020,360,0.0,0,0.0,/share/prj-4d/graphcast_shared/data/graphcast_activation_2020/layer0008_mesh_gnn_post_res_nodes_mesh_nodes_t2020-04-29T06.npy
2020-04-29T08:00:00.000000000.nc,2020-04-29 08:00:00,2020-04-29 06:00:00,2020,360,2.0,0,0.0,/share/prj-4d/graphcast_shared/data/graphcast_activation_2020/layer0008_mesh_gnn_post_res_nodes_mesh_nodes_t2020-04-29T06.npy
2020-04-30T19:00:00.000000000.nc,2020-04-30 19:00:00,2020-04-30 18:00:00,2020,366,1.0,0,0.0,/share/prj-4d/graphcast_shared/data/graphcast_activation_2020/layer0008_mesh_gnn_post_res_nodes_mesh_nodes_t2020-04-30T18.npy
2020-05-01T05:00:00.000000000.nc,2020-05-01 05:00:00,2020-05-01 06:00:00,2020,368,1.0,0,0.0,/share/prj-4d/graphcast_shared/data/graphcast_activation_2020/layer0008_mesh_gnn_post_res_nodes_mesh_nodes_t2020-05-01T06.npy
2020-05-02T20:00:00.000000000.nc,2020-05-02 20:00:00,2020-05-02 18:00:00,2020,374,2.0,0,0.0,/share/prj-4d/graphcast_shared/data/graphcast_activation_2020/layer0008_mesh_gnn_post_res_nodes_mesh_nodes_t2020-05-02T18.npy
2020-05-04T00:00:00.000000000.nc,2020-05-04 00:00:00,2020-05-04 00:00:00,2020,379,0.0,0,0.0,/share/prj-4d/graphcast_shared/data/graphcast_activation_2020/layer0008_mesh_gnn_post_res_nodes_mesh_nodes_t2020-05-04T00.npy
2020-05-04T13:00:00.000000000.nc,2020-05-04 13:00:00,2020-05-04 12:00:00,2020,381,1.0,29,0.00070797324349397,/share/prj-4d/graphcast_shared/data/graphcast_activation_2020/layer0008_mesh_gnn_post_res_nodes_mesh_nodes_t2020-05-04T12.npy
2020-05-06T00:00:00.000000000.nc,2020-05-06 00:00:00,2020-05-06 00:00:00,2020,387,0.0,0,0.0,/share/prj-4d/graphcast_shared/data/graphcast_activation_2020/layer0008_mesh_gnn_post_res_nodes_mesh_nodes_t2020-05-06T00.npy
2020-05-09T14:00:00.000000000.nc,2020-05-09 14:00:00,2020-05-09 12:00:00,2020,401,2.0,0,0.0,/share/prj-4d/graphcast_shared/data/graphcast_activation_2020/layer0008_mesh_gnn_post_res_nodes_mesh_nodes_t2020-05-09T12.npy
2020-05-10T23:00:00.000000000.nc,2020-05-10 23:00:00,2020-05-11 00:00:00,2020,407,1.0,0,0.0,/share/prj-4d/graphcast_shared/data/graphcast_activation_2020/layer0008_mesh_gnn_post_res_nodes_mesh_nodes_t2020-05-11T00.npy
2020-05-13T19:00:00.000000000.nc,2020-05-13 19:00:00,2020-05-13 18:00:00,2020,418,1.0,0,0.0,/share/prj-4d/graphcast_shared/data/graphcast_activation_2020/layer0008_mesh_gnn_post_res_nodes_mesh_nodes_t2020-05-13T18.npy
2020-05-15T22:00:00.000000000.nc,2020-05-15 22:00:00,2020-05-16 00:00:00,2020,427,2.0,73,0.0017821395439675796,/share/prj-4d/graphcast_shared/data/graphcast_activation_2020/layer0008_mesh_gnn_post_res_nodes_mesh_nodes_t2020-05-16T00.npy
2020-05-16T00:00:00.000000000.nc,2020-05-16 00:00:00,2020-05-16 00:00:00,2020,427,0.0,13,0.00031736731604902103,/share/prj-4d/graphcast_shared/data/graphcast_activation_2020/layer0008_mesh_gnn_post_res_nodes_mesh_nodes_t2020-05-16T00.npy
2020-05-17T03:00:00.000000000.nc,2020-05-17 03:00:00,2020-05-17 00:00:00,2020,431,3.0,79,0.0019286167667594356,/share/prj-4d/graphcast_shared/data/graphcast_activation_2020/layer0008_mesh_gnn_post_res_nodes_mesh_nodes_t2020-05-17T00.npy
2020-05-17T08:00:00.000000000.nc,2020-05-17 08:00:00,2020-05-17 06:00:00,2020,432,2.0,94,0.0022948098237390753,/share/prj-4d/graphcast_shared/data/graphcast_activation_2020/layer0008_mesh_gnn_post_res_nodes_mesh_nodes_t2020-05-17T06.npy
2020-05-17T12:00:00.000000000.nc,2020-05-17 12:00:00,2020-05-17 12:00:00,2020,433,0.0,81,0.0019774425076900543,/share/prj-4d/graphcast_shared/data/graphcast_activation_2020/layer0008_mesh_gnn_post_res_nodes_mesh_nodes_t2020-05-17T12.npy
2020-05-18T11:00:00.000000000.nc,2020-05-18 11:00:00,2020-05-18 12:00:00,2020,437,1.0,101,0.0024656999169962402,/share/prj-4d/graphcast_shared/data/graphcast_activation_2020/layer0008_mesh_gnn_post_res_nodes_mesh_nodes_t2020-05-18T12.npy
2020-05-22T10:00:00.000000000.nc,2020-05-22 10:00:00,2020-05-22 12:00:00,2020,453,2.0,0,0.0,/share/prj-4d/graphcast_shared/data/graphcast_activation_2020/layer0008_mesh_gnn_post_res_nodes_mesh_nodes_t2020-05-22T12.npy
2020-05-28T19:00:00.000000000.nc,2020-05-28 19:00:00,2020-05-28 18:00:00,2020,478,1.0,0,0.0,/share/prj-4d/graphcast_shared/data/graphcast_activation_2020/layer0008_mesh_gnn_post_res_nodes_mesh_nodes_t2020-05-28T18.npy
2020-05-29T15:00:00.000000000.nc,2020-05-29 15:00:00,2020-05-29 12:00:00,2020,481,3.0,38,0.0009276890776817538,/share/prj-4d/graphcast_shared/data/graphcast_activation_2020/layer0008_mesh_gnn_post_res_nodes_mesh_nodes_t2020-05-29T12.npy
2020-05-29T17:00:00.000000000.nc,2020-05-29 17:00:00,2020-05-29 18:00:00,2020,482,1.0,0,0.0,/share/prj-4d/graphcast_shared/data/graphcast_activation_2020/layer0008_mesh_gnn_post_res_nodes_mesh_nodes_t2020-05-29T18.npy
2020-05-31T06:00:00.000000000.nc,2020-05-31 06:00:00,2020-05-31 06:00:00,2020,488,0.0,0,0.0,/share/prj-4d/graphcast_shared/data/graphcast_activation_2020/layer0008_mesh_gnn_post_res_nodes_mesh_nodes_t2020-05-31T06.npy
2020-06-03T03:00:00.000000000.nc,2020-06-03 03:00:00,2020-06-03 00:00:00,2020,499,3.0,34,0.0008300375958205166,/share/prj-4d/graphcast_shared/data/graphcast_activation_2020/layer0008_mesh_gnn_post_res_nodes_mesh_nodes_t2020-06-03T00.npy
2020-06-03T13:00:00.000000000.nc,2020-06-03 13:00:00,2020-06-03 12:00:00,2020,501,1.0,37,0.0009032762072164445,/share/prj-4d/graphcast_shared/data/graphcast_activation_2020/layer0008_mesh_gnn_post_res_nodes_mesh_nodes_t2020-06-03T12.npy
2020-06-04T20:00:00.000000000.nc,2020-06-04 20:00:00,2020-06-04 18:00:00,2020,506,2.0,78,0.0019042038962941263,/share/prj-4d/graphcast_shared/data/graphcast_activation_2020/layer0008_mesh_gnn_post_res_nodes_mesh_nodes_t2020-06-04T18.npy
2020-06-10T10:00:00.000000000.nc,2020-06-10 10:00:00,2020-06-10 12:00:00,2020,529,2.0,0,0.0,/share/prj-4d/graphcast_shared/data/graphcast_activation_2020/layer0008_mesh_gnn_post_res_nodes_mesh_nodes_t2020-06-10T12.npy
2020-06-11T09:00:00.000000000.nc,2020-06-11 09:00:00,2020-06-11 06:00:00,2020,532,3.0,0,0.0,/share/prj-4d/graphcast_shared/data/graphcast_activation_2020/layer0008_mesh_gnn_post_res_nodes_mesh_nodes_t2020-06-11T06.npy
2020-06-11T17:00:00.000000000.nc,2020-06-11 17:00:00,2020-06-11 18:00:00,2020,534,1.0,0,0.0,/share/prj-4d/graphcast_shared/data/graphcast_activation_2020/layer0008_mesh_gnn_post_res_nodes_mesh_nodes_t2020-06-11T18.npy
2020-06-11T19:00:00.000000000.nc,2020-06-11 19:00:00,2020-06-11 18:00:00,2020,534,1.0,0,0.0,/share/prj-4d/graphcast_shared/data/graphcast_activation_2020/layer0008_mesh_gnn_post_res_nodes_mesh_nodes_t2020-06-11T18.npy
2020-06-12T22:00:00.000000000.nc,2020-06-12 22:00:00,2020-06-13 00:00:00,2020,539,2.0,0,0.0,/share/prj-4d/graphcast_shared/data/graphcast_activation_2020/layer0008_mesh_gnn_post_res_nodes_mesh_nodes_t2020-06-13T00.npy
2020-06-14T13:00:00.000000000.nc,2020-06-14 13:00:00,2020-06-14 12:00:00,2020,545,1.0,0,0.0,/share/prj-4d/graphcast_shared/data/graphcast_activation_2020/layer0008_mesh_gnn_post_res_nodes_mesh_nodes_t2020-06-14T12.npy
2020-06-16T04:00:00.000000000.nc,2020-06-16 04:00:00,2020-06-16 06:00:00,2020,552,2.0,0,0.0,/share/prj-4d/graphcast_shared/data/graphcast_activation_2020/layer0008_mesh_gnn_post_res_nodes_mesh_nodes_t2020-06-16T06.npy
2020-06-17T02:00:00.000000000.nc,2020-06-17 02:00:00,2020-06-17 00:00:00,2020,555,2.0,0,0.0,/share/prj-4d/graphcast_shared/data/graphcast_activation_2020/layer0008_mesh_gnn_post_res_nodes_mesh_nodes_t2020-06-17T00.npy
2020-06-18T19:00:00.000000000.nc,2020-06-18 19:00:00,2020-06-18 18:00:00,2020,562,1.0,0,0.0,/share/prj-4d/graphcast_shared/data/graphcast_activation_2020/layer0008_mesh_gnn_post_res_nodes_mesh_nodes_t2020-06-18T18.npy
2020-06-18T23:00:00.000000000.nc,2020-06-18 23:00:00,2020-06-19 00:00:00,2020,563,1.0,0,0.0,/share/prj-4d/graphcast_shared/data/graphcast_activation_2020/layer0008_mesh_gnn_post_res_nodes_mesh_nodes_t2020-06-19T00.npy
2020-06-22T00:00:00.000000000.nc,2020-06-22 00:00:00,2020-06-22 00:00:00,2020,575,0.0,0,0.0,/share/prj-4d/graphcast_shared/data/graphcast_activation_2020/layer0008_mesh_gnn_post_res_nodes_mesh_nodes_t2020-06-22T00.npy
2020-06-22T08:00:00.000000000.nc,2020-06-22 08:00:00,2020-06-22 06:00:00,2020,576,2.0,0,0.0,/share/prj-4d/graphcast_shared/data/graphcast_activation_2020/layer0008_mesh_gnn_post_res_nodes_mesh_nodes_t2020-06-22T06.npy
2020-06-29T20:00:00.000000000.nc,2020-06-29 20:00:00,2020-06-29 18:00:00,2020,606,2.0,0,0.0,/share/prj-4d/graphcast_shared/data/graphcast_activation_2020/layer0008_mesh_gnn_post_res_nodes_mesh_nodes_t2020-06-29T18.npy
2020-06-30T11:00:00.000000000.nc,2020-06-30 11:00:00,2020-06-30 12:00:00,2020,609,1.0,0,0.0,/share/prj-4d/graphcast_shared/data/graphcast_activation_2020/layer0008_mesh_gnn_post_res_nodes_mesh_nodes_t2020-06-30T12.npy
2020-06-30T20:00:00.000000000.nc,2020-06-30 20:00:00,2020-06-30 18:00:00,2020,610,2.0,0,0.0,/share/prj-4d/graphcast_shared/data/graphcast_activation_2020/layer0008_mesh_gnn_post_res_nodes_mesh_nodes_t2020-06-30T18.npy
2020-07-02T17:00:00.000000000.nc,2020-07-02 17:00:00,2020-07-02 18:00:00,2020,618,1.0,0,0.0,/share/prj-4d/graphcast_shared/data/graphcast_activation_2020/layer0008_mesh_gnn_post_res_nodes_mesh_nodes_t2020-07-02T18.npy
2020-07-03T20:00:00.000000000.nc,2020-07-03 20:00:00,2020-07-03 18:00:00,2020,622,2.0,0,0.0,/share/prj-4d/graphcast_shared/data/graphcast_activation_2020/layer0008_mesh_gnn_post_res_nodes_mesh_nodes_t2020-07-03T18.npy
2020-07-04T04:00:00.000000000.nc,2020-07-04 04:00:00,2020-07-04 06:00:00,2020,624,2.0,0,0.0,/share/prj-4d/graphcast_shared/data/graphcast_activation_2020/layer0008_mesh_gnn_post_res_nodes_mesh_nodes_t2020-07-04T06.npy
2020-07-05T06:00:00.000000000.nc,2020-07-05 06:00:00,2020-07-05 06:00:00,2020,628,0.0,0,0.0,/share/prj-4d/graphcast_shared/data/graphcast_activation_2020/layer0008_mesh_gnn_post_res_nodes_mesh_nodes_t2020-07-05T06.npy
2020-07-05T10:00:00.000000000.nc,2020-07-05 10:00:00,2020-07-05 12:00:00,2020,629,2.0,0,0.0,/share/prj-4d/graphcast_shared/data/graphcast_activation_2020/layer0008_mesh_gnn_post_res_nodes_mesh_nodes_t2020-07-05T12.npy
2020-07-05T11:00:00.000000000.nc,2020-07-05 11:00:00,2020-07-05 12:00:00,2020,629,1.0,0,0.0,/share/prj-4d/graphcast_shared/data/graphcast_activation_2020/layer0008_mesh_gnn_post_res_nodes_mesh_nodes_t2020-07-05T12.npy
2020-07-06T22:00:00.000000000.nc,2020-07-06 22:00:00,2020-07-07 00:00:00,2020,635,2.0,0,0.0,/share/prj-4d/graphcast_shared/data/graphcast_activation_2020/layer0008_mesh_gnn_post_res_nodes_mesh_nodes_t2020-07-07T00.npy
2020-07-09T21:00:00.000000000.nc,2020-07-09 21:00:00,2020-07-09 18:00:00,2020,646,3.0,14,0.00034178018651433037,/share/prj-4d/graphcast_shared/data/graphcast_activation_2020/layer0008_mesh_gnn_post_res_nodes_mesh_nodes_t2020-07-09T18.npy
2020-07-12T03:00:00.000000000.nc,2020-07-12 03:00:00,2020-07-12 00:00:00,2020,655,3.0,0,0.0,/share/prj-4d/graphcast_shared/data/graphcast_activation_2020/layer0008_mesh_gnn_post_res_nodes_mesh_nodes_t2020-07-12T00.npy
2020-07-12T17:00:00.000000000.nc,2020-07-12 17:00:00,2020-07-12 18:00:00,2020,658,1.0,0,0.0,/share/prj-4d/graphcast_shared/data/graphcast_activation_2020/layer0008_mesh_gnn_post_res_nodes_mesh_nodes_t2020-07-12T18.npy
2020-07-14T21:00:00.000000000.nc,2020-07-14 21:00:00,2020-07-14 18:00:00,2020,666,3.0,0,0.0,/share/prj-4d/graphcast_shared/data/graphcast_activation_2020/layer0008_mesh_gnn_post_res_nodes_mesh_nodes_t2020-07-14T18.npy
2020-07-18T22:00:00.000000000.nc,2020-07-18 22:00:00,2020-07-19 00:00:00,2020,683,2.0,0,0.0,/share/prj-4d/graphcast_shared/data/graphcast_activation_2020/layer0008_mesh_gnn_post_res_nodes_mesh_nodes_t2020-07-19T00.npy
2020-07-19T18:00:00.000000000.nc,2020-07-19 18:00:00,2020-07-19 18:00:00,2020,686,0.0,0,0.0,/share/prj-4d/graphcast_shared/data/graphcast_activation_2020/layer0008_mesh_gnn_post_res_nodes_mesh_nodes_t2020-07-19T18.npy
2020-07-24T02:00:00.000000000.nc,2020-07-24 02:00:00,2020-07-24 00:00:00,2020,703,2.0,35,0.0008544504662858259,/share/prj-4d/graphcast_shared/data/graphcast_activation_2020/layer0008_mesh_gnn_post_res_nodes_mesh_nodes_t2020-07-24T00.npy
2020-07-24T08:00:00.000000000.nc,2020-07-24 08:00:00,2020-07-24 06:00:00,2020,704,2.0,29,0.00070797324349397,/share/prj-4d/graphcast_shared/data/graphcast_activation_2020/layer0008_mesh_gnn_post_res_nodes_mesh_nodes_t2020-07-24T06.npy
2020-07-24T10:00:00.000000000.nc,2020-07-24 10:00:00,2020-07-24 12:00:00,2020,705,2.0,0,0.0,/share/prj-4d/graphcast_shared/data/graphcast_activation_2020/layer0008_mesh_gnn_post_res_nodes_mesh_nodes_t2020-07-24T12.npy
2020-07-28T03:00:00.000000000.nc,2020-07-28 03:00:00,2020-07-28 00:00:00,2020,719,3.0,0,0.0,/share/prj-4d/graphcast_shared/data/graphcast_activation_2020/layer0008_mesh_gnn_post_res_nodes_mesh_nodes_t2020-07-28T00.npy
2020-07-28T20:00:00.000000000.nc,2020-07-28 20:00:00,2020-07-28 18:00:00,2020,722,2.0,0,0.0,/share/prj-4d/graphcast_shared/data/graphcast_activation_2020/layer0008_mesh_gnn_post_res_nodes_mesh_nodes_t2020-07-28T18.npy
2020-07-28T23:00:00.000000000.nc,2020-07-28 23:00:00,2020-07-29 00:00:00,2020,723,1.0,0,0.0,/share/prj-4d/graphcast_shared/data/graphcast_activation_2020/layer0008_mesh_gnn_post_res_nodes_mesh_nodes_t2020-07-29T00.npy
2020-07-30T08:00:00.000000000.nc,2020-07-30 08:00:00,2020-07-30 06:00:00,2020,728,2.0,0,0.0,/share/prj-4d/graphcast_shared/data/graphcast_activation_2020/layer0008_mesh_gnn_post_res_nodes_mesh_nodes_t2020-07-30T06.npy
2020-08-01T14:00:00.000000000.nc,2020-08-01 14:00:00,2020-08-01 12:00:00,2020,737,2.0,9,0.0002197158341877838,/share/prj-4d/graphcast_shared/data/graphcast_activation_2020/layer0008_mesh_gnn_post_res_nodes_mesh_nodes_t2020-08-01T12.npy
2020-08-05T22:00:00.000000000.nc,2020-08-05 22:00:00,2020-08-06 00:00:00,2020,755,2.0,0,0.0,/share/prj-4d/graphcast_shared/data/graphcast_activation_2020/layer0008_mesh_gnn_post_res_nodes_mesh_nodes_t2020-08-06T00.npy
2020-08-06T18:00:00.000000000.nc,2020-08-06 18:00:00,2020-08-06 18:00:00,2020,758,0.0,0,0.0,/share/prj-4d/graphcast_shared/data/graphcast_activation_2020/layer0008_mesh_gnn_post_res_nodes_mesh_nodes_t2020-08-06T18.npy
2020-08-07T04:00:00.000000000.nc,2020-08-07 04:00:00,2020-08-07 06:00:00,2020,760,2.0,0,0.0,/share/prj-4d/graphcast_shared/data/graphcast_activation_2020/layer0008_mesh_gnn_post_res_nodes_mesh_nodes_t2020-08-07T06.npy
2020-08-08T07:00:00.000000000.nc,2020-08-08 07:00:00,2020-08-08 06:00:00,2020,764,1.0,0,0.0,/share/prj-4d/graphcast_shared/data/graphcast_activation_2020/layer0008_mesh_gnn_post_res_nodes_mesh_nodes_t2020-08-08T06.npy
2020-08-09T19:00:00.000000000.nc,2020-08-09 19:00:00,2020-08-09 18:00:00,2020,770,1.0,0,0.0,/share/prj-4d/graphcast_shared/data/graphcast_activation_2020/layer0008_mesh_gnn_post_res_nodes_mesh_nodes_t2020-08-09T18.npy
2020-08-13T04:00:00.000000000.nc,2020-08-13 04:00:00,2020-08-13 06:00:00,2020,784,2.0,0,0.0,/share/prj-4d/graphcast_shared/data/graphcast_activation_2020/layer0008_mesh_gnn_post_res_nodes_mesh_nodes_t2020-08-13T06.npy
2020-08-16T10:00:00.000000000.nc,2020-08-16 10:00:00,2020-08-16 12:00:00,2020,797,2.0,0,0.0,/share/prj-4d/graphcast_shared/data/graphcast_activation_2020/layer0008_mesh_gnn_post_res_nodes_mesh_nodes_t2020-08-16T12.npy
2020-08-17T21:00:00.000000000.nc,2020-08-17 21:00:00,2020-08-17 18:00:00,2020,802,3.0,45,0.001098579170938919,/share/prj-4d/graphcast_shared/data/graphcast_activation_2020/layer0008_mesh_gnn_post_res_nodes_mesh_nodes_t2020-08-17T18.npy
2020-08-18T04:00:00.000000000.nc,2020-08-18 04:00:00,2020-08-18 06:00:00,2020,804,2.0,27,0.0006591475025633514,/share/prj-4d/graphcast_shared/data/graphcast_activation_2020/layer0008_mesh_gnn_post_res_nodes_mesh_nodes_t2020-08-18T06.npy
2020-08-18T15:00:00.000000000.nc,2020-08-18 15:00:00,2020-08-18 12:00:00,2020,805,3.0,36,0.0008788633367511352,/share/prj-4d/graphcast_shared/data/graphcast_activation_2020/layer0008_mesh_gnn_post_res_nodes_mesh_nodes_t2020-08-18T12.npy
2020-08-19T01:00:00.000000000.nc,2020-08-19 01:00:00,2020-08-19 00:00:00,2020,807,1.0,18,0.0004394316683755676,/share/prj-4d/graphcast_shared/data/graphcast_activation_2020/layer0008_mesh_gnn_post_res_nodes_mesh_nodes_t2020-08-19T00.npy
2020-08-19T17:00:00.000000000.nc,2020-08-19 17:00:00,2020-08-19 18:00:00,2020,810,1.0,80,0.001953029637224745,/share/prj-4d/graphcast_shared/data/graphcast_activation_2020/layer0008_mesh_gnn_post_res_nodes_mesh_nodes_t2020-08-19T18.npy
2020-08-21T05:00:00.000000000.nc,2020-08-21 05:00:00,2020-08-21 06:00:00,2020,816,1.0,17,0.0004150187979102583,/share/prj-4d/graphcast_shared/data/graphcast_activation_2020/layer0008_mesh_gnn_post_res_nodes_mesh_nodes_t2020-08-21T06.npy
2020-08-22T17:00:00.000000000.nc,2020-08-22 17:00:00,2020-08-22 18:00:00,2020,822,1.0,36,0.0008788633367511352,/share/prj-4d/graphcast_shared/data/graphcast_activation_2020/layer0008_mesh_gnn_post_res_nodes_mesh_nodes_t2020-08-22T18.npy
2020-08-29T10:00:00.000000000.nc,2020-08-29 10:00:00,2020-08-29 12:00:00,2020,849,2.0,47,0.0011474049118695376,/share/prj-4d/graphcast_shared/data/graphcast_activation_2020/layer0008_mesh_gnn_post_res_nodes_mesh_nodes_t2020-08-29T12.npy
2020-08-30T19:00:00.000000000.nc,2020-08-30 19:00:00,2020-08-30 18:00:00,2020,854,1.0,88,0.0021483326009472193,/share/prj-4d/graphcast_shared/data/graphcast_activation_2020/layer0008_mesh_gnn_post_res_nodes_mesh_nodes_t2020-08-30T18.npy
2020-09-01T00:00:00.000000000.nc,2020-09-01 00:00:00,2020-09-01 00:00:00,2020,859,0.0,105,0.0025633513988574776,/share/prj-4d/graphcast_shared/data/graphcast_activation_2020/layer0008_mesh_gnn_post_res_nodes_mesh_nodes_t2020-09-01T00.npy
2020-09-02T17:00:00.000000000.nc,2020-09-02 17:00:00,2020-09-02 18:00:00,2020,866,1.0,118,0.0028807187149064986,/share/prj-4d/graphcast_shared/data/graphcast_activation_2020/layer0008_mesh_gnn_post_res_nodes_mesh_nodes_t2020-09-02T18.npy
2020-09-03T06:00:00.000000000.nc,2020-09-03 06:00:00,2020-09-03 06:00:00,2020,868,0.0,64,0.001562423709779796,/share/prj-4d/graphcast_shared/data/graphcast_activation_2020/layer0008_mesh_gnn_post_res_nodes_mesh_nodes_t2020-09-03T06.npy
2020-09-03T21:00:00.000000000.nc,2020-09-03 21:00:00,2020-09-03 18:00:00,2020,870,3.0,116,0.00283189297397588,/share/prj-4d/graphcast_shared/data/graphcast_activation_2020/layer0008_mesh_gnn_post_res_nodes_mesh_nodes_t2020-09-03T18.npy
2020-09-06T10:00:00.000000000.nc,2020-09-06 10:00:00,2020-09-06 12:00:00,2020,881,2.0,179,0.004369903813290367,/share/prj-4d/graphcast_shared/data/graphcast_activation_2020/layer0008_mesh_gnn_post_res_nodes_mesh_nodes_t2020-09-06T12.npy
2020-09-07T07:00:00.000000000.nc,2020-09-07 07:00:00,2020-09-07 06:00:00,2020,884,1.0,86,0.0020995068600166006,/share/prj-4d/graphcast_shared/data/graphcast_activation_2020/layer0008_mesh_gnn_post_res_nodes_mesh_nodes_t2020-09-07T06.npy
2020-09-10T02:00:00.000000000.nc,2020-09-10 02:00:00,2020-09-10 00:00:00,2020,895,2.0,30,0.0007323861139592793,/share/prj-4d/graphcast_shared/data/graphcast_activation_2020/layer0008_mesh_gnn_post_res_nodes_mesh_nodes_t2020-09-10T00.npy
2020-09-10T08:00:00.000000000.nc,2020-09-10 08:00:00,2020-09-10 06:00:00,2020,896,2.0,55,0.0013427078755920121,/share/prj-4d/graphcast_shared/data/graphcast_activation_2020/layer0008_mesh_gnn_post_res_nodes_mesh_nodes_t2020-09-10T06.npy
2020-09-11T01:00:00.000000000.nc,2020-09-11 01:00:00,2020-09-11 00:00:00,2020,899,1.0,0,0.0,/share/prj-4d/graphcast_shared/data/graphcast_activation_2020/layer0008_mesh_gnn_post_res_nodes_mesh_nodes_t2020-09-11T00.npy
2020-09-12T17:00:00.000000000.nc,2020-09-12 17:00:00,2020-09-12 18:00:00,2020,906,1.0,55,0.0013427078755920121,/share/prj-4d/graphcast_shared/data/graphcast_activation_2020/layer0008_mesh_gnn_post_res_nodes_mesh_nodes_t2020-09-12T18.npy
2020-09-15T13:00:00.000000000.nc,2020-09-15 13:00:00,2020-09-15 12:00:00,2020,917,1.0,89,0.0021727454714125286,/share/prj-4d/graphcast_shared/data/graphcast_activation_2020/layer0008_mesh_gnn_post_res_nodes_mesh_nodes_t2020-09-15T12.npy
2020-09-16T16:00:00.000000000.nc,2020-09-16 16:00:00,2020-09-16 18:00:00,2020,922,2.0,136,0.0033201503832820663,/share/prj-4d/graphcast_shared/data/graphcast_activation_2020/layer0008_mesh_gnn_post_res_nodes_mesh_nodes_t2020-09-16T18.npy
2020-09-17T16:00:00.000000000.nc,2020-09-17 16:00:00,2020-09-17 18:00:00,2020,926,2.0,173,0.004223426590498511,/share/prj-4d/graphcast_shared/data/graphcast_activation_2020/layer0008_mesh_gnn_post_res_nodes_mesh_nodes_t2020-09-17T18.npy
2020-09-19T12:00:00.000000000.nc,2020-09-19 12:00:00,2020-09-19 12:00:00,2020,933,0.0,87,0.00212391973048191,/share/prj-4d/graphcast_shared/data/graphcast_activation_2020/layer0008_mesh_gnn_post_res_nodes_mesh_nodes_t2020-09-19T12.npy
2020-09-24T02:00:00.000000000.nc,2020-09-24 02:00:00,2020-09-24 00:00:00,2020,951,2.0,31,0.0007567989844245887,/share/prj-4d/graphcast_shared/data/graphcast_activation_2020/layer0008_mesh_gnn_post_res_nodes_mesh_nodes_t2020-09-24T00.npy
2020-09-24T09:00:00.000000000.nc,2020-09-24 09:00:00,2020-09-24 06:00:00,2020,952,3.0,31,0.0007567989844245887,/share/prj-4d/graphcast_shared/data/graphcast_activation_2020/layer0008_mesh_gnn_post_res_nodes_mesh_nodes_t2020-09-24T06.npy
2020-09-24T18:00:00.000000000.nc,2020-09-24 18:00:00,2020-09-24 18:00:00,2020,954,0.0,16,0.000390605927444949,/share/prj-4d/graphcast_shared/data/graphcast_activation_2020/layer0008_mesh_gnn_post_res_nodes_mesh_nodes_t2020-09-24T18.npy
2020-09-25T18:00:00.000000000.nc,2020-09-25 18:00:00,2020-09-25 18:00:00,2020,958,0.0,0,0.0,/share/prj-4d/graphcast_shared/data/graphcast_activation_2020/layer0008_mesh_gnn_post_res_nodes_mesh_nodes_t2020-09-25T18.npy
2020-09-26T11:00:00.000000000.nc,2020-09-26 11:00:00,2020-09-26 12:00:00,2020,961,1.0,0,0.0,/share/prj-4d/graphcast_shared/data/graphcast_activation_2020/layer0008_mesh_gnn_post_res_nodes_mesh_nodes_t2020-09-26T12.npy
2020-09-29T12:00:00.000000000.nc,2020-09-29 12:00:00,2020-09-29 12:00:00,2020,973,0.0,0,0.0,/share/prj-4d/graphcast_shared/data/graphcast_activation_2020/layer0008_mesh_gnn_post_res_nodes_mesh_nodes_t2020-09-29T12.npy
2020-09-30T15:00:00.000000000.nc,2020-09-30 15:00:00,2020-09-30 12:00:00,2020,977,3.0,0,0.0,/share/prj-4d/graphcast_shared/data/graphcast_activation_2020/layer0008_mesh_gnn_post_res_nodes_mesh_nodes_t2020-09-30T12.npy
2020-10-01T09:00:00.000000000.nc,2020-10-01 09:00:00,2020-10-01 06:00:00,2020,980,3.0,76,0.0018553781553635076,/share/prj-4d/graphcast_shared/data/graphcast_activation_2020/layer0008_mesh_gnn_post_res_nodes_mesh_nodes_t2020-10-01T06.npy
2020-10-01T14:00:00.000000000.nc,2020-10-01 14:00:00,2020-10-01 12:00:00,2020,981,2.0,37,0.0009032762072164445,/share/prj-4d/graphcast_shared/data/graphcast_activation_2020/layer0008_mesh_gnn_post_res_nodes_mesh_nodes_t2020-10-01T12.npy
2020-10-03T10:00:00.000000000.nc,2020-10-03 10:00:00,2020-10-03 12:00:00,2020,989,2.0,116,0.00283189297397588,/share/prj-4d/graphcast_shared/data/graphcast_activation_2020/layer0008_mesh_gnn_post_res_nodes_mesh_nodes_t2020-10-03T12.npy
2020-10-04T13:00:00.000000000.nc,2020-10-04 13:00:00,2020-10-04 12:00:00,2020,993,1.0,57,0.0013915336165226308,/share/prj-4d/graphcast_shared/data/graphcast_activation_2020/layer0008_mesh_gnn_post_res_nodes_mesh_nodes_t2020-10-04T12.npy
2020-10-05T08:00:00.000000000.nc,2020-10-05 08:00:00,2020-10-05 06:00:00,2020,996,2.0,109,0.002661002880718715,/share/prj-4d/graphcast_shared/data/graphcast_activation_2020/layer0008_mesh_gnn_post_res_nodes_mesh_nodes_t2020-10-05T06.npy
2020-10-05T22:00:00.000000000.nc,2020-10-05 22:00:00,2020-10-06 00:00:00,2020,999,2.0,144,0.003515453347004541,/share/prj-4d/graphcast_shared/data/graphcast_activation_2020/layer0008_mesh_gnn_post_res_nodes_mesh_nodes_t2020-10-06T00.npy
2020-10-06T05:00:00.000000000.nc,2020-10-06 05:00:00,2020-10-06 06:00:00,2020,1000,1.0,162,0.003954885015380109,/share/prj-4d/graphcast_shared/data/graphcast_activation_2020/layer0008_mesh_gnn_post_res_nodes_mesh_nodes_t2020-10-06T06.npy
2020-10-07T16:00:00.000000000.nc,2020-10-07 16:00:00,2020-10-07 18:00:00,2020,1006,2.0,186,0.004540793906547532,/share/prj-4d/graphcast_shared/data/graphcast_activation_2020/layer0008_mesh_gnn_post_res_nodes_mesh_nodes_t2020-10-07T18.npy
2020-10-07T18:00:00.000000000.nc,2020-10-07 18:00:00,2020-10-07 18:00:00,2020,1006,0.0,64,0.001562423709779796,/share/prj-4d/graphcast_shared/data/graphcast_activation_2020/layer0008_mesh_gnn_post_res_nodes_mesh_nodes_t2020-10-07T18.npy
2020-10-08T00:00:00.000000000.nc,2020-10-08 00:00:00,2020-10-08 00:00:00,2020,1007,0.0,140,0.0034178018651433036,/share/prj-4d/graphcast_shared/data/graphcast_activation_2020/layer0008_mesh_gnn_post_res_nodes_mesh_nodes_t2020-10-08T00.npy
2020-10-09T15:00:00.000000000.nc,2020-10-09 15:00:00,2020-10-09 12:00:00,2020,1013,3.0,53,0.0012938821346613935,/share/prj-4d/graphcast_shared/data/graphcast_activation_2020/layer0008_mesh_gnn_post_res_nodes_mesh_nodes_t2020-10-09T12.npy
2020-10-11T04:00:00.000000000.nc,2020-10-11 04:00:00,2020-10-11 06:00:00,2020,1020,2.0,38,0.0009276890776817538,/share/prj-4d/graphcast_shared/data/graphcast_activation_2020/layer0008_mesh_gnn_post_res_nodes_mesh_nodes_t2020-10-11T06.npy
2020-10-12T06:00:00.000000000.nc,2020-10-12 06:00:00,2020-10-12 06:00:00,2020,1024,0.0,0,0.0,/share/prj-4d/graphcast_shared/data/graphcast_activation_2020/layer0008_mesh_gnn_post_res_nodes_mesh_nodes_t2020-10-12T06.npy
2020-10-17T18:00:00.000000000.nc,2020-10-17 18:00:00,2020-10-17 18:00:00,2020,1046,0.0,0,0.0,/share/prj-4d/graphcast_shared/data/graphcast_activation_2020/layer0008_mesh_gnn_post_res_nodes_mesh_nodes_t2020-10-17T18.npy
2020-10-21T07:00:00.000000000.nc,2020-10-21 07:00:00,2020-10-21 06:00:00,2020,1060,1.0,78,0.0019042038962941263,/share/prj-4d/graphcast_shared/data/graphcast_activation_2020/layer0008_mesh_gnn_post_res_nodes_mesh_nodes_t2020-10-21T06.npy
2020-10-21T23:00:00.000000000.nc,2020-10-21 23:00:00,2020-10-22 00:00:00,2020,1063,1.0,162,0.003954885015380109,/share/prj-4d/graphcast_shared/data/graphcast_activation_2020/layer0008_mesh_gnn_post_res_nodes_mesh_nodes_t2020-10-22T00.npy
2020-10-23T03:00:00.000000000.nc,2020-10-23 03:00:00,2020-10-23 00:00:00,2020,1067,3.0,60,0.0014647722279185586,/share/prj-4d/graphcast_shared/data/graphcast_activation_2020/layer0008_mesh_gnn_post_res_nodes_mesh_nodes_t2020-10-23T00.npy
2020-10-24T05:00:00.000000000.nc,2020-10-24 05:00:00,2020-10-24 06:00:00,2020,1072,1.0,162,0.003954885015380109,/share/prj-4d/graphcast_shared/data/graphcast_activation_2020/layer0008_mesh_gnn_post_res_nodes_mesh_nodes_t2020-10-24T06.npy
2020-10-27T05:00:00.000000000.nc,2020-10-27 05:00:00,2020-10-27 06:00:00,2020,1084,1.0,209,0.005102289927249646,/share/prj-4d/graphcast_shared/data/graphcast_activation_2020/layer0008_mesh_gnn_post_res_nodes_mesh_nodes_t2020-10-27T06.npy
2020-10-27T23:00:00.000000000.nc,2020-10-27 23:00:00,2020-10-28 00:00:00,2020,1087,1.0,83,0.002026268248620673,/share/prj-4d/graphcast_shared/data/graphcast_activation_2020/layer0008_mesh_gnn_post_res_nodes_mesh_nodes_t2020-10-28T00.npy
2020-10-29T00:00:00.000000000.nc,2020-10-29 00:00:00,2020-10-29 00:00:00,2020,1091,0.0,0,0.0,/share/prj-4d/graphcast_shared/data/graphcast_activation_2020/layer0008_mesh_gnn_post_res_nodes_mesh_nodes_t2020-10-29T00.npy
2020-11-03T07:00:00.000000000.nc,2020-11-03 07:00:00,2020-11-03 06:00:00,2020,1112,1.0,55,0.0013427078755920121,/share/prj-4d/graphcast_shared/data/graphcast_activation_2020/layer0008_mesh_gnn_post_res_nodes_mesh_nodes_t2020-11-03T06.npy
2020-11-04T00:00:00.000000000.nc,2020-11-04 00:00:00,2020-11-04 00:00:00,2020,1115,0.0,122,0.002978370196767736,/share/prj-4d/graphcast_shared/data/graphcast_activation_2020/layer0008_mesh_gnn_post_res_nodes_mesh_nodes_t2020-11-04T00.npy
2020-11-05T00:00:00.000000000.nc,2020-11-05 00:00:00,2020-11-05 00:00:00,2020,1119,0.0,13,0.00031736731604902103,/share/prj-4d/graphcast_shared/data/graphcast_activation_2020/layer0008_mesh_gnn_post_res_nodes_mesh_nodes_t2020-11-05T00.npy
2020-11-05T21:00:00.000000000.nc,2020-11-05 21:00:00,2020-11-05 18:00:00,2020,1122,3.0,0,0.0,/share/prj-4d/graphcast_shared/data/graphcast_activation_2020/layer0008_mesh_gnn_post_res_nodes_mesh_nodes_t2020-11-05T18.npy
2020-11-06T06:00:00.000000000.nc,2020-11-06 06:00:00,2020-11-06 06:00:00,2020,1124,0.0,12,0.00029295444558371175,/share/prj-4d/graphcast_shared/data/graphcast_activation_2020/layer0008_mesh_gnn_post_res_nodes_mesh_nodes_t2020-11-06T06.npy
2020-11-07T05:00:00.000000000.nc,2020-11-07 05:00:00,2020-11-07 06:00:00,2020,1128,1.0,0,0.0,/share/prj-4d/graphcast_shared/data/graphcast_activation_2020/layer0008_mesh_gnn_post_res_nodes_mesh_nodes_t2020-11-07T06.npy
2020-11-09T06:00:00.000000000.nc,2020-11-09 06:00:00,2020-11-09 06:00:00,2020,1136,0.0,114,0.0027830672330452617,/share/prj-4d/graphcast_shared/data/graphcast_activation_2020/layer0008_mesh_gnn_post_res_nodes_mesh_nodes_t2020-11-09T06.npy
2020-11-11T08:00:00.000000000.nc,2020-11-11 08:00:00,2020-11-11 06:00:00,2020,1144,2.0,69,0.0016844880621063425,/share/prj-4d/graphcast_shared/data/graphcast_activation_2020/layer0008_mesh_gnn_post_res_nodes_mesh_nodes_t2020-11-11T06.npy
2020-11-14T14:00:00.000000000.nc,2020-11-14 14:00:00,2020-11-14 12:00:00,2020,1157,2.0,34,0.0008300375958205166,/share/prj-4d/graphcast_shared/data/graphcast_activation_2020/layer0008_mesh_gnn_post_res_nodes_mesh_nodes_t2020-11-14T12.npy
2020-11-18T14:00:00.000000000.nc,2020-11-18 14:00:00,2020-11-18 12:00:00,2020,1173,2.0,0,0.0,/share/prj-4d/graphcast_shared/data/graphcast_activation_2020/layer0008_mesh_gnn_post_res_nodes_mesh_nodes_t2020-11-18T12.npy
2020-11-20T21:00:00.000000000.nc,2020-11-20 21:00:00,2020-11-20 18:00:00,2020,1182,3.0,0,0.0,/share/prj-4d/graphcast_shared/data/graphcast_activation_2020/layer0008_mesh_gnn_post_res_nodes_mesh_nodes_t2020-11-20T18.npy
2020-11-21T06:00:00.000000000.nc,2020-11-21 06:00:00,2020-11-21 06:00:00,2020,1184,0.0,0,0.0,/share/prj-4d/graphcast_shared/data/graphcast_activation_2020/layer0008_mesh_gnn_post_res_nodes_mesh_nodes_t2020-11-21T06.npy
2020-11-21T21:00:00.000000000.nc,2020-11-21 21:00:00,2020-11-21 18:00:00,2020,1186,3.0,0,0.0,/share/prj-4d/graphcast_shared/data/graphcast_activation_2020/layer0008_mesh_gnn_post_res_nodes_mesh_nodes_t2020-11-21T18.npy
2020-11-22T03:00:00.000000000.nc,2020-11-22 03:00:00,2020-11-22 00:00:00,2020,1187,3.0,0,0.0,/share/prj-4d/graphcast_shared/data/graphcast_activation_2020/layer0008_mesh_gnn_post_res_nodes_mesh_nodes_t2020-11-22T00.npy
2020-11-23T12:00:00.000000000.nc,2020-11-23 12:00:00,2020-11-23 12:00:00,2020,1193,0.0,0,0.0,/share/prj-4d/graphcast_shared/data/graphcast_activation_2020/layer0008_mesh_gnn_post_res_nodes_mesh_nodes_t2020-11-23T12.npy
2020-11-24T23:00:00.000000000.nc,2020-11-24 23:00:00,2020-11-25 00:00:00,2020,1199,1.0,83,0.002026268248620673,/share/prj-4d/graphcast_shared/data/graphcast_activation_2020/layer0008_mesh_gnn_post_res_nodes_mesh_nodes_t2020-11-25T00.npy
2020-11-26T06:00:00.000000000.nc,2020-11-26 06:00:00,2020-11-26 06:00:00,2020,1204,0.0,54,0.0013182950051267028,/share/prj-4d/graphcast_shared/data/graphcast_activation_2020/layer0008_mesh_gnn_post_res_nodes_mesh_nodes_t2020-11-26T06.npy
2020-11-26T17:00:00.000000000.nc,2020-11-26 17:00:00,2020-11-26 18:00:00,2020,1206,1.0,0,0.0,/share/prj-4d/graphcast_shared/data/graphcast_activation_2020/layer0008_mesh_gnn_post_res_nodes_mesh_nodes_t2020-11-26T18.npy
2020-11-27T16:00:00.000000000.nc,2020-11-27 16:00:00,2020-11-27 18:00:00,2020,1210,2.0,0,0.0,/share/prj-4d/graphcast_shared/data/graphcast_activation_2020/layer0008_mesh_gnn_post_res_nodes_mesh_nodes_t2020-11-27T18.npy
2020-11-28T21:00:00.000000000.nc,2020-11-28 21:00:00,2020-11-28 18:00:00,2020,1214,3.0,0,0.0,/share/prj-4d/graphcast_shared/data/graphcast_activation_2020/layer0008_mesh_gnn_post_res_nodes_mesh_nodes_t2020-11-28T18.npy
2020-11-29T00:00:00.000000000.nc,2020-11-29 00:00:00,2020-11-29 00:00:00,2020,1215,0.0,0,0.0,/share/prj-4d/graphcast_shared/data/graphcast_activation_2020/layer0008_mesh_gnn_post_res_nodes_mesh_nodes_t2020-11-29T00.npy
2020-12-03T10:00:00.000000000.nc,2020-12-03 10:00:00,2020-12-03 12:00:00,2020,1233,2.0,0,0.0,/share/prj-4d/graphcast_shared/data/graphcast_activation_2020/layer0008_mesh_gnn_post_res_nodes_mesh_nodes_t2020-12-03T12.npy
2020-12-04T10:00:00.000000000.nc,2020-12-04 10:00:00,2020-12-04 12:00:00,2020,1237,2.0,0,0.0,/share/prj-4d/graphcast_shared/data/graphcast_activation_2020/layer0008_mesh_gnn_post_res_nodes_mesh_nodes_t2020-12-04T12.npy
2020-12-04T11:00:00.000000000.nc,2020-12-04 11:00:00,2020-12-04 12:00:00,2020,1237,1.0,0,0.0,/share/prj-4d/graphcast_shared/data/graphcast_activation_2020/layer0008_mesh_gnn_post_res_nodes_mesh_nodes_t2020-12-04T12.npy
2020-12-06T19:00:00.000000000.nc,2020-12-06 19:00:00,2020-12-06 18:00:00,2020,1246,1.0,0,0.0,/share/prj-4d/graphcast_shared/data/graphcast_activation_2020/layer0008_mesh_gnn_post_res_nodes_mesh_nodes_t2020-12-06T18.npy
2020-12-06T20:00:00.000000000.nc,2020-12-06 20:00:00,2020-12-06 18:00:00,2020,1246,2.0,0,0.0,/share/prj-4d/graphcast_shared/data/graphcast_activation_2020/layer0008_mesh_gnn_post_res_nodes_mesh_nodes_t2020-12-06T18.npy
2020-12-07T11:00:00.000000000.nc,2020-12-07 11:00:00,2020-12-07 12:00:00,2020,1249,1.0,0,0.0,/share/prj-4d/graphcast_shared/data/graphcast_activation_2020/layer0008_mesh_gnn_post_res_nodes_mesh_nodes_t2020-12-07T12.npy
2020-12-11T10:00:00.000000000.nc,2020-12-11 10:00:00,2020-12-11 12:00:00,2020,1265,2.0,0,0.0,/share/prj-4d/graphcast_shared/data/graphcast_activation_2020/layer0008_mesh_gnn_post_res_nodes_mesh_nodes_t2020-12-11T12.npy
2020-12-12T08:00:00.000000000.nc,2020-12-12 08:00:00,2020-12-12 06:00:00,2020,1268,2.0,0,0.0,/share/prj-4d/graphcast_shared/data/graphcast_activation_2020/layer0008_mesh_gnn_post_res_nodes_mesh_nodes_t2020-12-12T06.npy
2020-12-14T01:00:00.000000000.nc,2020-12-14 01:00:00,2020-12-14 00:00:00,2020,1275,1.0,38,0.0009276890776817538,/share/prj-4d/graphcast_shared/data/graphcast_activation_2020/layer0008_mesh_gnn_post_res_nodes_mesh_nodes_t2020-12-14T00.npy
2020-12-14T02:00:00.000000000.nc,2020-12-14 02:00:00,2020-12-14 00:00:00,2020,1275,2.0,63,0.0015380108393144866,/share/prj-4d/graphcast_shared/data/graphcast_activation_2020/layer0008_mesh_gnn_post_res_nodes_mesh_nodes_t2020-12-14T00.npy
2020-12-14T21:00:00.000000000.nc,2020-12-14 21:00:00,2020-12-14 18:00:00,2020,1278,3.0,35,0.0008544504662858259,/share/prj-4d/graphcast_shared/data/graphcast_activation_2020/layer0008_mesh_gnn_post_res_nodes_mesh_nodes_t2020-12-14T18.npy
2020-12-16T15:00:00.000000000.nc,2020-12-16 15:00:00,2020-12-16 12:00:00,2020,1285,3.0,61,0.001489185098383868,/share/prj-4d/graphcast_shared/data/graphcast_activation_2020/layer0008_mesh_gnn_post_res_nodes_mesh_nodes_t2020-12-16T12.npy
2020-12-19T10:00:00.000000000.nc,2020-12-19 10:00:00,2020-12-19 12:00:00,2020,1297,2.0,168,0.004101362238171965,/share/prj-4d/graphcast_shared/data/graphcast_activation_2020/layer0008_mesh_gnn_post_res_nodes_mesh_nodes_t2020-12-19T12.npy
2020-12-21T21:00:00.000000000.nc,2020-12-21 21:00:00,2020-12-21 18:00:00,2020,1306,3.0,0,0.0,/share/prj-4d/graphcast_shared/data/graphcast_activation_2020/layer0008_mesh_gnn_post_res_nodes_mesh_nodes_t2020-12-21T18.npy
2020-12-22T12:00:00.000000000.nc,2020-12-22 12:00:00,2020-12-22 12:00:00,2020,1309,0.0,0,0.0,/share/prj-4d/graphcast_shared/data/graphcast_activation_2020/layer0008_mesh_gnn_post_res_nodes_mesh_nodes_t2020-12-22T12.npy
2020-12-22T15:00:00.000000000.nc,2020-12-22 15:00:00,2020-12-22 12:00:00,2020,1309,3.0,0,0.0,/share/prj-4d/graphcast_shared/data/graphcast_activation_2020/layer0008_mesh_gnn_post_res_nodes_mesh_nodes_t2020-12-22T12.npy
2020-12-24T23:00:00.000000000.nc,2020-12-24 23:00:00,2020-12-25 00:00:00,2020,1319,1.0,0,0.0,/share/prj-4d/graphcast_shared/data/graphcast_activation_2020/layer0008_mesh_gnn_post_res_nodes_mesh_nodes_t2020-12-25T00.npy
2020-12-25T21:00:00.000000000.nc,2020-12-25 21:00:00,2020-12-25 18:00:00,2020,1322,3.0,0,0.0,/share/prj-4d/graphcast_shared/data/graphcast_activation_2020/layer0008_mesh_gnn_post_res_nodes_mesh_nodes_t2020-12-25T18.npy
2020-12-26T09:00:00.000000000.nc,2020-12-26 09:00:00,2020-12-26 06:00:00,2020,1324,3.0,0,0.0,/share/prj-4d/graphcast_shared/data/graphcast_activation_2020/layer0008_mesh_gnn_post_res_nodes_mesh_nodes_t2020-12-26T06.npy
2020-12-26T10:00:00.000000000.nc,2020-12-26 10:00:00,2020-12-26 12:00:00,2020,1325,2.0,0,0.0,/share/prj-4d/graphcast_shared/data/graphcast_activation_2020/layer0008_mesh_gnn_post_res_nodes_mesh_nodes_t2020-12-26T12.npy
2020-12-30T19:00:00.000000000.nc,2020-12-30 19:00:00,2020-12-30 18:00:00,2020,1342,1.0,0,0.0,/share/prj-4d/graphcast_shared/data/graphcast_activation_2020/layer0008_mesh_gnn_post_res_nodes_mesh_nodes_t2020-12-30T18.npy
2020-12-31T07:00:00.000000000.nc,2020-12-31 07:00:00,2020-12-31 06:00:00,2020,1344,1.0,0,0.0,/share/prj-4d/graphcast_shared/data/graphcast_activation_2020/layer0008_mesh_gnn_post_res_nodes_mesh_nodes_t2020-12-31T06.npy
2020-12-31T09:00:00.000000000.nc,2020-12-31 09:00:00,2020-12-31 06:00:00,2020,1344,3.0,0,0.0,/share/prj-4d/graphcast_shared/data/graphcast_activation_2020/layer0008_mesh_gnn_post_res_nodes_mesh_nodes_t2020-12-31T06.npy
2021-01-03T05:00:00.000000000.nc,2021-01-03 05:00:00,2021-01-03 06:00:00,2021,1376,1.0,38,0.0009276890776817538,/share/prj-4d/graphcast_shared/data/graphcast_activation_2021/layer0015_mesh_gnn_post_res_nodes_mesh_nodes_t2021-01-03T06.npy
2021-01-03T20:00:00.000000000.nc,2021-01-03 20:00:00,2021-01-03 18:00:00,2021,1378,2.0,22,0.0005370831502368048,/share/prj-4d/graphcast_shared/data/graphcast_activation_2021/layer0008_mesh_gnn_post_res_nodes_mesh_nodes_t2021-01-03T18.npy
2021-01-05T23:00:00.000000000.nc,2021-01-05 23:00:00,2021-01-06 00:00:00,2021,1387,1.0,0,0.0,/share/prj-4d/graphcast_shared/data/graphcast_activation_2021/layer0008_mesh_gnn_post_res_nodes_mesh_nodes_t2021-01-06T00.npy
2021-01-07T23:00:00.000000000.nc,2021-01-07 23:00:00,2021-01-08 00:00:00,2021,1395,1.0,0,0.0,/share/prj-4d/graphcast_shared/data/graphcast_activation_2021/layer0008_mesh_gnn_post_res_nodes_mesh_nodes_t2021-01-08T00.npy
2021-01-10T16:00:00.000000000.nc,2021-01-10 16:00:00,2021-01-10 18:00:00,2021,1406,2.0,64,0.001562423709779796,/share/prj-4d/graphcast_shared/data/graphcast_activation_2021/layer0008_mesh_gnn_post_res_nodes_mesh_nodes_t2021-01-10T18.npy
2021-01-14T01:00:00.000000000.nc,2021-01-14 01:00:00,2021-01-14 00:00:00,2021,1419,1.0,40,0.0009765148186123725,/share/prj-4d/graphcast_shared/data/graphcast_activation_2021/layer0008_mesh_gnn_post_res_nodes_mesh_nodes_t2021-01-14T00.npy
2021-01-14T05:00:00.000000000.nc,2021-01-14 05:00:00,2021-01-14 06:00:00,2021,1420,1.0,22,0.0005370831502368048,/share/prj-4d/graphcast_shared/data/graphcast_activation_2021/layer0008_mesh_gnn_post_res_nodes_mesh_nodes_t2021-01-14T06.npy
2021-01-14T22:00:00.000000000.nc,2021-01-14 22:00:00,2021-01-15 00:00:00,2021,1423,2.0,20,0.00048825740930618625,/share/prj-4d/graphcast_shared/data/graphcast_activation_2021/layer0008_mesh_gnn_post_res_nodes_mesh_nodes_t2021-01-15T00.npy
2021-01-17T21:00:00.000000000.nc,2021-01-17 21:00:00,2021-01-17 18:00:00,2021,1434,3.0,50,0.0012206435232654655,/share/prj-4d/graphcast_shared/data/graphcast_activation_2021/layer0008_mesh_gnn_post_res_nodes_mesh_nodes_t2021-01-17T18.npy
2021-01-18T16:00:00.000000000.nc,2021-01-18 16:00:00,2021-01-18 18:00:00,2021,1438,2.0,34,0.0008300375958205166,/share/prj-4d/graphcast_shared/data/graphcast_activation_2021/layer0008_mesh_gnn_post_res_nodes_mesh_nodes_t2021-01-18T18.npy
2021-01-22T21:00:00.000000000.nc,2021-01-22 21:00:00,2021-01-22 18:00:00,2021,1454,3.0,53,0.0012938821346613935,/share/prj-4d/graphcast_shared/data/graphcast_activation_2021/layer0008_mesh_gnn_post_res_nodes_mesh_nodes_t2021-01-22T18.npy
2021-01-24T14:00:00.000000000.nc,2021-01-24 14:00:00,2021-01-24 12:00:00,2021,1461,2.0,35,0.0008544504662858259,/share/prj-4d/graphcast_shared/data/graphcast_activation_2021/layer0008_mesh_gnn_post_res_nodes_mesh_nodes_t2021-01-24T12.npy
2021-01-25T17:00:00.000000000.nc,2021-01-25 17:00:00,2021-01-25 18:00:00,2021,1466,1.0,20,0.00048825740930618625,/share/prj-4d/graphcast_shared/data/graphcast_activation_2021/layer0008_mesh_gnn_post_res_nodes_mesh_nodes_t2021-01-25T18.npy
2021-01-27T01:00:00.000000000.nc,2021-01-27 01:00:00,2021-01-27 00:00:00,2021,1471,1.0,0,0.0,/share/prj-4d/graphcast_shared/data/graphcast_activation_2021/layer0008_mesh_gnn_post_res_nodes_mesh_nodes_t2021-01-27T00.npy
2021-01-27T12:00:00.000000000.nc,2021-01-27 12:00:00,2021-01-27 12:00:00,2021,1473,0.0,0,0.0,/share/prj-4d/graphcast_shared/data/graphcast_activation_2021/layer0008_mesh_gnn_post_res_nodes_mesh_nodes_t2021-01-27T12.npy
2021-01-27T13:00:00.000000000.nc,2021-01-27 13:00:00,2021-01-27 12:00:00,2021,1473,1.0,0,0.0,/share/prj-4d/graphcast_shared/data/graphcast_activation_2021/layer0008_mesh_gnn_post_res_nodes_mesh_nodes_t2021-01-27T12.npy
2021-01-29T02:00:00.000000000.nc,2021-01-29 02:00:00,2021-01-29 00:00:00,2021,1479,2.0,49,0.0011962306528001563,/share/prj-4d/graphcast_shared/data/graphcast_activation_2021/layer0008_mesh_gnn_post_res_nodes_mesh_nodes_t2021-01-29T00.npy
2021-02-01T04:00:00.000000000.nc,2021-02-01 04:00:00,2021-02-01 06:00:00,2021,1492,2.0,65,0.0015868365802451053,/share/prj-4d/graphcast_shared/data/graphcast_activation_2021/layer0008_mesh_gnn_post_res_nodes_mesh_nodes_t2021-02-01T06.npy
2021-02-02T03:00:00.000000000.nc,2021-02-02 03:00:00,2021-02-02 00:00:00,2021,1495,3.0,0,0.0,/share/prj-4d/graphcast_shared/data/graphcast_activation_2021/layer0008_mesh_gnn_post_res_nodes_mesh_nodes_t2021-02-02T00.npy
2021-02-03T19:00:00.000000000.nc,2021-02-03 19:00:00,2021-02-03 18:00:00,2021,1502,1.0,74,0.001806552414432889,/share/prj-4d/graphcast_shared/data/graphcast_activation_2021/layer0008_mesh_gnn_post_res_nodes_mesh_nodes_t2021-02-03T18.npy
2021-02-06T15:00:00.000000000.nc,2021-02-06 15:00:00,2021-02-06 12:00:00,2021,1513,3.0,0,0.0,/share/prj-4d/graphcast_shared/data/graphcast_activation_2021/layer0008_mesh_gnn_post_res_nodes_mesh_nodes_t2021-02-06T12.npy
2021-02-09T05:00:00.000000000.nc,2021-02-09 05:00:00,2021-02-09 06:00:00,2021,1524,1.0,67,0.0016356623211757238,/share/prj-4d/graphcast_shared/data/graphcast_activation_2021/layer0008_mesh_gnn_post_res_nodes_mesh_nodes_t2021-02-09T06.npy
2021-02-09T17:00:00.000000000.nc,2021-02-09 17:00:00,2021-02-09 18:00:00,2021,1526,1.0,55,0.0013427078755920121,/share/prj-4d/graphcast_shared/data/graphcast_activation_2021/layer0008_mesh_gnn_post_res_nodes_mesh_nodes_t2021-02-09T18.npy
2021-02-10T06:00:00.000000000.nc,2021-02-10 06:00:00,2021-02-10 06:00:00,2021,1528,0.0,75,0.0018309652848981983,/share/prj-4d/graphcast_shared/data/graphcast_activation_2021/layer0008_mesh_gnn_post_res_nodes_mesh_nodes_t2021-02-10T06.npy
2021-02-10T12:00:00.000000000.nc,2021-02-10 12:00:00,2021-02-10 12:00:00,2021,1529,0.0,24,0.0005859088911674235,/share/prj-4d/graphcast_shared/data/graphcast_activation_2021/layer0008_mesh_gnn_post_res_nodes_mesh_nodes_t2021-02-10T12.npy
2021-02-10T18:00:00.000000000.nc,2021-02-10 18:00:00,2021-02-10 18:00:00,2021,1530,0.0,57,0.0013915336165226308,/share/prj-4d/graphcast_shared/data/graphcast_activation_2021/layer0008_mesh_gnn_post_res_nodes_mesh_nodes_t2021-02-10T18.npy
2021-02-11T11:00:00.000000000.nc,2021-02-11 11:00:00,2021-02-11 12:00:00,2021,1533,1.0,0,0.0,/share/prj-4d/graphcast_shared/data/graphcast_activation_2021/layer0008_mesh_gnn_post_res_nodes_mesh_nodes_t2021-02-11T12.npy
2021-02-12T05:00:00.000000000.nc,2021-02-12 05:00:00,2021-02-12 06:00:00,2021,1536,1.0,0,0.0,/share/prj-4d/graphcast_shared/data/graphcast_activation_2021/layer0008_mesh_gnn_post_res_nodes_mesh_nodes_t2021-02-12T06.npy
2021-02-13T00:00:00.000000000.nc,2021-02-13 00:00:00,2021-02-13 00:00:00,2021,1539,0.0,20,0.00048825740930618625,/share/prj-4d/graphcast_shared/data/graphcast_activation_2021/layer0008_mesh_gnn_post_res_nodes_mesh_nodes_t2021-02-13T00.npy
2021-02-15T09:00:00.000000000.nc,2021-02-15 09:00:00,2021-02-15 06:00:00,2021,1548,3.0,47,0.0011474049118695376,/share/prj-4d/graphcast_shared/data/graphcast_activation_2021/layer0008_mesh_gnn_post_res_nodes_mesh_nodes_t2021-02-15T06.npy
2021-02-16T15:00:00.000000000.nc,2021-02-16 15:00:00,2021-02-16 12:00:00,2021,1553,3.0,0,0.0,/share/prj-4d/graphcast_shared/data/graphcast_activation_2021/layer0008_mesh_gnn_post_res_nodes_mesh_nodes_t2021-02-16T12.npy
2021-02-17T03:00:00.000000000.nc,2021-02-17 03:00:00,2021-02-17 00:00:00,2021,1555,3.0,0,0.0,/share/prj-4d/graphcast_shared/data/graphcast_activation_2021/layer0008_mesh_gnn_post_res_nodes_mesh_nodes_t2021-02-17T00.npy
2021-02-17T17:00:00.000000000.nc,2021-02-17 17:00:00,2021-02-17 18:00:00,2021,1558,1.0,0,0.0,/share/prj-4d/graphcast_shared/data/graphcast_activation_2021/layer0008_mesh_gnn_post_res_nodes_mesh_nodes_t2021-02-17T18.npy
2021-02-28T08:00:00.000000000.nc,2021-02-28 08:00:00,2021-02-28 06:00:00,2021,1600,2.0,72,0.0017577266735022705,/share/prj-4d/graphcast_shared/data/graphcast_activation_2021/layer0008_mesh_gnn_post_res_nodes_mesh_nodes_t2021-02-28T06.npy
2021-03-04T19:00:00.000000000.nc,2021-03-04 19:00:00,2021-03-04 18:00:00,2021,1618,1.0,55,0.0013427078755920121,/share/prj-4d/graphcast_shared/data/graphcast_activation_2021/layer0008_mesh_gnn_post_res_nodes_mesh_nodes_t2021-03-04T18.npy
2021-03-06T11:00:00.000000000.nc,2021-03-06 11:00:00,2021-03-06 12:00:00,2021,1625,1.0,0,0.0,/share/prj-4d/graphcast_shared/data/graphcast_activation_2021/layer0008_mesh_gnn_post_res_nodes_mesh_nodes_t2021-03-06T12.npy
2021-03-10T06:00:00.000000000.nc,2021-03-10 06:00:00,2021-03-10 06:00:00,2021,1640,0.0,37,0.0009032762072164445,/share/prj-4d/graphcast_shared/data/graphcast_activation_2021/layer0008_mesh_gnn_post_res_nodes_mesh_nodes_t2021-03-10T06.npy
2021-03-11T00:00:00.000000000.nc,2021-03-11 00:00:00,2021-03-11 00:00:00,2021,1643,0.0,24,0.0005859088911674235,/share/prj-4d/graphcast_shared/data/graphcast_activation_2021/layer0008_mesh_gnn_post_res_nodes_mesh_nodes_t2021-03-11T00.npy
2021-03-12T00:00:00.000000000.nc,2021-03-12 00:00:00,2021-03-12 00:00:00,2021,1647,0.0,14,0.00034178018651433037,/share/prj-4d/graphcast_shared/data/graphcast_activation_2021/layer0008_mesh_gnn_post_res_nodes_mesh_nodes_t2021-03-12T00.npy
2021-03-14T05:00:00.000000000.nc,2021-03-14 05:00:00,2021-03-14 06:00:00,2021,1656,1.0,30,0.0007323861139592793,/share/prj-4d/graphcast_shared/data/graphcast_activation_2021/layer0008_mesh_gnn_post_res_nodes_mesh_nodes_t2021-03-14T06.npy
2021-03-15T20:00:00.000000000.nc,2021-03-15 20:00:00,2021-03-15 18:00:00,2021,1662,2.0,27,0.0006591475025633514,/share/prj-4d/graphcast_shared/data/graphcast_activation_2021/layer0008_mesh_gnn_post_res_nodes_mesh_nodes_t2021-03-15T18.npy
2021-03-16T00:00:00.000000000.nc,2021-03-16 00:00:00,2021-03-16 00:00:00,2021,1663,0.0,0,0.0,/share/prj-4d/graphcast_shared/data/graphcast_activation_2021/layer0008_mesh_gnn_post_res_nodes_mesh_nodes_t2021-03-16T00.npy
2021-03-16T08:00:00.000000000.nc,2021-03-16 08:00:00,2021-03-16 06:00:00,2021,1664,2.0,17,0.0004150187979102583,/share/prj-4d/graphcast_shared/data/graphcast_activation_2021/layer0008_mesh_gnn_post_res_nodes_mesh_nodes_t2021-03-16T06.npy
2021-03-17T03:00:00.000000000.nc,2021-03-17 03:00:00,2021-03-17 00:00:00,2021,1667,3.0,0,0.0,/share/prj-4d/graphcast_shared/data/graphcast_activation_2021/layer0008_mesh_gnn_post_res_nodes_mesh_nodes_t2021-03-17T00.npy
2021-03-18T01:00:00.000000000.nc,2021-03-18 01:00:00,2021-03-18 00:00:00,2021,1671,1.0,0,0.0,/share/prj-4d/graphcast_shared/data/graphcast_activation_2021/layer0008_mesh_gnn_post_res_nodes_mesh_nodes_t2021-03-18T00.npy
2021-03-23T04:00:00.000000000.nc,2021-03-23 04:00:00,2021-03-23 06:00:00,2021,1692,2.0,0,0.0,/share/prj-4d/graphcast_shared/data/graphcast_activation_2021/layer0008_mesh_gnn_post_res_nodes_mesh_nodes_t2021-03-23T06.npy
2021-03-26T08:00:00.000000000.nc,2021-03-26 08:00:00,2021-03-26 06:00:00,2021,1704,2.0,0,0.0,/share/prj-4d/graphcast_shared/data/graphcast_activation_2021/layer0008_mesh_gnn_post_res_nodes_mesh_nodes_t2021-03-26T06.npy
2021-03-26T09:00:00.000000000.nc,2021-03-26 09:00:00,2021-03-26 06:00:00,2021,1704,3.0,0,0.0,/share/prj-4d/graphcast_shared/data/graphcast_activation_2021/layer0008_mesh_gnn_post_res_nodes_mesh_nodes_t2021-03-26T06.npy
2021-03-28T11:00:00.000000000.nc,2021-03-28 11:00:00,2021-03-28 12:00:00,2021,1713,1.0,0,0.0,/share/prj-4d/graphcast_shared/data/graphcast_activation_2021/layer0008_mesh_gnn_post_res_nodes_mesh_nodes_t2021-03-28T12.npy
2021-03-28T15:00:00.000000000.nc,2021-03-28 15:00:00,2021-03-28 12:00:00,2021,1713,3.0,0,0.0,/share/prj-4d/graphcast_shared/data/graphcast_activation_2021/layer0008_mesh_gnn_post_res_nodes_mesh_nodes_t2021-03-28T12.npy
2021-03-30T08:00:00.000000000.nc,2021-03-30 08:00:00,2021-03-30 06:00:00,2021,1720,2.0,0,0.0,/share/prj-4d/graphcast_shared/data/graphcast_activation_2021/layer0008_mesh_gnn_post_res_nodes_mesh_nodes_t2021-03-30T06.npy
2021-04-04T01:00:00.000000000.nc,2021-04-04 01:00:00,2021-04-04 00:00:00,2021,1739,1.0,51,0.0012450563937307748,/share/prj-4d/graphcast_shared/data/graphcast_activation_2021/layer0008_mesh_gnn_post_res_nodes_mesh_nodes_t2021-04-04T00.npy
2021-04-04T05:00:00.000000000.nc,2021-04-04 05:00:00,2021-04-04 06:00:00,2021,1740,1.0,77,0.001879791025828817,/share/prj-4d/graphcast_shared/data/graphcast_activation_2021/layer0008_mesh_gnn_post_res_nodes_mesh_nodes_t2021-04-04T06.npy
2021-04-08T16:00:00.000000000.nc,2021-04-08 16:00:00,2021-04-08 18:00:00,2021,1758,2.0,77,0.001879791025828817,/share/prj-4d/graphcast_shared/data/graphcast_activation_2021/layer0008_mesh_gnn_post_res_nodes_mesh_nodes_t2021-04-08T18.npy
2021-04-08T19:00:00.000000000.nc,2021-04-08 19:00:00,2021-04-08 18:00:00,2021,1758,1.0,0,0.0,/share/prj-4d/graphcast_shared/data/graphcast_activation_2021/layer0008_mesh_gnn_post_res_nodes_mesh_nodes_t2021-04-08T18.npy
2021-04-09T00:00:00.000000000.nc,2021-04-09 00:00:00,2021-04-09 00:00:00,2021,1759,0.0,40,0.0009765148186123725,/share/prj-4d/graphcast_shared/data/graphcast_activation_2021/layer0008_mesh_gnn_post_res_nodes_mesh_nodes_t2021-04-09T00.npy
2021-04-09T07:00:00.000000000.nc,2021-04-09 07:00:00,2021-04-09 06:00:00,2021,1760,1.0,29,0.00070797324349397,/share/prj-4d/graphcast_shared/data/graphcast_activation_2021/layer0008_mesh_gnn_post_res_nodes_mesh_nodes_t2021-04-09T06.npy
2021-04-10T01:00:00.000000000.nc,2021-04-10 01:00:00,2021-04-10 00:00:00,2021,1763,1.0,12,0.00029295444558371175,/share/prj-4d/graphcast_shared/data/graphcast_activation_2021/layer0008_mesh_gnn_post_res_nodes_mesh_nodes_t2021-04-10T00.npy
2021-04-10T13:00:00.000000000.nc,2021-04-10 13:00:00,2021-04-10 12:00:00,2021,1765,1.0,36,0.0008788633367511352,/share/prj-4d/graphcast_shared/data/graphcast_activation_2021/layer0008_mesh_gnn_post_res_nodes_mesh_nodes_t2021-04-10T12.npy
2021-04-14T06:00:00.000000000.nc,2021-04-14 06:00:00,2021-04-14 06:00:00,2021,1780,0.0,25,0.0006103217616327327,/share/prj-4d/graphcast_shared/data/graphcast_activation_2021/layer0008_mesh_gnn_post_res_nodes_mesh_nodes_t2021-04-14T06.npy
2021-04-14T08:00:00.000000000.nc,2021-04-14 08:00:00,2021-04-14 06:00:00,2021,1780,2.0,0,0.0,/share/prj-4d/graphcast_shared/data/graphcast_activation_2021/layer0008_mesh_gnn_post_res_nodes_mesh_nodes_t2021-04-14T06.npy
2021-04-14T22:00:00.000000000.nc,2021-04-14 22:00:00,2021-04-15 00:00:00,2021,1783,2.0,44,0.0010741663004736096,/share/prj-4d/graphcast_shared/data/graphcast_activation_2021/layer0008_mesh_gnn_post_res_nodes_mesh_nodes_t2021-04-15T00.npy
2021-04-18T00:00:00.000000000.nc,2021-04-18 00:00:00,2021-04-18 00:00:00,2021,1795,0.0,104,0.0025389385283921683,/share/prj-4d/graphcast_shared/data/graphcast_activation_2021/layer0008_mesh_gnn_post_res_nodes_mesh_nodes_t2021-04-18T00.npy
2021-04-19T04:00:00.000000000.nc,2021-04-19 04:00:00,2021-04-19 06:00:00,2021,1800,2.0,59,0.0014403593574532493,/share/prj-4d/graphcast_shared/data/graphcast_activation_2021/layer0008_mesh_gnn_post_res_nodes_mesh_nodes_t2021-04-19T06.npy
2021-04-19T18:00:00.000000000.nc,2021-04-19 18:00:00,2021-04-19 18:00:00,2021,1802,0.0,58,0.00141594648698794,/share/prj-4d/graphcast_shared/data/graphcast_activation_2021/layer0008_mesh_gnn_post_res_nodes_mesh_nodes_t2021-04-19T18.npy
2021-04-20T05:00:00.000000000.nc,2021-04-20 05:00:00,2021-04-20 06:00:00,2021,1804,1.0,48,0.001171817782334847,/share/prj-4d/graphcast_shared/data/graphcast_activation_2021/layer0008_mesh_gnn_post_res_nodes_mesh_nodes_t2021-04-20T06.npy
2021-04-20T21:00:00.000000000.nc,2021-04-20 21:00:00,2021-04-20 18:00:00,2021,1806,3.0,54,0.0013182950051267028,/share/prj-4d/graphcast_shared/data/graphcast_activation_2021/layer0008_mesh_gnn_post_res_nodes_mesh_nodes_t2021-04-20T18.npy
2021-04-29T16:00:00.000000000.nc,2021-04-29 16:00:00,2021-04-29 18:00:00,2021,1842,2.0,0,0.0,/share/prj-4d/graphcast_shared/data/graphcast_activation_2021/layer0008_mesh_gnn_post_res_nodes_mesh_nodes_t2021-04-29T18.npy
2021-04-30T13:00:00.000000000.nc,2021-04-30 13:00:00,2021-04-30 12:00:00,2021,1845,1.0,0,0.0,/share/prj-4d/graphcast_shared/data/graphcast_activation_2021/layer0008_mesh_gnn_post_res_nodes_mesh_nodes_t2021-04-30T12.npy
2021-04-30T18:00:00.000000000.nc,2021-04-30 18:00:00,2021-04-30 18:00:00,2021,1846,0.0,0,0.0,/share/prj-4d/graphcast_shared/data/graphcast_activation_2021/layer0008_mesh_gnn_post_res_nodes_mesh_nodes_t2021-04-30T18.npy
2021-04-30T23:00:00.000000000.nc,2021-04-30 23:00:00,2021-05-01 00:00:00,2021,1847,1.0,0,0.0,/share/prj-4d/graphcast_shared/data/graphcast_activation_2021/layer0008_mesh_gnn_post_res_nodes_mesh_nodes_t2021-05-01T00.npy
2021-05-02T22:00:00.000000000.nc,2021-05-02 22:00:00,2021-05-03 00:00:00,2021,1855,2.0,0,0.0,/share/prj-4d/graphcast_shared/data/graphcast_activation_2021/layer0008_mesh_gnn_post_res_nodes_mesh_nodes_t2021-05-03T00.npy
2021-05-03T21:00:00.000000000.nc,2021-05-03 21:00:00,2021-05-03 18:00:00,2021,1858,3.0,0,0.0,/share/prj-4d/graphcast_shared/data/graphcast_activation_2021/layer0008_mesh_gnn_post_res_nodes_mesh_nodes_t2021-05-03T18.npy
2021-05-04T12:00:00.000000000.nc,2021-05-04 12:00:00,2021-05-04 12:00:00,2021,1861,0.0,0,0.0,/share/prj-4d/graphcast_shared/data/graphcast_activation_2021/layer0008_mesh_gnn_post_res_nodes_mesh_nodes_t2021-05-04T12.npy
2021-05-04T22:00:00.000000000.nc,2021-05-04 22:00:00,2021-05-05 00:00:00,2021,1863,2.0,0,0.0,/share/prj-4d/graphcast_shared/data/graphcast_activation_2021/layer0008_mesh_gnn_post_res_nodes_mesh_nodes_t2021-05-05T00.npy
2021-05-06T03:00:00.000000000.nc,2021-05-06 03:00:00,2021-05-06 00:00:00,2021,1867,3.0,0,0.0,/share/prj-4d/graphcast_shared/data/graphcast_activation_2021/layer0008_mesh_gnn_post_res_nodes_mesh_nodes_t2021-05-06T00.npy
2021-05-07T06:00:00.000000000.nc,2021-05-07 06:00:00,2021-05-07 06:00:00,2021,1872,0.0,0,0.0,/share/prj-4d/graphcast_shared/data/graphcast_activation_2021/layer0008_mesh_gnn_post_res_nodes_mesh_nodes_t2021-05-07T06.npy
2021-05-10T04:00:00.000000000.nc,2021-05-10 04:00:00,2021-05-10 06:00:00,2021,1884,2.0,0,0.0,/share/prj-4d/graphcast_shared/data/graphcast_activation_2021/layer0008_mesh_gnn_post_res_nodes_mesh_nodes_t2021-05-10T06.npy
2021-05-10T13:00:00.000000000.nc,2021-05-10 13:00:00,2021-05-10 12:00:00,2021,1885,1.0,0,0.0,/share/prj-4d/graphcast_shared/data/graphcast_activation_2021/layer0008_mesh_gnn_post_res_nodes_mesh_nodes_t2021-05-10T12.npy
2021-05-10T14:00:00.000000000.nc,2021-05-10 14:00:00,2021-05-10 12:00:00,2021,1885,2.0,0,0.0,/share/prj-4d/graphcast_shared/data/graphcast_activation_2021/layer0008_mesh_gnn_post_res_nodes_mesh_nodes_t2021-05-10T12.npy
2021-05-12T17:00:00.000000000.nc,2021-05-12 17:00:00,2021-05-12 18:00:00,2021,1894,1.0,0,0.0,/share/prj-4d/graphcast_shared/data/graphcast_activation_2021/layer0008_mesh_gnn_post_res_nodes_mesh_nodes_t2021-05-12T18.npy
2021-05-13T17:00:00.000000000.nc,2021-05-13 17:00:00,2021-05-13 18:00:00,2021,1898,1.0,0,0.0,/share/prj-4d/graphcast_shared/data/graphcast_activation_2021/layer0008_mesh_gnn_post_res_nodes_mesh_nodes_t2021-05-13T18.npy
2021-05-14T23:00:00.000000000.nc,2021-05-14 23:00:00,2021-05-15 00:00:00,2021,1903,1.0,0,0.0,/share/prj-4d/graphcast_shared/data/graphcast_activation_2021/layer0008_mesh_gnn_post_res_nodes_mesh_nodes_t2021-05-15T00.npy
2021-05-16T20:00:00.000000000.nc,2021-05-16 20:00:00,2021-05-16 18:00:00,2021,1910,2.0,34,0.0008300375958205166,/share/prj-4d/graphcast_shared/data/graphcast_activation_2021/layer0008_mesh_gnn_post_res_nodes_mesh_nodes_t2021-05-16T18.npy
2021-05-18T17:00:00.000000000.nc,2021-05-18 17:00:00,2021-05-18 18:00:00,2021,1918,1.0,16,0.000390605927444949,/share/prj-4d/graphcast_shared/data/graphcast_activation_2021/layer0008_mesh_gnn_post_res_nodes_mesh_nodes_t2021-05-18T18.npy
2021-05-20T13:00:00.000000000.nc,2021-05-20 13:00:00,2021-05-20 12:00:00,2021,1925,1.0,0,0.0,/share/prj-4d/graphcast_shared/data/graphcast_activation_2021/layer0008_mesh_gnn_post_res_nodes_mesh_nodes_t2021-05-20T12.npy
2021-05-20T18:00:00.000000000.nc,2021-05-20 18:00:00,2021-05-20 18:00:00,2021,1926,0.0,0,0.0,/share/prj-4d/graphcast_shared/data/graphcast_activation_2021/layer0008_mesh_gnn_post_res_nodes_mesh_nodes_t2021-05-20T18.npy
2021-05-25T00:00:00.000000000.nc,2021-05-25 00:00:00,2021-05-25 00:00:00,2021,1943,0.0,54,0.0013182950051267028,/share/prj-4d/graphcast_shared/data/graphcast_activation_2021/layer0008_mesh_gnn_post_res_nodes_mesh_nodes_t2021-05-25T00.npy
2021-05-25T23:00:00.000000000.nc,2021-05-25 23:00:00,2021-05-26 00:00:00,2021,1947,1.0,41,0.0010009276890776818,/share/prj-4d/graphcast_shared/data/graphcast_activation_2021/layer0008_mesh_gnn_post_res_nodes_mesh_nodes_t2021-05-26T00.npy
2021-05-26T01:00:00.000000000.nc,2021-05-26 01:00:00,2021-05-26 00:00:00,2021,1947,1.0,68,0.0016600751916410331,/share/prj-4d/graphcast_shared/data/graphcast_activation_2021/layer0008_mesh_gnn_post_res_nodes_mesh_nodes_t2021-05-26T00.npy
2021-05-26T05:00:00.000000000.nc,2021-05-26 05:00:00,2021-05-26 06:00:00,2021,1948,1.0,59,0.0014403593574532493,/share/prj-4d/graphcast_shared/data/graphcast_activation_2021/layer0008_mesh_gnn_post_res_nodes_mesh_nodes_t2021-05-26T06.npy
2021-05-26T07:00:00.000000000.nc,2021-05-26 07:00:00,2021-05-26 06:00:00,2021,1948,1.0,80,0.001953029637224745,/share/prj-4d/graphcast_shared/data/graphcast_activation_2021/layer0008_mesh_gnn_post_res_nodes_mesh_nodes_t2021-05-26T06.npy
2021-05-26T21:00:00.000000000.nc,2021-05-26 21:00:00,2021-05-26 18:00:00,2021,1950,3.0,117,0.0028563058444411892,/share/prj-4d/graphcast_shared/data/graphcast_activation_2021/layer0008_mesh_gnn_post_res_nodes_mesh_nodes_t2021-05-26T18.npy
2021-05-29T16:00:00.000000000.nc,2021-05-29 16:00:00,2021-05-29 18:00:00,2021,1962,2.0,0,0.0,/share/prj-4d/graphcast_shared/data/graphcast_activation_2021/layer0008_mesh_gnn_post_res_nodes_mesh_nodes_t2021-05-29T18.npy
2021-05-30T07:00:00.000000000.nc,2021-05-30 07:00:00,2021-05-30 06:00:00,2021,1964,1.0,0,0.0,/share/prj-4d/graphcast_shared/data/graphcast_activation_2021/layer0008_mesh_gnn_post_res_nodes_mesh_nodes_t2021-05-30T06.npy
2021-05-31T23:00:00.000000000.nc,2021-05-31 23:00:00,2021-06-01 00:00:00,2021,1971,1.0,0,0.0,/share/prj-4d/graphcast_shared/data/graphcast_activation_2021/layer0008_mesh_gnn_post_res_nodes_mesh_nodes_t2021-06-01T00.npy
2021-06-03T07:00:00.000000000.nc,2021-06-03 07:00:00,2021-06-03 06:00:00,2021,1980,1.0,0,0.0,/share/prj-4d/graphcast_shared/data/graphcast_activation_2021/layer0008_mesh_gnn_post_res_nodes_mesh_nodes_t2021-06-03T06.npy
2021-06-03T11:00:00.000000000.nc,2021-06-03 11:00:00,2021-06-03 12:00:00,2021,1981,1.0,43,0.0010497534300083003,/share/prj-4d/graphcast_shared/data/graphcast_activation_2021/layer0008_mesh_gnn_post_res_nodes_mesh_nodes_t2021-06-03T12.npy
2021-06-04T03:00:00.000000000.nc,2021-06-04 03:00:00,2021-06-04 00:00:00,2021,1983,3.0,0,0.0,/share/prj-4d/graphcast_shared/data/graphcast_activation_2021/layer0008_mesh_gnn_post_res_nodes_mesh_nodes_t2021-06-04T00.npy
2021-06-06T14:00:00.000000000.nc,2021-06-06 14:00:00,2021-06-06 12:00:00,2021,1993,2.0,0,0.0,/share/prj-4d/graphcast_shared/data/graphcast_activation_2021/layer0008_mesh_gnn_post_res_nodes_mesh_nodes_t2021-06-06T12.npy
2021-06-07T15:00:00.000000000.nc,2021-06-07 15:00:00,2021-06-07 12:00:00,2021,1997,3.0,0,0.0,/share/prj-4d/graphcast_shared/data/graphcast_activation_2021/layer0008_mesh_gnn_post_res_nodes_mesh_nodes_t2021-06-07T12.npy
2021-06-12T17:00:00.000000000.nc,2021-06-12 17:00:00,2021-06-12 18:00:00,2021,2018,1.0,0,0.0,/share/prj-4d/graphcast_shared/data/graphcast_activation_2021/layer0008_mesh_gnn_post_res_nodes_mesh_nodes_t2021-06-12T18.npy
2021-06-13T01:00:00.000000000.nc,2021-06-13 01:00:00,2021-06-13 00:00:00,2021,2019,1.0,0,0.0,/share/prj-4d/graphcast_shared/data/graphcast_activation_2021/layer0008_mesh_gnn_post_res_nodes_mesh_nodes_t2021-06-13T00.npy
2021-06-14T07:00:00.000000000.nc,2021-06-14 07:00:00,2021-06-14 06:00:00,2021,2024,1.0,0,0.0,/share/prj-4d/graphcast_shared/data/graphcast_activation_2021/layer0008_mesh_gnn_post_res_nodes_mesh_nodes_t2021-06-14T06.npy
2021-06-14T22:00:00.000000000.nc,2021-06-14 22:00:00,2021-06-15 00:00:00,2021,2027,2.0,0,0.0,/share/prj-4d/graphcast_shared/data/graphcast_activation_2021/layer0008_mesh_gnn_post_res_nodes_mesh_nodes_t2021-06-15T00.npy
2021-06-16T05:00:00.000000000.nc,2021-06-16 05:00:00,2021-06-16 06:00:00,2021,2032,1.0,0,0.0,/share/prj-4d/graphcast_shared/data/graphcast_activation_2021/layer0008_mesh_gnn_post_res_nodes_mesh_nodes_t2021-06-16T06.npy
2021-06-16T13:00:00.000000000.nc,2021-06-16 13:00:00,2021-06-16 12:00:00,2021,2033,1.0,0,0.0,/share/prj-4d/graphcast_shared/data/graphcast_activation_2021/layer0008_mesh_gnn_post_res_nodes_mesh_nodes_t2021-06-16T12.npy
2021-06-16T23:00:00.000000000.nc,2021-06-16 23:00:00,2021-06-17 00:00:00,2021,2035,1.0,0,0.0,/share/prj-4d/graphcast_shared/data/graphcast_activation_2021/layer0008_mesh_gnn_post_res_nodes_mesh_nodes_t2021-06-17T00.npy
2021-06-22T19:00:00.000000000.nc,2021-06-22 19:00:00,2021-06-22 18:00:00,2021,2058,1.0,0,0.0,/share/prj-4d/graphcast_shared/data/graphcast_activation_2021/layer0008_mesh_gnn_post_res_nodes_mesh_nodes_t2021-06-22T18.npy
2021-06-23T21:00:00.000000000.nc,2021-06-23 21:00:00,2021-06-23 18:00:00,2021,2062,3.0,0,0.0,/share/prj-4d/graphcast_shared/data/graphcast_activation_2021/layer0008_mesh_gnn_post_res_nodes_mesh_nodes_t2021-06-23T18.npy
2021-06-25T10:00:00.000000000.nc,2021-06-25 10:00:00,2021-06-25 12:00:00,2021,2069,2.0,17,0.0004150187979102583,/share/prj-4d/graphcast_shared/data/graphcast_activation_2021/layer0008_mesh_gnn_post_res_nodes_mesh_nodes_t2021-06-25T12.npy
2021-06-26T08:00:00.000000000.nc,2021-06-26 08:00:00,2021-06-26 06:00:00,2021,2072,2.0,0,0.0,/share/prj-4d/graphcast_shared/data/graphcast_activation_2021/layer0008_mesh_gnn_post_res_nodes_mesh_nodes_t2021-06-26T06.npy
2021-06-30T00:00:00.000000000.nc,2021-06-30 00:00:00,2021-06-30 00:00:00,2021,2087,0.0,0,0.0,/share/prj-4d/graphcast_shared/data/graphcast_activation_2021/layer0008_mesh_gnn_post_res_nodes_mesh_nodes_t2021-06-30T00.npy
2021-07-01T22:00:00.000000000.nc,2021-07-01 22:00:00,2021-07-02 00:00:00,2021,2095,2.0,0,0.0,/share/prj-4d/graphcast_shared/data/graphcast_activation_2021/layer0008_mesh_gnn_post_res_nodes_mesh_nodes_t2021-07-02T00.npy
2021-07-02T03:00:00.000000000.nc,2021-07-02 03:00:00,2021-07-02 00:00:00,2021,2095,3.0,0,0.0,/share/prj-4d/graphcast_shared/data/graphcast_activation_2021/layer0008_mesh_gnn_post_res_nodes_mesh_nodes_t2021-07-02T00.npy
2021-07-02T09:00:00.000000000.nc,2021-07-02 09:00:00,2021-07-02 06:00:00,2021,2096,3.0,0,0.0,/share/prj-4d/graphcast_shared/data/graphcast_activation_2021/layer0008_mesh_gnn_post_res_nodes_mesh_nodes_t2021-07-02T06.npy
2021-07-03T01:00:00.000000000.nc,2021-07-03 01:00:00,2021-07-03 00:00:00,2021,2099,1.0,0,0.0,/share/prj-4d/graphcast_shared/data/graphcast_activation_2021/layer0008_mesh_gnn_post_res_nodes_mesh_nodes_t2021-07-03T00.npy
2021-07-05T16:00:00.000000000.nc,2021-07-05 16:00:00,2021-07-05 18:00:00,2021,2110,2.0,0,0.0,/share/prj-4d/graphcast_shared/data/graphcast_activation_2021/layer0008_mesh_gnn_post_res_nodes_mesh_nodes_t2021-07-05T18.npy
2021-07-05T22:00:00.000000000.nc,2021-07-05 22:00:00,2021-07-06 00:00:00,2021,2111,2.0,0,0.0,/share/prj-4d/graphcast_shared/data/graphcast_activation_2021/layer0008_mesh_gnn_post_res_nodes_mesh_nodes_t2021-07-06T00.npy
2021-07-06T11:00:00.000000000.nc,2021-07-06 11:00:00,2021-07-06 12:00:00,2021,2113,1.0,0,0.0,/share/prj-4d/graphcast_shared/data/graphcast_activation_2021/layer0008_mesh_gnn_post_res_nodes_mesh_nodes_t2021-07-06T12.npy
2021-07-08T03:00:00.000000000.nc,2021-07-08 03:00:00,2021-07-08 00:00:00,2021,2119,3.0,0,0.0,/share/prj-4d/graphcast_shared/data/graphcast_activation_2021/layer0008_mesh_gnn_post_res_nodes_mesh_nodes_t2021-07-08T00.npy
2021-07-09T05:00:00.000000000.nc,2021-07-09 05:00:00,2021-07-09 06:00:00,2021,2124,1.0,19,0.0004638445388408769,/share/prj-4d/graphcast_shared/data/graphcast_activation_2021/layer0008_mesh_gnn_post_res_nodes_mesh_nodes_t2021-07-09T06.npy
2021-07-11T00:00:00.000000000.nc,2021-07-11 00:00:00,2021-07-11 00:00:00,2021,2131,0.0,0,0.0,/share/prj-4d/graphcast_shared/data/graphcast_activation_2021/layer0008_mesh_gnn_post_res_nodes_mesh_nodes_t2021-07-11T00.npy
2021-07-11T13:00:00.000000000.nc,2021-07-11 13:00:00,2021-07-11 12:00:00,2021,2133,1.0,0,0.0,/share/prj-4d/graphcast_shared/data/graphcast_activation_2021/layer0008_mesh_gnn_post_res_nodes_mesh_nodes_t2021-07-11T12.npy
2021-07-15T07:00:00.000000000.nc,2021-07-15 07:00:00,2021-07-15 06:00:00,2021,2148,1.0,0,0.0,/share/prj-4d/graphcast_shared/data/graphcast_activation_2021/layer0008_mesh_gnn_post_res_nodes_mesh_nodes_t2021-07-15T06.npy
2021-07-17T11:00:00.000000000.nc,2021-07-17 11:00:00,2021-07-17 12:00:00,2021,2157,1.0,33,0.0008056247253552072,/share/prj-4d/graphcast_shared/data/graphcast_activation_2021/layer0008_mesh_gnn_post_res_nodes_mesh_nodes_t2021-07-17T12.npy
2021-07-18T02:00:00.000000000.nc,2021-07-18 02:00:00,2021-07-18 00:00:00,2021,2159,2.0,183,0.004467555295151604,/share/prj-4d/graphcast_shared/data/graphcast_activation_2021/layer0008_mesh_gnn_post_res_nodes_mesh_nodes_t2021-07-18T00.npy
2021-07-18T08:00:00.000000000.nc,2021-07-18 08:00:00,2021-07-18 06:00:00,2021,2160,2.0,0,0.0,/share/prj-4d/graphcast_shared/data/graphcast_activation_2021/layer0008_mesh_gnn_post_res_nodes_mesh_nodes_t2021-07-18T06.npy
2021-07-18T21:00:00.000000000.nc,2021-07-18 21:00:00,2021-07-18 18:00:00,2021,2162,3.0,124,0.0030271959376983546,/share/prj-4d/graphcast_shared/data/graphcast_activation_2021/layer0008_mesh_gnn_post_res_nodes_mesh_nodes_t2021-07-18T18.npy
2021-07-20T22:00:00.000000000.nc,2021-07-20 22:00:00,2021-07-21 00:00:00,2021,2171,2.0,101,0.0024656999169962402,/share/prj-4d/graphcast_shared/data/graphcast_activation_2021/layer0008_mesh_gnn_post_res_nodes_mesh_nodes_t2021-07-21T00.npy
2021-07-21T03:00:00.000000000.nc,2021-07-21 03:00:00,2021-07-21 00:00:00,2021,2171,3.0,74,0.001806552414432889,/share/prj-4d/graphcast_shared/data/graphcast_activation_2021/layer0008_mesh_gnn_post_res_nodes_mesh_nodes_t2021-07-21T00.npy
2021-07-23T00:00:00.000000000.nc,2021-07-23 00:00:00,2021-07-23 00:00:00,2021,2179,0.0,84,0.0020506811190859823,/share/prj-4d/graphcast_shared/data/graphcast_activation_2021/layer0008_mesh_gnn_post_res_nodes_mesh_nodes_t2021-07-23T00.npy
2021-07-24T14:00:00.000000000.nc,2021-07-24 14:00:00,2021-07-24 12:00:00,2021,2185,2.0,74,0.001806552414432889,/share/prj-4d/graphcast_shared/data/graphcast_activation_2021/layer0008_mesh_gnn_post_res_nodes_mesh_nodes_t2021-07-24T12.npy
2021-07-27T17:00:00.000000000.nc,2021-07-27 17:00:00,2021-07-27 18:00:00,2021,2198,1.0,71,0.0017333138030369611,/share/prj-4d/graphcast_shared/data/graphcast_activation_2021/layer0008_mesh_gnn_post_res_nodes_mesh_nodes_t2021-07-27T18.npy
2021-07-29T02:00:00.000000000.nc,2021-07-29 02:00:00,2021-07-29 00:00:00,2021,2203,2.0,41,0.0010009276890776818,/share/prj-4d/graphcast_shared/data/graphcast_activation_2021/layer0008_mesh_gnn_post_res_nodes_mesh_nodes_t2021-07-29T00.npy
2021-07-31T22:00:00.000000000.nc,2021-07-31 22:00:00,2021-08-01 00:00:00,2021,2215,2.0,0,0.0,/share/prj-4d/graphcast_shared/data/graphcast_activation_2021/layer0008_mesh_gnn_post_res_nodes_mesh_nodes_t2021-08-01T00.npy
2021-08-02T17:00:00.000000000.nc,2021-08-02 17:00:00,2021-08-02 18:00:00,2021,2222,1.0,20,0.00048825740930618625,/share/prj-4d/graphcast_shared/data/graphcast_activation_2021/layer0008_mesh_gnn_post_res_nodes_mesh_nodes_t2021-08-02T18.npy
2021-08-03T04:00:00.000000000.nc,2021-08-03 04:00:00,2021-08-03 06:00:00,2021,2224,2.0,56,0.0013671207460573215,/share/prj-4d/graphcast_shared/data/graphcast_activation_2021/layer0008_mesh_gnn_post_res_nodes_mesh_nodes_t2021-08-03T06.npy
2021-08-03T05:00:00.000000000.nc,2021-08-03 05:00:00,2021-08-03 06:00:00,2021,2224,1.0,34,0.0008300375958205166,/share/prj-4d/graphcast_shared/data/graphcast_activation_2021/layer0008_mesh_gnn_post_res_nodes_mesh_nodes_t2021-08-03T06.npy
2021-08-06T17:00:00.000000000.nc,2021-08-06 17:00:00,2021-08-06 18:00:00,2021,2238,1.0,26,0.0006347346320980421,/share/prj-4d/graphcast_shared/data/graphcast_activation_2021/layer0008_mesh_gnn_post_res_nodes_mesh_nodes_t2021-08-06T18.npy
2021-08-06T20:00:00.000000000.nc,2021-08-06 20:00:00,2021-08-06 18:00:00,2021,2238,2.0,32,0.000781211854889898,/share/prj-4d/graphcast_shared/data/graphcast_activation_2021/layer0008_mesh_gnn_post_res_nodes_mesh_nodes_t2021-08-06T18.npy
2021-08-08T01:00:00.000000000.nc,2021-08-08 01:00:00,2021-08-08 00:00:00,2021,2243,1.0,131,0.0031980860309555196,/share/prj-4d/graphcast_shared/data/graphcast_activation_2021/layer0008_mesh_gnn_post_res_nodes_mesh_nodes_t2021-08-08T00.npy
2021-08-08T07:00:00.000000000.nc,2021-08-08 07:00:00,2021-08-08 06:00:00,2021,2244,1.0,103,0.002514525657926859,/share/prj-4d/graphcast_shared/data/graphcast_activation_2021/layer0008_mesh_gnn_post_res_nodes_mesh_nodes_t2021-08-08T06.npy
2021-08-08T09:00:00.000000000.nc,2021-08-08 09:00:00,2021-08-08 06:00:00,2021,2244,3.0,57,0.0013915336165226308,/share/prj-4d/graphcast_shared/data/graphcast_activation_2021/layer0008_mesh_gnn_post_res_nodes_mesh_nodes_t2021-08-08T06.npy
2021-08-11T06:00:00.000000000.nc,2021-08-11 06:00:00,2021-08-11 06:00:00,2021,2256,0.0,52,0.0012694692641960841,/share/prj-4d/graphcast_shared/data/graphcast_activation_2021/layer0008_mesh_gnn_post_res_nodes_mesh_nodes_t2021-08-11T06.npy
2021-08-13T20:00:00.000000000.nc,2021-08-13 20:00:00,2021-08-13 18:00:00,2021,2266,2.0,27,0.0006591475025633514,/share/prj-4d/graphcast_shared/data/graphcast_activation_2021/layer0008_mesh_gnn_post_res_nodes_mesh_nodes_t2021-08-13T18.npy
2021-08-17T07:00:00.000000000.nc,2021-08-17 07:00:00,2021-08-17 06:00:00,2021,2280,1.0,39,0.0009521019481470632,/share/prj-4d/graphcast_shared/data/graphcast_activation_2021/layer0008_mesh_gnn_post_res_nodes_mesh_nodes_t2021-08-17T06.npy
2021-08-18T16:00:00.000000000.nc,2021-08-18 16:00:00,2021-08-18 18:00:00,2021,2286,2.0,56,0.0013671207460573215,/share/prj-4d/graphcast_shared/data/graphcast_activation_2021/layer0008_mesh_gnn_post_res_nodes_mesh_nodes_t2021-08-18T18.npy
2021-08-21T09:00:00.000000000.nc,2021-08-21 09:00:00,2021-08-21 06:00:00,2021,2296,3.0,44,0.0010741663004736096,/share/prj-4d/graphcast_shared/data/graphcast_activation_2021/layer0008_mesh_gnn_post_res_nodes_mesh_nodes_t2021-08-21T06.npy
2021-08-22T15:00:00.000000000.nc,2021-08-22 15:00:00,2021-08-22 12:00:00,2021,2301,3.0,0,0.0,/share/prj-4d/graphcast_shared/data/graphcast_activation_2021/layer0008_mesh_gnn_post_res_nodes_mesh_nodes_t2021-08-22T12.npy
2021-08-25T12:00:00.000000000.nc,2021-08-25 12:00:00,2021-08-25 12:00:00,2021,2313,0.0,0,0.0,/share/prj-4d/graphcast_shared/data/graphcast_activation_2021/layer0008_mesh_gnn_post_res_nodes_mesh_nodes_t2021-08-25T12.npy
2021-08-27T03:00:00.000000000.nc,2021-08-27 03:00:00,2021-08-27 00:00:00,2021,2319,3.0,23,0.0005614960207021142,/share/prj-4d/graphcast_shared/data/graphcast_activation_2021/layer0008_mesh_gnn_post_res_nodes_mesh_nodes_t2021-08-27T00.npy
2021-09-01T12:00:00.000000000.nc,2021-09-01 12:00:00,2021-09-01 12:00:00,2021,2341,0.0,0,0.0,/share/prj-4d/graphcast_shared/data/graphcast_activation_2021/layer0008_mesh_gnn_post_res_nodes_mesh_nodes_t2021-09-01T12.npy
2021-09-02T19:00:00.000000000.nc,2021-09-02 19:00:00,2021-09-02 18:00:00,2021,2346,1.0,85,0.0020750939895512912,/share/prj-4d/graphcast_shared/data/graphcast_activation_2021/layer0008_mesh_gnn_post_res_nodes_mesh_nodes_t2021-09-02T18.npy
2021-09-06T20:00:00.000000000.nc,2021-09-06 20:00:00,2021-09-06 18:00:00,2021,2362,2.0,58,0.00141594648698794,/share/prj-4d/graphcast_shared/data/graphcast_activation_2021/layer0008_mesh_gnn_post_res_nodes_mesh_nodes_t2021-09-06T18.npy
2021-09-09T05:00:00.000000000.nc,2021-09-09 05:00:00,2021-09-09 06:00:00,2021,2372,1.0,55,0.0013427078755920121,/share/prj-4d/graphcast_shared/data/graphcast_activation_2021/layer0008_mesh_gnn_post_res_nodes_mesh_nodes_t2021-09-09T06.npy
2021-09-10T03:00:00.000000000.nc,2021-09-10 03:00:00,2021-09-10 00:00:00,2021,2375,3.0,78,0.0019042038962941263,/share/prj-4d/graphcast_shared/data/graphcast_activation_2021/layer0008_mesh_gnn_post_res_nodes_mesh_nodes_t2021-09-10T00.npy
2021-09-10T17:00:00.000000000.nc,2021-09-10 17:00:00,2021-09-10 18:00:00,2021,2378,1.0,87,0.00212391973048191,/share/prj-4d/graphcast_shared/data/graphcast_activation_2021/layer0008_mesh_gnn_post_res_nodes_mesh_nodes_t2021-09-10T18.npy
2021-09-12T04:00:00.000000000.nc,2021-09-12 04:00:00,2021-09-12 06:00:00,2021,2384,2.0,84,0.0020506811190859823,/share/prj-4d/graphcast_shared/data/graphcast_activation_2021/layer0008_mesh_gnn_post_res_nodes_mesh_nodes_t2021-09-12T06.npy
2021-09-13T15:00:00.000000000.nc,2021-09-13 15:00:00,2021-09-13 12:00:00,2021,2389,3.0,97,0.0023680484351350033,/share/prj-4d/graphcast_shared/data/graphcast_activation_2021/layer0008_mesh_gnn_post_res_nodes_mesh_nodes_t2021-09-13T12.npy
2021-09-19T06:00:00.000000000.nc,2021-09-19 06:00:00,2021-09-19 06:00:00,2021,2412,0.0,0,0.0,/share/prj-4d/graphcast_shared/data/graphcast_activation_2021/layer0008_mesh_gnn_post_res_nodes_mesh_nodes_t2021-09-19T06.npy
2021-09-23T10:00:00.000000000.nc,2021-09-23 10:00:00,2021-09-23 12:00:00,2021,2429,2.0,12,0.00029295444558371175,/share/prj-4d/graphcast_shared/data/graphcast_activation_2021/layer0008_mesh_gnn_post_res_nodes_mesh_nodes_t2021-09-23T12.npy
2021-09-24T12:00:00.000000000.nc,2021-09-24 12:00:00,2021-09-24 12:00:00,2021,2433,0.0,0,0.0,/share/prj-4d/graphcast_shared/data/graphcast_activation_2021/layer0008_mesh_gnn_post_res_nodes_mesh_nodes_t2021-09-24T12.npy
2021-09-25T02:00:00.000000000.nc,2021-09-25 02:00:00,2021-09-25 00:00:00,2021,2435,2.0,0,0.0,/share/prj-4d/graphcast_shared/data/graphcast_activation_2021/layer0008_mesh_gnn_post_res_nodes_mesh_nodes_t2021-09-25T00.npy
2021-09-25T06:00:00.000000000.nc,2021-09-25 06:00:00,2021-09-25 06:00:00,2021,2436,0.0,33,0.0008056247253552072,/share/prj-4d/graphcast_shared/data/graphcast_activation_2021/layer0008_mesh_gnn_post_res_nodes_mesh_nodes_t2021-09-25T06.npy
2021-09-26T14:00:00.000000000.nc,2021-09-26 14:00:00,2021-09-26 12:00:00,2021,2441,2.0,111,0.0027098286216493336,/share/prj-4d/graphcast_shared/data/graphcast_activation_2021/layer0008_mesh_gnn_post_res_nodes_mesh_nodes_t2021-09-26T12.npy
2021-10-01T23:00:00.000000000.nc,2021-10-01 23:00:00,2021-10-02 00:00:00,2021,2463,1.0,101,0.0024656999169962402,/share/prj-4d/graphcast_shared/data/graphcast_activation_2021/layer0008_mesh_gnn_post_res_nodes_mesh_nodes_t2021-10-02T00.npy
2021-10-02T11:00:00.000000000.nc,2021-10-02 11:00:00,2021-10-02 12:00:00,2021,2465,1.0,8,0.0001953029637224745,/share/prj-4d/graphcast_shared/data/graphcast_activation_2021/layer0008_mesh_gnn_post_res_nodes_mesh_nodes_t2021-10-02T12.npy
2021-10-03T01:00:00.000000000.nc,2021-10-03 01:00:00,2021-10-03 00:00:00,2021,2467,1.0,21,0.0005126702797714956,/share/prj-4d/graphcast_shared/data/graphcast_activation_2021/layer0008_mesh_gnn_post_res_nodes_mesh_nodes_t2021-10-03T00.npy
2021-10-03T10:00:00.000000000.nc,2021-10-03 10:00:00,2021-10-03 12:00:00,2021,2469,2.0,20,0.00048825740930618625,/share/prj-4d/graphcast_shared/data/graphcast_activation_2021/layer0008_mesh_gnn_post_res_nodes_mesh_nodes_t2021-10-03T12.npy
2021-10-04T13:00:00.000000000.nc,2021-10-04 13:00:00,2021-10-04 12:00:00,2021,2473,1.0,37,0.0009032762072164445,/share/prj-4d/graphcast_shared/data/graphcast_activation_2021/layer0008_mesh_gnn_post_res_nodes_mesh_nodes_t2021-10-04T12.npy
2021-10-05T02:00:00.000000000.nc,2021-10-05 02:00:00,2021-10-05 00:00:00,2021,2475,2.0,0,0.0,/share/prj-4d/graphcast_shared/data/graphcast_activation_2021/layer0008_mesh_gnn_post_res_nodes_mesh_nodes_t2021-10-05T00.npy
2021-10-10T08:00:00.000000000.nc,2021-10-10 08:00:00,2021-10-10 06:00:00,2021,2496,2.0,0,0.0,/share/prj-4d/graphcast_shared/data/graphcast_activation_2021/layer0008_mesh_gnn_post_res_nodes_mesh_nodes_t2021-10-10T06.npy
2021-10-12T03:00:00.000000000.nc,2021-10-12 03:00:00,2021-10-12 00:00:00,2021,2503,3.0,94,0.0022948098237390753,/share/prj-4d/graphcast_shared/data/graphcast_activation_2021/layer0008_mesh_gnn_post_res_nodes_mesh_nodes_t2021-10-12T00.npy
2021-10-13T10:00:00.000000000.nc,2021-10-13 10:00:00,2021-10-13 12:00:00,2021,2509,2.0,140,0.0034178018651433036,/share/prj-4d/graphcast_shared/data/graphcast_activation_2021/layer0008_mesh_gnn_post_res_nodes_mesh_nodes_t2021-10-13T12.npy
2021-10-14T22:00:00.000000000.nc,2021-10-14 22:00:00,2021-10-15 00:00:00,2021,2515,2.0,59,0.0014403593574532493,/share/prj-4d/graphcast_shared/data/graphcast_activation_2021/layer0008_mesh_gnn_post_res_nodes_mesh_nodes_t2021-10-15T00.npy
2021-10-17T10:00:00.000000000.nc,2021-10-17 10:00:00,2021-10-17 12:00:00,2021,2525,2.0,0,0.0,/share/prj-4d/graphcast_shared/data/graphcast_activation_2021/layer0008_mesh_gnn_post_res_nodes_mesh_nodes_t2021-10-17T12.npy
2021-10-25T02:00:00.000000000.nc,2021-10-25 02:00:00,2021-10-25 00:00:00,2021,2555,2.0,0,0.0,/share/prj-4d/graphcast_shared/data/graphcast_activation_2021/layer0008_mesh_gnn_post_res_nodes_mesh_nodes_t2021-10-25T00.npy
2021-10-25T14:00:00.000000000.nc,2021-10-25 14:00:00,2021-10-25 12:00:00,2021,2557,2.0,0,0.0,/share/prj-4d/graphcast_shared/data/graphcast_activation_2021/layer0008_mesh_gnn_post_res_nodes_mesh_nodes_t2021-10-25T12.npy
2021-10-27T05:00:00.000000000.nc,2021-10-27 05:00:00,2021-10-27 06:00:00,2021,2564,1.0,24,0.0005859088911674235,/share/prj-4d/graphcast_shared/data/graphcast_activation_2021/layer0008_mesh_gnn_post_res_nodes_mesh_nodes_t2021-10-27T06.npy
2021-10-28T03:00:00.000000000.nc,2021-10-28 03:00:00,2021-10-28 00:00:00,2021,2567,3.0,30,0.0007323861139592793,/share/prj-4d/graphcast_shared/data/graphcast_activation_2021/layer0008_mesh_gnn_post_res_nodes_mesh_nodes_t2021-10-28T00.npy
2021-10-28T05:00:00.000000000.nc,2021-10-28 05:00:00,2021-10-28 06:00:00,2021,2568,1.0,46,0.0011229920414042283,/share/prj-4d/graphcast_shared/data/graphcast_activation_2021/layer0008_mesh_gnn_post_res_nodes_mesh_nodes_t2021-10-28T06.npy
2021-10-30T07:00:00.000000000.nc,2021-10-30 07:00:00,2021-10-30 06:00:00,2021,2576,1.0,0,0.0,/share/prj-4d/graphcast_shared/data/graphcast_activation_2021/layer0008_mesh_gnn_post_res_nodes_mesh_nodes_t2021-10-30T06.npy
2021-11-01T05:00:00.000000000.nc,2021-11-01 05:00:00,2021-11-01 06:00:00,2021,2584,1.0,0,0.0,/share/prj-4d/graphcast_shared/data/graphcast_activation_2021/layer0008_mesh_gnn_post_res_nodes_mesh_nodes_t2021-11-01T06.npy
2021-11-03T00:00:00.000000000.nc,2021-11-03 00:00:00,2021-11-03 00:00:00,2021,2591,0.0,0,0.0,/share/prj-4d/graphcast_shared/data/graphcast_activation_2021/layer0008_mesh_gnn_post_res_nodes_mesh_nodes_t2021-11-03T00.npy
2021-11-05T17:00:00.000000000.nc,2021-11-05 17:00:00,2021-11-05 18:00:00,2021,2602,1.0,0,0.0,/share/prj-4d/graphcast_shared/data/graphcast_activation_2021/layer0008_mesh_gnn_post_res_nodes_mesh_nodes_t2021-11-05T18.npy
2021-11-06T16:00:00.000000000.nc,2021-11-06 16:00:00,2021-11-06 18:00:00,2021,2606,2.0,0,0.0,/share/prj-4d/graphcast_shared/data/graphcast_activation_2021/layer0008_mesh_gnn_post_res_nodes_mesh_nodes_t2021-11-06T18.npy
2021-11-07T19:00:00.000000000.nc,2021-11-07 19:00:00,2021-11-07 18:00:00,2021,2610,1.0,0,0.0,/share/prj-4d/graphcast_shared/data/graphcast_activation_2021/layer0008_mesh_gnn_post_res_nodes_mesh_nodes_t2021-11-07T18.npy
2021-11-08T03:00:00.000000000.nc,2021-11-08 03:00:00,2021-11-08 00:00:00,2021,2611,3.0,0,0.0,/share/prj-4d/graphcast_shared/data/graphcast_activation_2021/layer0008_mesh_gnn_post_res_nodes_mesh_nodes_t2021-11-08T00.npy
2021-11-10T22:00:00.000000000.nc,2021-11-10 22:00:00,2021-11-11 00:00:00,2021,2623,2.0,22,0.0005370831502368048,/share/prj-4d/graphcast_shared/data/graphcast_activation_2021/layer0008_mesh_gnn_post_res_nodes_mesh_nodes_t2021-11-11T00.npy
2021-11-11T21:00:00.000000000.nc,2021-11-11 21:00:00,2021-11-11 18:00:00,2021,2626,3.0,0,0.0,/share/prj-4d/graphcast_shared/data/graphcast_activation_2021/layer0008_mesh_gnn_post_res_nodes_mesh_nodes_t2021-11-11T18.npy
2021-11-16T15:00:00.000000000.nc,2021-11-16 15:00:00,2021-11-16 12:00:00,2021,2645,3.0,0,0.0,/share/prj-4d/graphcast_shared/data/graphcast_activation_2021/layer0008_mesh_gnn_post_res_nodes_mesh_nodes_t2021-11-16T12.npy
2021-11-18T17:00:00.000000000.nc,2021-11-18 17:00:00,2021-11-18 18:00:00,2021,2654,1.0,0,0.0,/share/prj-4d/graphcast_shared/data/graphcast_activation_2021/layer0008_mesh_gnn_post_res_nodes_mesh_nodes_t2021-11-18T18.npy
2021-11-30T22:00:00.000000000.nc,2021-11-30 22:00:00,2021-12-01 00:00:00,2021,2697,2.0,31,0.0007567989844245887,/share/prj-4d/graphcast_shared/data/graphcast_activation_2021/layer0008_mesh_gnn_post_res_nodes_mesh_nodes_t2021-12-01T00.npy
2021-12-01T02:00:00.000000000.nc,2021-12-01 02:00:00,2021-12-01 00:00:00,2021,2697,2.0,78,0.0019042038962941263,/share/prj-4d/graphcast_shared/data/graphcast_activation_2021/layer0008_mesh_gnn_post_res_nodes_mesh_nodes_t2021-12-01T00.npy
2021-12-02T06:00:00.000000000.nc,2021-12-02 06:00:00,2021-12-02 06:00:00,2021,2702,0.0,44,0.0010741663004736096,/share/prj-4d/graphcast_shared/data/graphcast_activation_2021/layer0008_mesh_gnn_post_res_nodes_mesh_nodes_t2021-12-02T06.npy
2021-12-02T22:00:00.000000000.nc,2021-12-02 22:00:00,2021-12-03 00:00:00,2021,2705,2.0,42,0.0010253405595429912,/share/prj-4d/graphcast_shared/data/graphcast_activation_2021/layer0008_mesh_gnn_post_res_nodes_mesh_nodes_t2021-12-03T00.npy
2021-12-05T01:00:00.000000000.nc,2021-12-05 01:00:00,2021-12-05 00:00:00,2021,2713,1.0,0,0.0,/share/prj-4d/graphcast_shared/data/graphcast_activation_2021/layer0008_mesh_gnn_post_res_nodes_mesh_nodes_t2021-12-05T00.npy
2021-12-05T03:00:00.000000000.nc,2021-12-05 03:00:00,2021-12-05 00:00:00,2021,2713,3.0,0,0.0,/share/prj-4d/graphcast_shared/data/graphcast_activation_2021/layer0008_mesh_gnn_post_res_nodes_mesh_nodes_t2021-12-05T00.npy
2021-12-07T05:00:00.000000000.nc,2021-12-07 05:00:00,2021-12-07 06:00:00,2021,2722,1.0,0,0.0,/share/prj-4d/graphcast_shared/data/graphcast_activation_2021/layer0008_mesh_gnn_post_res_nodes_mesh_nodes_t2021-12-07T06.npy
2021-12-13T00:00:00.000000000.nc,2021-12-13 00:00:00,2021-12-13 00:00:00,2021,2745,0.0,28,0.0006835603730286607,/share/prj-4d/graphcast_shared/data/graphcast_activation_2021/layer0008_mesh_gnn_post_res_nodes_mesh_nodes_t2021-12-13T00.npy
2021-12-17T00:00:00.000000000.nc,2021-12-17 00:00:00,2021-12-17 00:00:00,2021,2761,0.0,50,0.0012206435232654655,/share/prj-4d/graphcast_shared/data/graphcast_activation_2021/layer0008_mesh_gnn_post_res_nodes_mesh_nodes_t2021-12-17T00.npy
2021-12-19T06:00:00.000000000.nc,2021-12-19 06:00:00,2021-12-19 06:00:00,2021,2770,0.0,33,0.0008056247253552072,/share/prj-4d/graphcast_shared/data/graphcast_activation_2021/layer0008_mesh_gnn_post_res_nodes_mesh_nodes_t2021-12-19T06.npy
2021-12-20T16:00:00.000000000.nc,2021-12-20 16:00:00,2021-12-20 18:00:00,2021,2776,2.0,0,0.0,/share/prj-4d/graphcast_shared/data/graphcast_activation_2021/layer0008_mesh_gnn_post_res_nodes_mesh_nodes_t2021-12-20T18.npy
2021-12-21T00:00:00.000000000.nc,2021-12-21 00:00:00,2021-12-21 00:00:00,2021,2777,0.0,0,0.0,/share/prj-4d/graphcast_shared/data/graphcast_activation_2021/layer0008_mesh_gnn_post_res_nodes_mesh_nodes_t2021-12-21T00.npy
2021-12-23T22:00:00.000000000.nc,2021-12-23 22:00:00,2021-12-24 00:00:00,2021,2789,2.0,0,0.0,/share/prj-4d/graphcast_shared/data/graphcast_activation_2021/layer0008_mesh_gnn_post_res_nodes_mesh_nodes_t2021-12-24T00.npy
2021-12-27T09:00:00.000000000.nc,2021-12-27 09:00:00,2021-12-27 06:00:00,2021,2802,3.0,0,0.0,/share/prj-4d/graphcast_shared/data/graphcast_activation_2021/layer0008_mesh_gnn_post_res_nodes_mesh_nodes_t2021-12-27T06.npy
2021-12-27T12:00:00.000000000.nc,2021-12-27 12:00:00,2021-12-27 12:00:00,2021,2803,0.0,0,0.0,/share/prj-4d/graphcast_shared/data/graphcast_activation_2021/layer0008_mesh_gnn_post_res_nodes_mesh_nodes_t2021-12-27T12.npy
2021-12-30T02:00:00.000000000.nc,2021-12-30 02:00:00,2021-12-30 00:00:00,2021,2813,2.0,0,0.0,/share/prj-4d/graphcast_shared/data/graphcast_activation_2021/layer0008_mesh_gnn_post_res_nodes_mesh_nodes_t2021-12-30T00.npy
2021-12-30T13:00:00.000000000.nc,2021-12-30 13:00:00,2021-12-30 12:00:00,2021,2815,1.0,0,0.0,/share/prj-4d/graphcast_shared/data/graphcast_activation_2021/layer0008_mesh_gnn_post_res_nodes_mesh_nodes_t2021-12-30T12.npy
2021-12-31T04:00:00.000000000.nc,2021-12-31 04:00:00,2021-12-31 06:00:00,2021,2818,2.0,0,0.0,/share/prj-4d/graphcast_shared/data/graphcast_activation_2021/layer0008_mesh_gnn_post_res_nodes_mesh_nodes_t2021-12-31T06.npy
