pc_name,pc_index,val_r2,model_type,alpha,top1_variable,top1_score,top2_variable,top2_score,top3_variable,top3_score
PC_1,1,0.6278787851333618,Linear,None,land_sea_mask,0.22236700356006622,geopotential_at_surface,0.2038479745388031,longitude_cos,0.10506542026996613
PC_2,2,0.6564003825187683,Linear,None,specific_humidity_lev26,0.1056295707821846,specific_humidity_lev27,0.10359449684619904,land_sea_mask,0.10311170667409897
PC_3,3,0.4726870059967041,Linear,None,latitude_sin,0.06170523911714554,latitude,0.05808381736278534,specific_humidity_lev06,0.047223594039678574
PC_4,4,0.2876468300819397,Linear,None,latitude,0.09148015826940536,latitude_sin,0.0901973694562912,specific_humidity_lev07,0.08020012080669403
PC_5,5,0.23892754316329956,Linear,None,latitude_sin,0.10288871824741364,latitude,0.10224390774965286,specific_humidity_lev03,0.062003426253795624
PC_6,6,0.10927677154541016,Linear,None,mean_sea_level_pressure,0.0277834665030241,geopotential_lev36,0.026498589664697647,geopotential_lev35,0.02544081211090088
PC_7,7,0.15580999851226807,Linear,None,land_sea_mask,0.04633554816246033,local_time_cos,0.03950734809041023,latitude_sin,0.0381452739238739
PC_8,8,0.09870070219039917,Linear,None,geopotential_at_surface,0.033854689449071884,land_sea_mask,0.03320913389325142,specific_humidity_lev25,0.027749454602599144
PC_9,9,0.22478973865509033,Linear,None,10m_v_component_of_wind,0.0370960533618927,u_component_of_wind_lev32,0.037016578018665314,u_component_of_wind_lev33,0.037010807543992996
PC_10,10,0.38431280851364136,Linear,None,10m_v_component_of_wind,0.046955108642578125,v_component_of_wind_lev35,0.0466492623090744,v_component_of_wind_lev36,0.046568069607019424
PC_11,11,0.16095328330993652,Linear,None,year_progress_cos,0.026262760162353516,year_progress_sin,0.02455902472138405,geopotential_at_surface,0.023385634645819664
PC_12,12,0.3370145559310913,Linear,None,specific_humidity_lev18,0.05282319337129593,specific_humidity_lev17,0.052337393164634705,specific_humidity_lev19,0.049810342490673065
PC_13,13,0.18377655744552612,Linear,None,geopotential_at_surface,0.05562688037753105,land_sea_mask,0.051691651344299316,u_component_of_wind_lev36,0.04713067412376404
PC_14,14,0.149497389793396,Linear,None,specific_humidity_lev18,0.04082917049527168,specific_humidity_lev17,0.04062523692846298,specific_humidity_lev08,0.0390290692448616
PC_15,15,0.11104875802993774,Linear,None,geopotential_at_surface,0.05088437348604202,land_sea_mask,0.0468970350921154,longitude_cos,0.03617296367883682
PC_16,16,0.07271748781204224,Linear,None,geopotential_at_surface,0.03635503351688385,land_sea_mask,0.035640668123960495,specific_humidity_lev08,0.034283243119716644
PC_17,17,0.17269164323806763,Linear,None,specific_humidity_lev18,0.04553259536623955,year_progress_cos,0.0452117994427681,specific_humidity_lev17,0.04490170255303383
PC_18,18,0.17620110511779785,Linear,None,geopotential_at_surface,0.05797722563147545,specific_humidity_lev07,0.05093240737915039,specific_humidity_lev08,0.049939416348934174
PC_19,19,0.13453024625778198,Linear,None,u_component_of_wind_lev15,0.04334661737084389,u_component_of_wind_lev14,0.04310771822929382,u_component_of_wind_lev16,0.042893290519714355
PC_20,20,0.06225430965423584,Linear,None,specific_humidity_lev17,0.028528710827231407,specific_humidity_lev16,0.028522389009594917,specific_humidity_lev15,0.027766922488808632
PC_21,21,0.22835314273834229,Linear,None,land_sea_mask,0.07309693843126297,geopotential_at_surface,0.07087612897157669,specific_humidity_lev27,0.05536021664738655
PC_22,22,0.09765911102294922,Linear,None,latitude_sin,0.03022075816988945,latitude,0.029268262907862663,u_component_of_wind_lev18,0.02815198339521885
PC_23,23,0.19829624891281128,Linear,None,specific_humidity_lev08,0.04123009368777275,specific_humidity_lev07,0.03762729465961456,v_component_of_wind_lev18,0.03328530490398407
PC_24,24,0.09406137466430664,Linear,None,local_time_cos,0.04497949033975601,toa_incident_solar_radiation,0.04079212248325348,mean_sea_level_pressure,0.02630755677819252
PC_25,25,0.0688135027885437,Linear,None,v_component_of_wind_lev00,0.026191091164946556,geopotential_at_surface,0.025895223021507263,v_component_of_wind_lev01,0.023841453716158867
PC_26,26,0.09500670433044434,Linear,None,specific_humidity_lev28,0.03944651409983635,specific_humidity_lev27,0.03855085372924805,specific_humidity_lev29,0.03820833936333656
PC_27,27,0.06527972221374512,Linear,None,local_time_cos,0.0750383511185646,toa_incident_solar_radiation,0.07157818973064423,vertical_velocity_lev18,0.022590551525354385
PC_28,28,0.11189353466033936,Linear,None,geopotential_at_surface,0.0374622717499733,land_sea_mask,0.03129744529724121,specific_humidity_lev07,0.028856322169303894
PC_29,29,0.04844343662261963,Linear,None,local_time_cos,0.0899449810385704,toa_incident_solar_radiation,0.08607330173254013,specific_humidity_lev07,0.031050827354192734
PC_30,30,0.07772082090377808,Linear,None,local_time_cos,0.04676401987671852,toa_incident_solar_radiation,0.043388962745666504,latitude_sin,0.035129886120557785
PC_31,31,0.08691179752349854,Linear,None,local_time_cos,0.06886658817529678,toa_incident_solar_radiation,0.06749708950519562,land_sea_mask,0.0354815274477005
PC_32,32,0.05334371328353882,Linear,None,year_progress_sin,0.022582706063985825,latitude_sin,0.018728550523519516,latitude,0.01865023747086525
PC_33,33,0.08128833770751953,Linear,None,local_time_cos,0.04109185189008713,toa_incident_solar_radiation,0.03985883295536041,specific_humidity_lev07,0.03319578245282173
PC_34,34,0.05887043476104736,Linear,None,local_time_cos,0.04399711638689041,toa_incident_solar_radiation,0.042145587503910065,u_component_of_wind_lev08,0.024039972573518753
PC_35,35,0.041571855545043945,Linear,None,specific_humidity_lev08,0.030587146058678627,specific_humidity_lev07,0.03034789301455021,v_component_of_wind_lev12,0.021532341837882996
PC_36,36,0.05591660737991333,Linear,None,temperature_lev13,0.03126240894198418,temperature_lev14,0.030224571004509926,temperature_lev12,0.023413171991705894
PC_37,37,0.06057238578796387,Linear,None,specific_humidity_lev07,0.038516975939273834,specific_humidity_lev08,0.03823189437389374,local_time_cos,0.027536634355783463
PC_38,38,0.027659893035888672,Linear,None,toa_incident_solar_radiation,0.03511996567249298,local_time_cos,0.03474216163158417,land_sea_mask,0.01819685287773609
PC_39,39,0.046891629695892334,Linear,None,specific_humidity_lev00,0.023008204996585846,local_time_cos,0.021547941491007805,year_progress_sin,0.020695548504590988
PC_40,40,0.07396841049194336,Linear,None,geopotential_at_surface,0.02961360290646553,land_sea_mask,0.025891616940498352,local_time_cos,0.02516074664890766
PC_41,41,0.030996382236480713,Linear,None,u_component_of_wind_lev08,0.0277499221265316,latitude_sin,0.027254708111286163,latitude,0.0263737291097641
PC_42,42,0.048928260803222656,Linear,None,local_time_cos,0.0757894515991211,toa_incident_solar_radiation,0.0739867091178894,land_sea_mask,0.03465726971626282
PC_43,43,0.026456058025360107,Linear,None,specific_humidity_lev10,0.021176327019929886,year_progress_sin,0.020072471350431442,v_component_of_wind_lev11,0.013935708440840244
PC_44,44,0.051081299781799316,Linear,None,specific_humidity_lev07,0.03493459150195122,specific_humidity_lev08,0.03367360308766365,specific_humidity_lev09,0.032557591795921326
PC_45,45,0.05086761713027954,Linear,None,specific_humidity_lev09,0.03248177096247673,specific_humidity_lev00,0.03190075233578682,specific_humidity_lev01,0.02500978484749794
PC_46,46,0.037588298320770264,Linear,None,geopotential_at_surface,0.019763940945267677,temperature_lev00,0.01654345728456974,land_sea_mask,0.016226937994360924
PC_47,47,0.034673869609832764,Linear,None,temperature_lev13,0.02364935539662838,temperature_lev14,0.022688867524266243,land_sea_mask,0.020007360726594925
PC_48,48,0.05908799171447754,Linear,None,local_time_cos,0.03569208085536957,toa_incident_solar_radiation,0.0329170823097229,specific_humidity_lev17,0.017451349645853043
PC_49,49,0.05047565698623657,Linear,None,year_progress_sin,0.026573389768600464,specific_humidity_lev16,0.02643415331840515,specific_humidity_lev17,0.025920657441020012
PC_50,50,0.03725796937942505,Linear,None,vertical_velocity_lev11,0.021760286763310432,specific_humidity_lev08,0.02054961398243904,specific_humidity_lev07,0.020320899784564972
PC_51,51,0.058397114276885986,Linear,None,u_component_of_wind_lev08,0.025494933128356934,u_component_of_wind_lev09,0.023259572684764862,u_component_of_wind_lev07,0.019945161417126656
PC_52,52,0.0556255578994751,Linear,None,local_time_cos,0.034159354865550995,toa_incident_solar_radiation,0.0334288664162159,u_component_of_wind_lev07,0.027346434071660042
PC_53,53,0.024193942546844482,Linear,None,land_sea_mask,0.03373747318983078,geopotential_at_surface,0.03284621983766556,u_component_of_wind_lev08,0.02696976438164711
PC_54,54,0.04498642683029175,Linear,None,local_time_cos,0.06748329102993011,toa_incident_solar_radiation,0.06468106061220169,year_progress_sin,0.02599889039993286
PC_55,55,0.041149020195007324,Linear,None,local_time_cos,0.04291701316833496,toa_incident_solar_radiation,0.04152494668960571,vertical_velocity_lev26,0.021454062312841415
PC_56,56,0.05019634962081909,Linear,None,local_time_cos,0.028583649545907974,toa_incident_solar_radiation,0.027233585715293884,specific_humidity_lev10,0.022384334355592728
PC_57,57,0.025780200958251953,Linear,None,year_progress_sin,0.035145945847034454,specific_humidity_lev10,0.02950996160507202,local_time_cos,0.02649831399321556
PC_58,58,0.01832813024520874,Linear,None,local_time_cos,0.035714905709028244,toa_incident_solar_radiation,0.031180277466773987,u_component_of_wind_lev03,0.01723754033446312
PC_59,59,0.031176328659057617,Linear,None,specific_humidity_lev08,0.042090125381946564,specific_humidity_lev07,0.038253843784332275,u_component_of_wind_lev07,0.03076218068599701
PC_60,60,0.013552665710449219,Linear,None,local_time_cos,0.05878220126032829,toa_incident_solar_radiation,0.05804769694805145,land_sea_mask,0.013911684975028038
PC_61,61,0.022482335567474365,Linear,None,local_time_cos,0.034697867929935455,toa_incident_solar_radiation,0.033756323158741,year_progress_sin,0.029125787317752838
PC_62,62,0.04196953773498535,Linear,None,local_time_cos,0.03626704961061478,toa_incident_solar_radiation,0.03409412503242493,year_progress_sin,0.022429190576076508
PC_63,63,0.010370492935180664,Linear,None,v_component_of_wind_lev08,0.013454318046569824,local_time_cos,0.013441871851682663,v_component_of_wind_lev07,0.013191940262913704
PC_64,64,0.03842616081237793,Linear,None,v_component_of_wind_lev08,0.034450266510248184,v_component_of_wind_lev07,0.032130323350429535,v_component_of_wind_lev09,0.03155781701207161
PC_65,65,0.03994101285934448,Linear,None,local_time_cos,0.06525275111198425,toa_incident_solar_radiation,0.06256018579006195,v_component_of_wind_lev08,0.018060216680169106
PC_66,66,0.02901756763458252,Linear,None,local_time_cos,0.04113259166479111,toa_incident_solar_radiation,0.040255606174468994,vertical_velocity_lev36,0.017208481207489967
PC_67,67,0.055262207984924316,Linear,None,specific_humidity_lev10,0.050377257168293,year_progress_sin,0.04917895793914795,specific_humidity_lev09,0.03736176714301109
PC_68,68,0.03483480215072632,Linear,None,vertical_velocity_lev19,0.02180207520723343,vertical_velocity_lev20,0.02119765616953373,year_progress_sin,0.021019861102104187
PC_69,69,0.06550353765487671,Linear,None,toa_incident_solar_radiation,0.03894365206360817,local_time_cos,0.037563130259513855,year_progress_sin,0.02818336710333824
PC_70,70,0.04591292142868042,Linear,None,v_component_of_wind_lev08,0.03032539412379265,v_component_of_wind_lev07,0.028303323313593864,v_component_of_wind_lev09,0.026786258444190025
PC_71,71,0.03468197584152222,Linear,None,vertical_velocity_lev36,0.025280801579356194,vertical_velocity_lev35,0.023405659943819046,vertical_velocity_lev34,0.019979719072580338
PC_72,72,0.011035919189453125,Linear,None,specific_humidity_lev00,0.028262082487344742,year_progress_cos,0.028180282562971115,specific_humidity_lev01,0.027180446311831474
PC_73,73,0.03435790538787842,Linear,None,year_progress_sin,0.034523919224739075,specific_humidity_lev10,0.029754389077425003,geopotential_at_surface,0.023128611966967583
PC_74,74,0.041670024394989014,Linear,None,year_progress_sin,0.03984885662794113,specific_humidity_lev10,0.03401816263794899,specific_humidity_lev28,0.02115083672106266
PC_75,75,0.029413163661956787,Linear,None,local_time_cos,0.04305405914783478,toa_incident_solar_radiation,0.03978525102138519,specific_humidity_lev18,0.021912498399615288
PC_76,76,0.026685893535614014,Linear,None,specific_humidity_lev00,0.026337619870901108,specific_humidity_lev10,0.024098336696624756,year_progress_sin,0.023460254073143005
PC_77,77,0.035045504570007324,Linear,None,local_time_cos,0.03080308809876442,toa_incident_solar_radiation,0.0277368426322937,year_progress_cos,0.015551252290606499
PC_78,78,0.033482134342193604,Linear,None,local_time_cos,0.07557114958763123,toa_incident_solar_radiation,0.07066363096237183,year_progress_sin,0.03153279423713684
PC_79,79,0.043190062046051025,Linear,None,local_time_cos,0.03850517421960831,toa_incident_solar_radiation,0.03664683550596237,specific_humidity_lev17,0.016400592401623726
PC_80,80,0.04243963956832886,Linear,None,vertical_velocity_lev11,0.03061997890472412,specific_humidity_lev16,0.027397520840168,specific_humidity_lev15,0.027369476854801178
PC_81,81,0.024403274059295654,Linear,None,specific_humidity_lev10,0.019078683108091354,specific_humidity_lev07,0.018652064725756645,year_progress_sin,0.01835491880774498
PC_82,82,0.011333763599395752,Linear,None,geopotential_at_surface,0.03102083131670952,land_sea_mask,0.029966983944177628,local_time_cos,0.02407063916325569
PC_83,83,0.05587637424468994,Linear,None,vertical_velocity_lev24,0.02659912034869194,vertical_velocity_lev25,0.025805052369832993,vertical_velocity_lev35,0.024740418419241905
PC_84,84,0.023695707321166992,Linear,None,specific_humidity_lev10,0.03031001426279545,year_progress_sin,0.02953495644032955,land_sea_mask,0.023748552426695824
PC_85,85,0.004237353801727295,Linear,None,year_progress_sin,0.032519638538360596,specific_humidity_lev10,0.029523026198148727,specific_humidity_lev00,0.028532344847917557
PC_86,86,0.018438398838043213,Linear,None,latitude_sin,0.015524700284004211,year_progress_cos,0.015045586042106152,u_component_of_wind_lev01,0.014887671917676926
PC_87,87,0.028579354286193848,Linear,None,local_time_cos,0.03776423633098602,toa_incident_solar_radiation,0.03452959656715393,temperature_lev14,0.01785380393266678
PC_88,88,0.027179718017578125,Linear,None,local_time_cos,0.04761754721403122,toa_incident_solar_radiation,0.04607043042778969,vertical_velocity_lev17,0.016632352024316788
PC_89,89,0.016290903091430664,Linear,None,land_sea_mask,0.025381136685609818,geopotential_at_surface,0.020457183942198753,longitude_cos,0.017693351954221725
PC_90,90,0.031779587268829346,Linear,None,local_time_cos,0.0449826717376709,toa_incident_solar_radiation,0.044968534260988235,specific_humidity_lev01,0.018430424854159355
PC_91,91,0.019681870937347412,Linear,None,v_component_of_wind_lev08,0.018166277557611465,v_component_of_wind_lev09,0.016987590119242668,v_component_of_wind_lev07,0.015985684469342232
PC_92,92,0.025364995002746582,Linear,None,vertical_velocity_lev11,0.024064235389232635,specific_humidity_lev10,0.021720264106988907,vertical_velocity_lev10,0.021085813641548157
PC_93,93,0.015493154525756836,Linear,None,specific_humidity_lev09,0.02574273943901062,local_time_cos,0.025253552943468094,year_progress_sin,0.025030305609107018
PC_94,94,0.03975534439086914,Linear,None,year_progress_sin,0.029249314218759537,land_sea_mask,0.02862352691590786,specific_humidity_lev10,0.024304941296577454
PC_95,95,0.022002875804901123,Linear,None,geopotential_at_surface,0.019564948976039886,v_component_of_wind_lev08,0.015469638630747795,land_sea_mask,0.015130255371332169
PC_96,96,0.01960301399230957,Linear,None,local_time_cos,0.027658816426992416,toa_incident_solar_radiation,0.026308707892894745,year_progress_sin,0.023028582334518433
PC_97,97,0.024470210075378418,Linear,None,vertical_velocity_lev11,0.02141178771853447,toa_incident_solar_radiation,0.02059338428080082,local_time_cos,0.020131751894950867
PC_98,98,0.032046735286712646,Linear,None,v_component_of_wind_lev08,0.021387789398431778,v_component_of_wind_lev07,0.020565006881952286,v_component_of_wind_lev09,0.017825327813625336
PC_99,99,0.021122395992279053,Linear,None,local_time_cos,0.034381020814180374,toa_incident_solar_radiation,0.031254686415195465,vertical_velocity_lev11,0.018846910446882248
PC_100,100,0.017209649085998535,Linear,None,specific_humidity_lev10,0.018452562391757965,year_progress_sin,0.01751994900405407,specific_humidity_lev09,0.016084397211670876
PC_101,101,0.016607820987701416,Linear,None,vertical_velocity_lev26,0.016419989988207817,vertical_velocity_lev27,0.016351841390132904,vertical_velocity_lev28,0.01541522890329361
PC_102,102,0.04264003038406372,Linear,None,land_sea_mask,0.029037348926067352,geopotential_at_surface,0.028550583869218826,longitude_cos,0.02038126066327095
PC_103,103,0.019670069217681885,Linear,None,geopotential_at_surface,0.01562518998980522,vertical_velocity_lev14,0.012612692080438137,land_sea_mask,0.011883293278515339
PC_104,104,0.039601147174835205,Linear,None,year_progress_sin,0.03502031788229942,specific_humidity_lev10,0.030592728406190872,specific_humidity_lev09,0.023718873038887978
PC_105,105,0.0025933384895324707,Linear,None,year_progress_sin,0.014551851898431778,specific_humidity_lev00,0.012734541669487953,specific_humidity_lev10,0.011969072744250298
PC_106,106,0.016214847564697266,Linear,None,year_progress_sin,0.04917389526963234,specific_humidity_lev10,0.04651609808206558,specific_humidity_lev09,0.03386399522423744
PC_107,107,0.02994096279144287,Linear,None,local_time_cos,0.016877369955182076,land_sea_mask,0.01610289141535759,specific_humidity_lev10,0.015764566138386726
PC_108,108,0.020990610122680664,Linear,None,specific_humidity_lev09,0.024721765890717506,specific_humidity_lev10,0.021501926705241203,latitude_sin,0.018732091411948204
PC_109,109,0.052092909812927246,Linear,None,local_time_cos,0.057556718587875366,toa_incident_solar_radiation,0.052691951394081116,specific_humidity_lev09,0.03309224545955658
PC_110,110,0.02397596836090088,Linear,None,specific_humidity_lev08,0.02595250867307186,vertical_velocity_lev16,0.022538386285305023,vertical_velocity_lev15,0.02225266583263874
PC_111,111,0.025133907794952393,Linear,None,year_progress_sin,0.04014250263571739,specific_humidity_lev10,0.034516047686338425,specific_humidity_lev09,0.028007900342345238
PC_112,112,0.030788838863372803,Linear,None,vertical_velocity_lev14,0.01972060650587082,vertical_velocity_lev15,0.017692556604743004,vertical_velocity_lev13,0.017504747956991196
PC_113,113,0.026163816452026367,Linear,None,specific_humidity_lev09,0.02497095987200737,toa_incident_solar_radiation,0.023354673758149147,specific_humidity_lev10,0.023270566016435623
PC_114,114,0.022756576538085938,Linear,None,geopotential_at_surface,0.018935542553663254,land_sea_mask,0.018467942252755165,vertical_velocity_lev24,0.014554252848029137
PC_115,115,0.029662132263183594,Linear,None,year_progress_sin,0.028446191921830177,specific_humidity_lev10,0.02339125983417034,vertical_velocity_lev15,0.0219639390707016
PC_116,116,0.03807175159454346,Linear,None,vertical_velocity_lev11,0.02440556325018406,vertical_velocity_lev35,0.02095416933298111,vertical_velocity_lev36,0.02059922367334366
PC_117,117,0.03165555000305176,Linear,None,local_time_cos,0.04367554932832718,toa_incident_solar_radiation,0.0417039692401886,specific_humidity_lev08,0.02000083401799202
PC_118,118,0.011947095394134521,Linear,None,year_progress_sin,0.015481146983802319,specific_humidity_lev10,0.01452462375164032,specific_humidity_lev00,0.014212416484951973
PC_119,119,0.030097663402557373,Linear,None,local_time_cos,0.04004158079624176,toa_incident_solar_radiation,0.03605255112051964,temperature_lev00,0.014871854335069656
PC_120,120,0.04452157020568848,Linear,None,year_progress_sin,0.0520411916077137,specific_humidity_lev10,0.05194796621799469,local_time_cos,0.040861185640096664
PC_121,121,0.02983701229095459,Linear,None,specific_humidity_lev10,0.019782016053795815,vertical_velocity_lev35,0.01861366629600525,vertical_velocity_lev10,0.018593551591038704
PC_122,122,0.017437338829040527,Linear,None,vertical_velocity_lev14,0.0184982568025589,vertical_velocity_lev15,0.01837657392024994,vertical_velocity_lev10,0.017793716862797737
PC_123,123,0.019862473011016846,Linear,None,vertical_velocity_lev18,0.0174624715000391,vertical_velocity_lev17,0.016337106004357338,vertical_velocity_lev26,0.01621055044233799
PC_124,124,0.015464544296264648,Linear,None,year_progress_sin,0.019901521503925323,specific_humidity_lev10,0.01906699314713478,local_time_cos,0.01589968614280224
PC_125,125,0.008665323257446289,Linear,None,local_time_cos,0.029360763728618622,toa_incident_solar_radiation,0.028521541506052017,latitude_sin,0.014828667044639587
PC_126,126,0.038871586322784424,Linear,None,specific_humidity_lev10,0.03871636465191841,year_progress_sin,0.036299966275691986,specific_humidity_lev09,0.03251364827156067
PC_127,127,0.03886908292770386,Linear,None,vertical_velocity_lev35,0.03021055832505226,vertical_velocity_lev36,0.02920982800424099,vertical_velocity_lev34,0.02753588929772377
PC_128,128,0.018593907356262207,Linear,None,local_time_cos,0.024682044982910156,vertical_velocity_lev35,0.02338976413011551,toa_incident_solar_radiation,0.02294931933283806
PC_129,129,0.031056344509124756,Linear,None,toa_incident_solar_radiation,0.027234572917222977,local_time_cos,0.026974763721227646,vertical_velocity_lev16,0.023852957412600517
PC_130,130,0.01344764232635498,Linear,None,specific_humidity_lev10,0.031349241733551025,year_progress_sin,0.030000578612089157,specific_humidity_lev09,0.020309733226895332
PC_131,131,0.027218937873840332,Linear,None,specific_humidity_lev09,0.0316130705177784,year_progress_sin,0.02866295911371708,specific_humidity_lev10,0.02779434435069561
PC_132,132,0.02937173843383789,Linear,None,specific_humidity_lev10,0.02344227209687233,year_progress_sin,0.021012963727116585,specific_humidity_lev00,0.01627359353005886
PC_133,133,0.012388408184051514,Linear,None,year_progress_sin,0.018880072981119156,specific_humidity_lev10,0.018615400418639183,vertical_velocity_lev36,0.014008702710270882
PC_134,134,0.015643417835235596,Linear,None,vertical_velocity_lev11,0.018501833081245422,vertical_velocity_lev12,0.01276756264269352,year_progress_cos,0.011399040929973125
PC_135,135,0.005936861038208008,Linear,None,specific_humidity_lev10,0.018115466460585594,year_progress_sin,0.01754584349691868,specific_humidity_lev00,0.015182910487055779
PC_136,136,0.013736069202423096,Linear,None,year_progress_sin,0.0229265745729208,specific_humidity_lev10,0.022846007719635963,specific_humidity_lev09,0.017083877697587013
PC_137,137,0.017617642879486084,Linear,None,vertical_velocity_lev36,0.01958579756319523,u_component_of_wind_lev08,0.018949341028928757,vertical_velocity_lev35,0.018069980666041374
PC_138,138,0.01656132936477661,Linear,None,toa_incident_solar_radiation,0.029776308685541153,local_time_cos,0.029108334332704544,geopotential_at_surface,0.016575835645198822
PC_139,139,0.01762181520462036,Linear,None,year_progress_sin,0.03507574275135994,specific_humidity_lev10,0.03431177884340286,specific_humidity_lev00,0.02976052276790142
PC_140,140,0.0029164552688598633,Linear,None,vertical_velocity_lev14,0.020847272127866745,vertical_velocity_lev15,0.018597368150949478,vertical_velocity_lev13,0.016873111948370934
PC_141,141,0.01576054096221924,Linear,None,vertical_velocity_lev14,0.018456527963280678,local_time_cos,0.01831735298037529,toa_incident_solar_radiation,0.017880162224173546
PC_142,142,0.0040735602378845215,Linear,None,year_progress_sin,0.023298438638448715,specific_humidity_lev10,0.02078446000814438,specific_humidity_lev09,0.01621413044631481
PC_143,143,0.02127981185913086,Linear,None,vertical_velocity_lev11,0.03354155644774437,vertical_velocity_lev12,0.03249577432870865,vertical_velocity_lev25,0.024842742830514908
PC_144,144,0.012224197387695312,Linear,None,local_time_cos,0.031035814434289932,toa_incident_solar_radiation,0.0307249054312706,year_progress_sin,0.01662776619195938
PC_145,145,0.009302735328674316,Linear,None,geopotential_at_surface,0.015506790950894356,vertical_velocity_lev15,0.01452607475221157,vertical_velocity_lev16,0.013657130300998688
PC_146,146,-0.0073735713958740234,Linear,None,year_progress_sin,0.02835775539278984,specific_humidity_lev10,0.027381960302591324,vertical_velocity_lev11,0.024295788258314133
PC_147,147,0.023343801498413086,Linear,None,local_time_cos,0.028645850718021393,toa_incident_solar_radiation,0.02483467198908329,specific_humidity_lev10,0.022126197814941406
PC_148,148,-0.0015441179275512695,Linear,None,specific_humidity_lev09,0.022930337116122246,year_progress_sin,0.021636279299855232,specific_humidity_lev10,0.02108803391456604
PC_149,149,0.008070766925811768,Linear,None,vertical_velocity_lev11,0.025354774668812752,vertical_velocity_lev10,0.021661801263689995,vertical_velocity_lev20,0.015503257513046265
PC_150,150,0.026124954223632812,Linear,None,vertical_velocity_lev12,0.024127870798110962,vertical_velocity_lev13,0.02224058099091053,specific_humidity_lev09,0.02095484361052513
PC_151,151,0.021550416946411133,Linear,None,local_time_cos,0.030454345047473907,toa_incident_solar_radiation,0.029181770980358124,vertical_velocity_lev36,0.0165904201567173
PC_152,152,0.02516782283782959,Linear,None,local_time_cos,0.026389770209789276,toa_incident_solar_radiation,0.02534640207886696,vertical_velocity_lev13,0.01474707294255495
PC_153,153,0.013334214687347412,Linear,None,year_progress_sin,0.030085280537605286,specific_humidity_lev10,0.029962418600916862,specific_humidity_lev09,0.02564140409231186
PC_154,154,0.010133445262908936,Linear,None,vertical_velocity_lev36,0.02097894623875618,vertical_velocity_lev35,0.0208132341504097,vertical_velocity_lev34,0.018493881449103355
PC_155,155,0.01997840404510498,Linear,None,specific_humidity_lev10,0.028864849358797073,year_progress_sin,0.024670112878084183,specific_humidity_lev09,0.024343768134713173
PC_156,156,0.005518138408660889,Linear,None,local_time_cos,0.02226998284459114,toa_incident_solar_radiation,0.021346503868699074,specific_humidity_lev08,0.015214525163173676
PC_157,157,0.015472173690795898,Linear,None,year_progress_sin,0.024078771471977234,year_progress_cos,0.021161463111639023,specific_humidity_lev10,0.02035839669406414
PC_158,158,0.006226480007171631,Linear,None,year_progress_sin,0.025866972282528877,specific_humidity_lev10,0.024158580228686333,vertical_velocity_lev11,0.021529238671064377
PC_159,159,0.011638760566711426,Linear,None,toa_incident_solar_radiation,0.022713519632816315,local_time_cos,0.022613927721977234,year_progress_sin,0.01925114542245865
PC_160,160,0.013292551040649414,Linear,None,vertical_velocity_lev13,0.018419144675135612,vertical_velocity_lev14,0.016155513003468513,vertical_velocity_lev20,0.015915555879473686
PC_161,161,0.007857203483581543,Linear,None,vertical_velocity_lev11,0.020393552258610725,year_progress_sin,0.014832839369773865,specific_humidity_lev16,0.01411472074687481
PC_162,162,0.013714909553527832,Linear,None,vertical_velocity_lev11,0.02506588213145733,vertical_velocity_lev10,0.018793664872646332,vertical_velocity_lev15,0.017340589314699173
PC_163,163,0.008359849452972412,Linear,None,specific_humidity_lev09,0.02685762383043766,specific_humidity_lev00,0.02576534077525139,specific_humidity_lev01,0.021572157740592957
PC_164,164,0.021989166736602783,Linear,None,year_progress_sin,0.013855481520295143,specific_humidity_lev10,0.012522338889539242,specific_humidity_lev09,0.01121898926794529
PC_165,165,0.019646763801574707,Linear,None,year_progress_sin,0.03610758110880852,specific_humidity_lev10,0.03324704244732857,specific_humidity_lev09,0.02198426052927971
PC_166,166,0.003542959690093994,Linear,None,year_progress_cos,0.01677895337343216,specific_humidity_lev00,0.014464476145803928,specific_humidity_lev01,0.01431813184171915
PC_167,167,0.026371777057647705,Linear,None,specific_humidity_lev09,0.025245700031518936,specific_humidity_lev10,0.022511838003993034,year_progress_sin,0.022329090163111687
PC_168,168,0.0072800517082214355,Linear,None,vertical_velocity_lev35,0.011579512618482113,vertical_velocity_lev34,0.01101677305996418,vertical_velocity_lev36,0.010820004157721996
PC_169,169,0.005996525287628174,Linear,None,specific_humidity_lev09,0.015141863375902176,vertical_velocity_lev11,0.013200446963310242,specific_humidity_lev00,0.013113908469676971
PC_170,170,0.00835031270980835,Linear,None,year_progress_cos,0.015870049595832825,specific_humidity_lev00,0.013496026396751404,specific_humidity_lev01,0.012386692687869072
PC_171,171,0.00524669885635376,Linear,None,specific_humidity_lev08,0.016518155112862587,specific_humidity_lev07,0.01373307965695858,specific_humidity_lev09,0.013048064894974232
PC_172,172,0.008972227573394775,Linear,None,vertical_velocity_lev11,0.02381770871579647,vertical_velocity_lev12,0.019349664449691772,specific_humidity_lev10,0.017195740714669228
PC_173,173,0.008326709270477295,Linear,None,vertical_velocity_lev25,0.011320462450385094,vertical_velocity_lev24,0.011069182306528091,vertical_velocity_lev36,0.010412579402327538
PC_174,174,0.0028540492057800293,Linear,None,specific_humidity_lev00,0.016185380518436432,specific_humidity_lev09,0.01556272991001606,vertical_velocity_lev12,0.015372999012470245
PC_175,175,0.013563930988311768,Linear,None,land_sea_mask,0.02047553099691868,geopotential_at_surface,0.01688673533499241,vertical_velocity_lev11,0.013879958540201187
PC_176,176,0.0076898932456970215,Linear,None,local_time_cos,0.03300522267818451,toa_incident_solar_radiation,0.03055598959326744,specific_humidity_lev10,0.02711677737534046
PC_177,177,0.001665353775024414,Linear,None,toa_incident_solar_radiation,0.011703909374773502,vertical_velocity_lev36,0.01161065511405468,vertical_velocity_lev35,0.011276879347860813
PC_178,178,0.00729447603225708,Linear,None,local_time_cos,0.024950390681624413,toa_incident_solar_radiation,0.024259379133582115,specific_humidity_lev28,0.012158694677054882
PC_179,179,0.014994204044342041,Linear,None,local_time_cos,0.019910167902708054,toa_incident_solar_radiation,0.019523985683918,vertical_velocity_lev12,0.013738064095377922
PC_180,180,0.0029321908950805664,Linear,None,vertical_velocity_lev11,0.016976481303572655,vertical_velocity_lev10,0.015281543135643005,specific_humidity_lev07,0.013495066203176975
PC_181,181,0.015145599842071533,Linear,None,specific_humidity_lev08,0.02671731822192669,specific_humidity_lev07,0.02515857107937336,local_time_cos,0.0179192703217268
PC_182,182,0.02337580919265747,Linear,None,vertical_velocity_lev20,0.014428426511585712,vertical_velocity_lev21,0.01438906043767929,local_time_cos,0.012706791050732136
PC_183,183,0.003018796443939209,Linear,None,geopotential_at_surface,0.015073994174599648,land_sea_mask,0.014063125476241112,vertical_velocity_lev13,0.012694599106907845
PC_184,184,0.008569836616516113,Linear,None,specific_humidity_lev08,0.010307932272553444,latitude,0.010254641994833946,latitude_sin,0.010189846158027649
PC_185,185,0.02202552556991577,Linear,None,local_time_cos,0.0319913849234581,toa_incident_solar_radiation,0.03182569146156311,v_component_of_wind_lev08,0.013397947885096073
PC_186,186,0.0021451711654663086,Linear,None,local_time_cos,0.015661146491765976,toa_incident_solar_radiation,0.014155502431094646,vertical_velocity_lev13,0.010785186663269997
PC_187,187,0.009287357330322266,Linear,None,year_progress_sin,0.028704026713967323,specific_humidity_lev10,0.027732424437999725,local_time_cos,0.01943644881248474
PC_188,188,0.013110339641571045,Linear,None,vertical_velocity_lev12,0.023539815098047256,vertical_velocity_lev11,0.02231886051595211,vertical_velocity_lev13,0.01706930436193943
PC_189,189,0.0024393796920776367,Linear,None,vertical_velocity_lev34,0.009669290855526924,vertical_velocity_lev35,0.009646546095609665,vertical_velocity_lev33,0.009331479668617249
PC_190,190,0.00895017385482788,Linear,None,vertical_velocity_lev11,0.030917959287762642,vertical_velocity_lev12,0.02375532127916813,vertical_velocity_lev10,0.017975181341171265
PC_191,191,0.011271655559539795,Linear,None,vertical_velocity_lev11,0.026630518957972527,vertical_velocity_lev10,0.017276162281632423,vertical_velocity_lev12,0.01593371108174324
PC_192,192,0.012358427047729492,Linear,None,vertical_velocity_lev26,0.01567601040005684,vertical_velocity_lev27,0.01489284262061119,vertical_velocity_lev25,0.01446482352912426
