source,gamma,lead_hours,forecast_valid_time,global_mean_ivt,file
GraphCast,-1.0,6.0,2021-07-18 06:00:00,190.43000545155147,results/perturbation/AR/Node_Hierarchy_Level_M6/raw_activations/2021-07-18T00/data/gamma_-1.0.nc
GraphCast,-1.0,12.0,2021-07-18 12:00:00,187.5481778852953,results/perturbation/AR/Node_Hierarchy_Level_M6/raw_activations/2021-07-18T00/data/gamma_-1.0.nc
GraphCast,-1.0,18.0,2021-07-18 18:00:00,186.00244889635516,results/perturbation/AR/Node_Hierarchy_Level_M6/raw_activations/2021-07-18T00/data/gamma_-1.0.nc
GraphCast,-1.0,24.0,2021-07-19 00:00:00,184.41969995910364,results/perturbation/AR/Node_Hierarchy_Level_M6/raw_activations/2021-07-18T00/data/gamma_-1.0.nc
GraphCast,-1.0,30.0,2021-07-19 06:00:00,184.7358634859541,results/perturbation/AR/Node_Hierarchy_Level_M6/raw_activations/2021-07-18T00/data/gamma_-1.0.nc
GraphCast,-1.0,36.0,2021-07-19 12:00:00,181.7891158352627,results/perturbation/AR/Node_Hierarchy_Level_M6/raw_activations/2021-07-18T00/data/gamma_-1.0.nc
GraphCast,-1.0,42.0,2021-07-19 18:00:00,179.8872536067444,results/perturbation/AR/Node_Hierarchy_Level_M6/raw_activations/2021-07-18T00/data/gamma_-1.0.nc
GraphCast,-1.0,48.0,2021-07-20 00:00:00,177.93881174177517,results/perturbation/AR/Node_Hierarchy_Level_M6/raw_activations/2021-07-18T00/data/gamma_-1.0.nc
GraphCast,-1.0,54.0,2021-07-20 06:00:00,178.58372208034345,results/perturbation/AR/Node_Hierarchy_Level_M6/raw_activations/2021-07-18T00/data/gamma_-1.0.nc
GraphCast,-1.0,60.0,2021-07-20 12:00:00,176.72434214682286,results/perturbation/AR/Node_Hierarchy_Level_M6/raw_activations/2021-07-18T00/data/gamma_-1.0.nc
GraphCast,-1.0,66.0,2021-07-20 18:00:00,176.40967614866213,results/perturbation/AR/Node_Hierarchy_Level_M6/raw_activations/2021-07-18T00/data/gamma_-1.0.nc
GraphCast,-1.0,72.0,2021-07-21 00:00:00,175.75052908785312,results/perturbation/AR/Node_Hierarchy_Level_M6/raw_activations/2021-07-18T00/data/gamma_-1.0.nc
GraphCast,-1.0,78.0,2021-07-21 06:00:00,177.86156251657656,results/perturbation/AR/Node_Hierarchy_Level_M6/raw_activations/2021-07-18T00/data/gamma_-1.0.nc
GraphCast,-1.0,84.0,2021-07-21 12:00:00,176.63753496319165,results/perturbation/AR/Node_Hierarchy_Level_M6/raw_activations/2021-07-18T00/data/gamma_-1.0.nc
GraphCast,-1.0,90.0,2021-07-21 18:00:00,177.08738381612793,results/perturbation/AR/Node_Hierarchy_Level_M6/raw_activations/2021-07-18T00/data/gamma_-1.0.nc
GraphCast,-1.0,96.0,2021-07-22 00:00:00,176.91402191449578,results/perturbation/AR/Node_Hierarchy_Level_M6/raw_activations/2021-07-18T00/data/gamma_-1.0.nc
GraphCast,-1.0,102.0,2021-07-22 06:00:00,179.45716577364794,results/perturbation/AR/Node_Hierarchy_Level_M6/raw_activations/2021-07-18T00/data/gamma_-1.0.nc
GraphCast,-1.0,108.0,2021-07-22 12:00:00,178.90502813389918,results/perturbation/AR/Node_Hierarchy_Level_M6/raw_activations/2021-07-18T00/data/gamma_-1.0.nc
GraphCast,-1.0,114.0,2021-07-22 18:00:00,178.92062478593232,results/perturbation/AR/Node_Hierarchy_Level_M6/raw_activations/2021-07-18T00/data/gamma_-1.0.nc
GraphCast,-1.0,120.0,2021-07-23 00:00:00,178.40233391851942,results/perturbation/AR/Node_Hierarchy_Level_M6/raw_activations/2021-07-18T00/data/gamma_-1.0.nc
GraphCast,-0.5,6.0,2021-07-18 06:00:00,191.36851665978256,results/perturbation/AR/Node_Hierarchy_Level_M6/raw_activations/2021-07-18T00/data/gamma_-0.5.nc
GraphCast,-0.5,12.0,2021-07-18 12:00:00,189.05935135039363,results/perturbation/AR/Node_Hierarchy_Level_M6/raw_activations/2021-07-18T00/data/gamma_-0.5.nc
GraphCast,-0.5,18.0,2021-07-18 18:00:00,187.945630178788,results/perturbation/AR/Node_Hierarchy_Level_M6/raw_activations/2021-07-18T00/data/gamma_-0.5.nc
GraphCast,-0.5,24.0,2021-07-19 00:00:00,186.65620061580782,results/perturbation/AR/Node_Hierarchy_Level_M6/raw_activations/2021-07-18T00/data/gamma_-0.5.nc
GraphCast,-0.5,30.0,2021-07-19 06:00:00,187.15064943433885,results/perturbation/AR/Node_Hierarchy_Level_M6/raw_activations/2021-07-18T00/data/gamma_-0.5.nc
GraphCast,-0.5,36.0,2021-07-19 12:00:00,184.41879080396797,results/perturbation/AR/Node_Hierarchy_Level_M6/raw_activations/2021-07-18T00/data/gamma_-0.5.nc
GraphCast,-0.5,42.0,2021-07-19 18:00:00,182.71720736580752,results/perturbation/AR/Node_Hierarchy_Level_M6/raw_activations/2021-07-18T00/data/gamma_-0.5.nc
GraphCast,-0.5,48.0,2021-07-20 00:00:00,181.00265391105333,results/perturbation/AR/Node_Hierarchy_Level_M6/raw_activations/2021-07-18T00/data/gamma_-0.5.nc
GraphCast,-0.5,54.0,2021-07-20 06:00:00,181.82702851345618,results/perturbation/AR/Node_Hierarchy_Level_M6/raw_activations/2021-07-18T00/data/gamma_-0.5.nc
GraphCast,-0.5,60.0,2021-07-20 12:00:00,180.2113619025167,results/perturbation/AR/Node_Hierarchy_Level_M6/raw_activations/2021-07-18T00/data/gamma_-0.5.nc
GraphCast,-0.5,66.0,2021-07-20 18:00:00,179.98918050659526,results/perturbation/AR/Node_Hierarchy_Level_M6/raw_activations/2021-07-18T00/data/gamma_-0.5.nc
GraphCast,-0.5,72.0,2021-07-21 00:00:00,179.5195075668598,results/perturbation/AR/Node_Hierarchy_Level_M6/raw_activations/2021-07-18T00/data/gamma_-0.5.nc
GraphCast,-0.5,78.0,2021-07-21 06:00:00,181.77492995493802,results/perturbation/AR/Node_Hierarchy_Level_M6/raw_activations/2021-07-18T00/data/gamma_-0.5.nc
GraphCast,-0.5,84.0,2021-07-21 12:00:00,180.70092952446697,results/perturbation/AR/Node_Hierarchy_Level_M6/raw_activations/2021-07-18T00/data/gamma_-0.5.nc
GraphCast,-0.5,90.0,2021-07-21 18:00:00,181.17794980285896,results/perturbation/AR/Node_Hierarchy_Level_M6/raw_activations/2021-07-18T00/data/gamma_-0.5.nc
GraphCast,-0.5,96.0,2021-07-22 00:00:00,181.0564777185368,results/perturbation/AR/Node_Hierarchy_Level_M6/raw_activations/2021-07-18T00/data/gamma_-0.5.nc
GraphCast,-0.5,102.0,2021-07-22 06:00:00,183.68118337779745,results/perturbation/AR/Node_Hierarchy_Level_M6/raw_activations/2021-07-18T00/data/gamma_-0.5.nc
GraphCast,-0.5,108.0,2021-07-22 12:00:00,183.27005896097262,results/perturbation/AR/Node_Hierarchy_Level_M6/raw_activations/2021-07-18T00/data/gamma_-0.5.nc
GraphCast,-0.5,114.0,2021-07-22 18:00:00,183.35640471723522,results/perturbation/AR/Node_Hierarchy_Level_M6/raw_activations/2021-07-18T00/data/gamma_-0.5.nc
GraphCast,-0.5,120.0,2021-07-23 00:00:00,183.08072468772838,results/perturbation/AR/Node_Hierarchy_Level_M6/raw_activations/2021-07-18T00/data/gamma_-0.5.nc
GraphCast,-0.2,6.0,2021-07-18 06:00:00,191.94297573066038,results/perturbation/AR/Node_Hierarchy_Level_M6/raw_activations/2021-07-18T00/data/gamma_-0.2.nc
GraphCast,-0.2,12.0,2021-07-18 12:00:00,189.9950296117837,results/perturbation/AR/Node_Hierarchy_Level_M6/raw_activations/2021-07-18T00/data/gamma_-0.2.nc
GraphCast,-0.2,18.0,2021-07-18 18:00:00,189.14799402731526,results/perturbation/AR/Node_Hierarchy_Level_M6/raw_activations/2021-07-18T00/data/gamma_-0.2.nc
GraphCast,-0.2,24.0,2021-07-19 00:00:00,188.062765708174,results/perturbation/AR/Node_Hierarchy_Level_M6/raw_activations/2021-07-18T00/data/gamma_-0.2.nc
GraphCast,-0.2,30.0,2021-07-19 06:00:00,188.68549073745814,results/perturbation/AR/Node_Hierarchy_Level_M6/raw_activations/2021-07-18T00/data/gamma_-0.2.nc
GraphCast,-0.2,36.0,2021-07-19 12:00:00,186.1328266896735,results/perturbation/AR/Node_Hierarchy_Level_M6/raw_activations/2021-07-18T00/data/gamma_-0.2.nc
GraphCast,-0.2,42.0,2021-07-19 18:00:00,184.57376301160576,results/perturbation/AR/Node_Hierarchy_Level_M6/raw_activations/2021-07-18T00/data/gamma_-0.2.nc
GraphCast,-0.2,48.0,2021-07-20 00:00:00,183.00784448169802,results/perturbation/AR/Node_Hierarchy_Level_M6/raw_activations/2021-07-18T00/data/gamma_-0.2.nc
GraphCast,-0.2,54.0,2021-07-20 06:00:00,183.97682950461186,results/perturbation/AR/Node_Hierarchy_Level_M6/raw_activations/2021-07-18T00/data/gamma_-0.2.nc
GraphCast,-0.2,60.0,2021-07-20 12:00:00,182.5408754306185,results/perturbation/AR/Node_Hierarchy_Level_M6/raw_activations/2021-07-18T00/data/gamma_-0.2.nc
GraphCast,-0.2,66.0,2021-07-20 18:00:00,182.43443128322528,results/perturbation/AR/Node_Hierarchy_Level_M6/raw_activations/2021-07-18T00/data/gamma_-0.2.nc
GraphCast,-0.2,72.0,2021-07-21 00:00:00,182.08431775991832,results/perturbation/AR/Node_Hierarchy_Level_M6/raw_activations/2021-07-18T00/data/gamma_-0.2.nc
GraphCast,-0.2,78.0,2021-07-21 06:00:00,184.52181085829255,results/perturbation/AR/Node_Hierarchy_Level_M6/raw_activations/2021-07-18T00/data/gamma_-0.2.nc
GraphCast,-0.2,84.0,2021-07-21 12:00:00,183.59815639063365,results/perturbation/AR/Node_Hierarchy_Level_M6/raw_activations/2021-07-18T00/data/gamma_-0.2.nc
GraphCast,-0.2,90.0,2021-07-21 18:00:00,184.0893891963757,results/perturbation/AR/Node_Hierarchy_Level_M6/raw_activations/2021-07-18T00/data/gamma_-0.2.nc
GraphCast,-0.2,96.0,2021-07-22 00:00:00,184.10715571454705,results/perturbation/AR/Node_Hierarchy_Level_M6/raw_activations/2021-07-18T00/data/gamma_-0.2.nc
GraphCast,-0.2,102.0,2021-07-22 06:00:00,186.8294915683121,results/perturbation/AR/Node_Hierarchy_Level_M6/raw_activations/2021-07-18T00/data/gamma_-0.2.nc
GraphCast,-0.2,108.0,2021-07-22 12:00:00,186.50826160628714,results/perturbation/AR/Node_Hierarchy_Level_M6/raw_activations/2021-07-18T00/data/gamma_-0.2.nc
GraphCast,-0.2,114.0,2021-07-22 18:00:00,186.7123683848198,results/perturbation/AR/Node_Hierarchy_Level_M6/raw_activations/2021-07-18T00/data/gamma_-0.2.nc
GraphCast,-0.2,120.0,2021-07-23 00:00:00,186.5939775110065,results/perturbation/AR/Node_Hierarchy_Level_M6/raw_activations/2021-07-18T00/data/gamma_-0.2.nc
GraphCast,0.0,6.0,2021-07-18 06:00:00,192.32915989807012,results/perturbation/AR/Node_Hierarchy_Level_M6/raw_activations/2021-07-18T00/data/gamma_0.0.nc
GraphCast,0.0,12.0,2021-07-18 12:00:00,190.65127632377087,results/perturbation/AR/Node_Hierarchy_Level_M6/raw_activations/2021-07-18T00/data/gamma_0.0.nc
GraphCast,0.0,18.0,2021-07-18 18:00:00,190.02177010459144,results/perturbation/AR/Node_Hierarchy_Level_M6/raw_activations/2021-07-18T00/data/gamma_0.0.nc
GraphCast,0.0,24.0,2021-07-19 00:00:00,189.11231631191217,results/perturbation/AR/Node_Hierarchy_Level_M6/raw_activations/2021-07-18T00/data/gamma_0.0.nc
GraphCast,0.0,30.0,2021-07-19 06:00:00,189.85376104327904,results/perturbation/AR/Node_Hierarchy_Level_M6/raw_activations/2021-07-18T00/data/gamma_0.0.nc
GraphCast,0.0,36.0,2021-07-19 12:00:00,187.43734825410482,results/perturbation/AR/Node_Hierarchy_Level_M6/raw_activations/2021-07-18T00/data/gamma_0.0.nc
GraphCast,0.0,42.0,2021-07-19 18:00:00,185.99230356293234,results/perturbation/AR/Node_Hierarchy_Level_M6/raw_activations/2021-07-18T00/data/gamma_0.0.nc
GraphCast,0.0,48.0,2021-07-20 00:00:00,184.58166793572138,results/perturbation/AR/Node_Hierarchy_Level_M6/raw_activations/2021-07-18T00/data/gamma_0.0.nc
GraphCast,0.0,54.0,2021-07-20 06:00:00,185.6651498425313,results/perturbation/AR/Node_Hierarchy_Level_M6/raw_activations/2021-07-18T00/data/gamma_0.0.nc
GraphCast,0.0,60.0,2021-07-20 12:00:00,184.39061907708611,results/perturbation/AR/Node_Hierarchy_Level_M6/raw_activations/2021-07-18T00/data/gamma_0.0.nc
GraphCast,0.0,66.0,2021-07-20 18:00:00,184.3700989393182,results/perturbation/AR/Node_Hierarchy_Level_M6/raw_activations/2021-07-18T00/data/gamma_0.0.nc
GraphCast,0.0,72.0,2021-07-21 00:00:00,184.16827480361633,results/perturbation/AR/Node_Hierarchy_Level_M6/raw_activations/2021-07-18T00/data/gamma_0.0.nc
GraphCast,0.0,78.0,2021-07-21 06:00:00,186.70570149240842,results/perturbation/AR/Node_Hierarchy_Level_M6/raw_activations/2021-07-18T00/data/gamma_0.0.nc
GraphCast,0.0,84.0,2021-07-21 12:00:00,185.90445289264676,results/perturbation/AR/Node_Hierarchy_Level_M6/raw_activations/2021-07-18T00/data/gamma_0.0.nc
GraphCast,0.0,90.0,2021-07-21 18:00:00,186.39021430993657,results/perturbation/AR/Node_Hierarchy_Level_M6/raw_activations/2021-07-18T00/data/gamma_0.0.nc
GraphCast,0.0,96.0,2021-07-22 00:00:00,186.50724692202164,results/perturbation/AR/Node_Hierarchy_Level_M6/raw_activations/2021-07-18T00/data/gamma_0.0.nc
GraphCast,0.0,102.0,2021-07-22 06:00:00,189.3429377766878,results/perturbation/AR/Node_Hierarchy_Level_M6/raw_activations/2021-07-18T00/data/gamma_0.0.nc
GraphCast,0.0,108.0,2021-07-22 12:00:00,189.07948657269867,results/perturbation/AR/Node_Hierarchy_Level_M6/raw_activations/2021-07-18T00/data/gamma_0.0.nc
GraphCast,0.0,114.0,2021-07-22 18:00:00,189.36218458333937,results/perturbation/AR/Node_Hierarchy_Level_M6/raw_activations/2021-07-18T00/data/gamma_0.0.nc
GraphCast,0.0,120.0,2021-07-23 00:00:00,189.32297067646596,results/perturbation/AR/Node_Hierarchy_Level_M6/raw_activations/2021-07-18T00/data/gamma_0.0.nc
GraphCast,0.2,6.0,2021-07-18 06:00:00,192.71945910630578,results/perturbation/AR/Node_Hierarchy_Level_M6/raw_activations/2021-07-18T00/data/gamma_0.2.nc
GraphCast,0.2,12.0,2021-07-18 12:00:00,191.31573332251133,results/perturbation/AR/Node_Hierarchy_Level_M6/raw_activations/2021-07-18T00/data/gamma_0.2.nc
GraphCast,0.2,18.0,2021-07-18 18:00:00,190.8930415855221,results/perturbation/AR/Node_Hierarchy_Level_M6/raw_activations/2021-07-18T00/data/gamma_0.2.nc
GraphCast,0.2,24.0,2021-07-19 00:00:00,190.13176333422246,results/perturbation/AR/Node_Hierarchy_Level_M6/raw_activations/2021-07-18T00/data/gamma_0.2.nc
GraphCast,0.2,30.0,2021-07-19 06:00:00,190.9947547068615,results/perturbation/AR/Node_Hierarchy_Level_M6/raw_activations/2021-07-18T00/data/gamma_0.2.nc
GraphCast,0.2,36.0,2021-07-19 12:00:00,188.71613682361846,results/perturbation/AR/Node_Hierarchy_Level_M6/raw_activations/2021-07-18T00/data/gamma_0.2.nc
GraphCast,0.2,42.0,2021-07-19 18:00:00,187.3752105087352,results/perturbation/AR/Node_Hierarchy_Level_M6/raw_activations/2021-07-18T00/data/gamma_0.2.nc
GraphCast,0.2,48.0,2021-07-20 00:00:00,186.11240267992812,results/perturbation/AR/Node_Hierarchy_Level_M6/raw_activations/2021-07-18T00/data/gamma_0.2.nc
GraphCast,0.2,54.0,2021-07-20 06:00:00,187.31734065873147,results/perturbation/AR/Node_Hierarchy_Level_M6/raw_activations/2021-07-18T00/data/gamma_0.2.nc
GraphCast,0.2,60.0,2021-07-20 12:00:00,186.20162989534785,results/perturbation/AR/Node_Hierarchy_Level_M6/raw_activations/2021-07-18T00/data/gamma_0.2.nc
GraphCast,0.2,66.0,2021-07-20 18:00:00,186.30535022592193,results/perturbation/AR/Node_Hierarchy_Level_M6/raw_activations/2021-07-18T00/data/gamma_0.2.nc
GraphCast,0.2,72.0,2021-07-21 00:00:00,186.23277971958538,results/perturbation/AR/Node_Hierarchy_Level_M6/raw_activations/2021-07-18T00/data/gamma_0.2.nc
GraphCast,0.2,78.0,2021-07-21 06:00:00,188.84360497715556,results/perturbation/AR/Node_Hierarchy_Level_M6/raw_activations/2021-07-18T00/data/gamma_0.2.nc
GraphCast,0.2,84.0,2021-07-21 12:00:00,188.19048337209378,results/perturbation/AR/Node_Hierarchy_Level_M6/raw_activations/2021-07-18T00/data/gamma_0.2.nc
GraphCast,0.2,90.0,2021-07-21 18:00:00,188.76874344985166,results/perturbation/AR/Node_Hierarchy_Level_M6/raw_activations/2021-07-18T00/data/gamma_0.2.nc
GraphCast,0.2,96.0,2021-07-22 00:00:00,189.05898599600593,results/perturbation/AR/Node_Hierarchy_Level_M6/raw_activations/2021-07-18T00/data/gamma_0.2.nc
GraphCast,0.2,102.0,2021-07-22 06:00:00,192.0481865650426,results/perturbation/AR/Node_Hierarchy_Level_M6/raw_activations/2021-07-18T00/data/gamma_0.2.nc
GraphCast,0.2,108.0,2021-07-22 12:00:00,191.92108030361644,results/perturbation/AR/Node_Hierarchy_Level_M6/raw_activations/2021-07-18T00/data/gamma_0.2.nc
GraphCast,0.2,114.0,2021-07-22 18:00:00,192.33897009798397,results/perturbation/AR/Node_Hierarchy_Level_M6/raw_activations/2021-07-18T00/data/gamma_0.2.nc
GraphCast,0.2,120.0,2021-07-23 00:00:00,192.36713144905042,results/perturbation/AR/Node_Hierarchy_Level_M6/raw_activations/2021-07-18T00/data/gamma_0.2.nc
GraphCast,0.5,6.0,2021-07-18 06:00:00,193.31446564943496,results/perturbation/AR/Node_Hierarchy_Level_M6/raw_activations/2021-07-18T00/data/gamma_0.5.nc
GraphCast,0.5,12.0,2021-07-18 12:00:00,192.3224654673883,results/perturbation/AR/Node_Hierarchy_Level_M6/raw_activations/2021-07-18T00/data/gamma_0.5.nc
GraphCast,0.5,18.0,2021-07-18 18:00:00,192.24043414824868,results/perturbation/AR/Node_Hierarchy_Level_M6/raw_activations/2021-07-18T00/data/gamma_0.5.nc
GraphCast,0.5,24.0,2021-07-19 00:00:00,191.7412864016627,results/perturbation/AR/Node_Hierarchy_Level_M6/raw_activations/2021-07-18T00/data/gamma_0.5.nc
GraphCast,0.5,30.0,2021-07-19 06:00:00,192.81981160333962,results/perturbation/AR/Node_Hierarchy_Level_M6/raw_activations/2021-07-18T00/data/gamma_0.5.nc
GraphCast,0.5,36.0,2021-07-19 12:00:00,190.80152246931058,results/perturbation/AR/Node_Hierarchy_Level_M6/raw_activations/2021-07-18T00/data/gamma_0.5.nc
GraphCast,0.5,42.0,2021-07-19 18:00:00,189.68803072999904,results/perturbation/AR/Node_Hierarchy_Level_M6/raw_activations/2021-07-18T00/data/gamma_0.5.nc
GraphCast,0.5,48.0,2021-07-20 00:00:00,188.65856033083443,results/perturbation/AR/Node_Hierarchy_Level_M6/raw_activations/2021-07-18T00/data/gamma_0.5.nc
GraphCast,0.5,54.0,2021-07-20 06:00:00,190.1169705694475,results/perturbation/AR/Node_Hierarchy_Level_M6/raw_activations/2021-07-18T00/data/gamma_0.5.nc
GraphCast,0.5,60.0,2021-07-20 12:00:00,189.2981255996356,results/perturbation/AR/Node_Hierarchy_Level_M6/raw_activations/2021-07-18T00/data/gamma_0.5.nc
GraphCast,0.5,66.0,2021-07-20 18:00:00,189.62841042309734,results/perturbation/AR/Node_Hierarchy_Level_M6/raw_activations/2021-07-18T00/data/gamma_0.5.nc
GraphCast,0.5,72.0,2021-07-21 00:00:00,189.85578845749185,results/perturbation/AR/Node_Hierarchy_Level_M6/raw_activations/2021-07-18T00/data/gamma_0.5.nc
GraphCast,0.5,78.0,2021-07-21 06:00:00,192.6768951050403,results/perturbation/AR/Node_Hierarchy_Level_M6/raw_activations/2021-07-18T00/data/gamma_0.5.nc
GraphCast,0.5,84.0,2021-07-21 12:00:00,192.24384988537702,results/perturbation/AR/Node_Hierarchy_Level_M6/raw_activations/2021-07-18T00/data/gamma_0.5.nc
GraphCast,0.5,90.0,2021-07-21 18:00:00,192.9951611867786,results/perturbation/AR/Node_Hierarchy_Level_M6/raw_activations/2021-07-18T00/data/gamma_0.5.nc
GraphCast,0.5,96.0,2021-07-22 00:00:00,193.63372957076555,results/perturbation/AR/Node_Hierarchy_Level_M6/raw_activations/2021-07-18T00/data/gamma_0.5.nc
GraphCast,0.5,102.0,2021-07-22 06:00:00,196.9555579214173,results/perturbation/AR/Node_Hierarchy_Level_M6/raw_activations/2021-07-18T00/data/gamma_0.5.nc
GraphCast,0.5,108.0,2021-07-22 12:00:00,197.10468498464417,results/perturbation/AR/Node_Hierarchy_Level_M6/raw_activations/2021-07-18T00/data/gamma_0.5.nc
GraphCast,0.5,114.0,2021-07-22 18:00:00,197.7434866823553,results/perturbation/AR/Node_Hierarchy_Level_M6/raw_activations/2021-07-18T00/data/gamma_0.5.nc
GraphCast,0.5,120.0,2021-07-23 00:00:00,197.82647515574263,results/perturbation/AR/Node_Hierarchy_Level_M6/raw_activations/2021-07-18T00/data/gamma_0.5.nc
GraphCast,1.0,6.0,2021-07-18 06:00:00,194.3161746177378,results/perturbation/AR/Node_Hierarchy_Level_M6/raw_activations/2021-07-18T00/data/gamma_1.0.nc
GraphCast,1.0,12.0,2021-07-18 12:00:00,194.0783505241914,results/perturbation/AR/Node_Hierarchy_Level_M6/raw_activations/2021-07-18T00/data/gamma_1.0.nc
GraphCast,1.0,18.0,2021-07-18 18:00:00,194.63762425827287,results/perturbation/AR/Node_Hierarchy_Level_M6/raw_activations/2021-07-18T00/data/gamma_1.0.nc
GraphCast,1.0,24.0,2021-07-19 00:00:00,194.642709643932,results/perturbation/AR/Node_Hierarchy_Level_M6/raw_activations/2021-07-18T00/data/gamma_1.0.nc
GraphCast,1.0,30.0,2021-07-19 06:00:00,196.16806707818586,results/perturbation/AR/Node_Hierarchy_Level_M6/raw_activations/2021-07-18T00/data/gamma_1.0.nc
GraphCast,1.0,36.0,2021-07-19 12:00:00,194.65265168226762,results/perturbation/AR/Node_Hierarchy_Level_M6/raw_activations/2021-07-18T00/data/gamma_1.0.nc
GraphCast,1.0,42.0,2021-07-19 18:00:00,193.92512078007093,results/perturbation/AR/Node_Hierarchy_Level_M6/raw_activations/2021-07-18T00/data/gamma_1.0.nc
GraphCast,1.0,48.0,2021-07-20 00:00:00,193.46578332958353,results/perturbation/AR/Node_Hierarchy_Level_M6/raw_activations/2021-07-18T00/data/gamma_1.0.nc
GraphCast,1.0,54.0,2021-07-20 06:00:00,195.44822811298448,results/perturbation/AR/Node_Hierarchy_Level_M6/raw_activations/2021-07-18T00/data/gamma_1.0.nc
GraphCast,1.0,60.0,2021-07-20 12:00:00,195.2306712541273,results/perturbation/AR/Node_Hierarchy_Level_M6/raw_activations/2021-07-18T00/data/gamma_1.0.nc
GraphCast,1.0,66.0,2021-07-20 18:00:00,196.05424350399065,results/perturbation/AR/Node_Hierarchy_Level_M6/raw_activations/2021-07-18T00/data/gamma_1.0.nc
GraphCast,1.0,72.0,2021-07-21 00:00:00,196.91345116825133,results/perturbation/AR/Node_Hierarchy_Level_M6/raw_activations/2021-07-18T00/data/gamma_1.0.nc
GraphCast,1.0,78.0,2021-07-21 06:00:00,200.25176655551167,results/perturbation/AR/Node_Hierarchy_Level_M6/raw_activations/2021-07-18T00/data/gamma_1.0.nc
GraphCast,1.0,84.0,2021-07-21 12:00:00,200.41618655247115,results/perturbation/AR/Node_Hierarchy_Level_M6/raw_activations/2021-07-18T00/data/gamma_1.0.nc
GraphCast,1.0,90.0,2021-07-21 18:00:00,201.60279743303093,results/perturbation/AR/Node_Hierarchy_Level_M6/raw_activations/2021-07-18T00/data/gamma_1.0.nc
GraphCast,1.0,96.0,2021-07-22 00:00:00,202.83972822084772,results/perturbation/AR/Node_Hierarchy_Level_M6/raw_activations/2021-07-18T00/data/gamma_1.0.nc
GraphCast,1.0,102.0,2021-07-22 06:00:00,206.9154955901646,results/perturbation/AR/Node_Hierarchy_Level_M6/raw_activations/2021-07-18T00/data/gamma_1.0.nc
GraphCast,1.0,108.0,2021-07-22 12:00:00,207.7536168360635,results/perturbation/AR/Node_Hierarchy_Level_M6/raw_activations/2021-07-18T00/data/gamma_1.0.nc
GraphCast,1.0,114.0,2021-07-22 18:00:00,208.71651482801667,results/perturbation/AR/Node_Hierarchy_Level_M6/raw_activations/2021-07-18T00/data/gamma_1.0.nc
GraphCast,1.0,120.0,2021-07-23 00:00:00,209.41436931314726,results/perturbation/AR/Node_Hierarchy_Level_M6/raw_activations/2021-07-18T00/data/gamma_1.0.nc
