period,comparison,r_area_weighted,r_squared,n_ocean_mesh_nodes,n_pc_timesteps
2021-01,PC2_vs_raw_surface_thetao,0.04221789327625928,0.0017823505126856184,28820,124
2021-01,PC2_vs_zonal_thetao_anomaly,0.4903107563982924,0.24040463783986565,28820,124
2021-02,PC2_vs_raw_surface_thetao,0.04138680730956896,0.0017128678192793905,28820,112
2021-02,PC2_vs_zonal_thetao_anomaly,0.43923957593702373,0.19293140506933643,28820,112
2021-03,PC2_vs_raw_surface_thetao,0.18654144526123614,0.03479771080015076,28820,124
2021-03,PC2_vs_zonal_thetao_anomaly,0.3928372049919261,0.15432106962586856,28820,124
2021-04,PC2_vs_raw_surface_thetao,0.16558756852229878,0.027419242849126994,28820,120
2021-04,PC2_vs_zonal_thetao_anomaly,0.40546528620563044,0.1644020983178138,28820,120
2021-05,PC2_vs_raw_surface_thetao,0.10178540730271574,0.010360269139779738,28820,124
2021-05,PC2_vs_zonal_thetao_anomaly,0.4664237650863419,0.21755112863731907,28820,124
2021-06,PC2_vs_raw_surface_thetao,0.06955440559481388,0.004837815337647876,28820,120
2021-06,PC2_vs_zonal_thetao_anomaly,0.4702002672950183,0.22108829136430666,28820,120
2021-07,PC2_vs_raw_surface_thetao,0.09436182544495506,0.008904154101304167,28820,124
2021-07,PC2_vs_zonal_thetao_anomaly,0.4839809643320775,0.23423757383580768,28820,124
2021-08,PC2_vs_raw_surface_thetao,0.09679507289475073,0.009369286136700107,28820,124
2021-08,PC2_vs_zonal_thetao_anomaly,0.4773280294905645,0.22784204773734523,28820,124
2021-09,PC2_vs_raw_surface_thetao,0.16889709509190615,0.02852622873048439,28820,120
2021-09,PC2_vs_zonal_thetao_anomaly,0.47589371597262947,0.22647482890223772,28820,120
2021-10,PC2_vs_raw_surface_thetao,0.12173451621422524,0.014819292437911467,28820,124
2021-10,PC2_vs_zonal_thetao_anomaly,0.5137293286016841,0.26391782306553707,28820,124
2021-11,PC2_vs_raw_surface_thetao,0.11781317968699462,0.01387994530796008,28820,114
2021-11,PC2_vs_zonal_thetao_anomaly,0.5214108513622667,0.2718692759183238,28820,114
2021-12,PC2_vs_raw_surface_thetao,0.10637609448738888,0.011315873478389887,28820,123
2021-12,PC2_vs_zonal_thetao_anomaly,0.5471309073388624,0.2993522297654468,28820,123
2021_annual,PC2_vs_raw_surface_thetao,0.10162316429629795,0.010327267521592366,28820,1453
2021_annual,PC2_vs_zonal_thetao_anomaly,0.5361239974499337,0.2874289406416965,28820,1453
