rank,pc_number,pc_index,coefficient,abs_coefficient
1,11,10,-1.123581051826477,1.123581051826477
2,2,1,-1.0262668132781982,1.0262668132781982
3,1,0,0.7959635853767395,0.7959635853767395
4,24,23,-0.6894354820251465,0.6894354820251465
5,68,67,-0.6392710208892822,0.6392710208892822
6,3,2,0.6389606595039368,0.6389606595039368
7,27,26,-0.6109614372253418,0.6109614372253418
8,34,33,-0.6099626421928406,0.6099626421928406
9,73,72,-0.5759760737419128,0.5759760737419128
10,28,27,-0.5551891326904297,0.5551891326904297
11,33,32,0.5307632088661194,0.5307632088661194
12,39,38,-0.5269905924797058,0.5269905924797058
13,13,12,0.502793550491333,0.502793550491333
14,29,28,-0.47485780715942383,0.47485780715942383
15,38,37,0.4629092514514923,0.4629092514514923
16,511,510,0.4567278325557709,0.4567278325557709
17,9,8,-0.43294551968574524,0.43294551968574524
18,179,178,-0.40419721603393555,0.40419721603393555
19,60,59,-0.40368929505348206,0.40368929505348206
20,111,110,-0.38304755091667175,0.38304755091667175
21,78,77,0.36914148926734924,0.36914148926734924
22,86,85,0.3686698079109192,0.3686698079109192
23,87,86,0.3628598153591156,0.3628598153591156
24,59,58,0.35852307081222534,0.35852307081222534
25,62,61,-0.3584485948085785,0.3584485948085785
26,65,64,-0.35126176476478577,0.35126176476478577
27,216,215,-0.34502577781677246,0.34502577781677246
28,50,49,-0.34405454993247986,0.34405454993247986
29,352,351,-0.34366488456726074,0.34366488456726074
30,257,256,0.34021368622779846,0.34021368622779846
31,41,40,-0.34007447957992554,0.34007447957992554
32,101,100,-0.3383671045303345,0.3383671045303345
33,105,104,-0.3257922828197479,0.3257922828197479
34,103,102,0.3201947510242462,0.3201947510242462
35,139,138,0.30816489458084106,0.30816489458084106
36,190,189,-0.3054892420768738,0.3054892420768738
37,242,241,-0.30084314942359924,0.30084314942359924
38,20,19,0.2940710484981537,0.2940710484981537
39,379,378,0.29303187131881714,0.29303187131881714
40,228,227,0.2874886393547058,0.2874886393547058
41,260,259,0.2818646728992462,0.2818646728992462
42,40,39,0.27789971232414246,0.27789971232414246
43,158,157,-0.27751490473747253,0.27751490473747253
44,510,509,0.27514123916625977,0.27514123916625977
45,369,368,-0.2717183530330658,0.2717183530330658
46,106,105,-0.2704260051250458,0.2704260051250458
47,142,141,-0.2697398066520691,0.2697398066520691
48,145,144,0.2627791464328766,0.2627791464328766
49,12,11,0.2615974545478821,0.2615974545478821
50,109,108,0.2580139636993408,0.2580139636993408
51,64,63,0.2573477625846863,0.2573477625846863
52,70,69,-0.2563081681728363,0.2563081681728363
53,168,167,-0.2532469928264618,0.2532469928264618
54,334,333,0.2506920397281647,0.2506920397281647
55,163,162,0.24909396469593048,0.24909396469593048
56,162,161,0.24800178408622742,0.24800178408622742
57,76,75,-0.2418566346168518,0.2418566346168518
58,52,51,-0.23982547223567963,0.23982547223567963
59,6,5,0.23749063909053802,0.23749063909053802
60,140,139,-0.2347535490989685,0.2347535490989685
61,115,114,0.23375020921230316,0.23375020921230316
62,130,129,0.2294616848230362,0.2294616848230362
63,51,50,-0.2286229282617569,0.2286229282617569
64,44,43,-0.22773055732250214,0.22773055732250214
65,346,345,0.2270895540714264,0.2270895540714264
66,164,163,-0.22611723840236664,0.22611723840236664
67,121,120,0.22549110651016235,0.22549110651016235
68,143,142,-0.22441592812538147,0.22441592812538147
69,419,418,-0.2241159975528717,0.2241159975528717
70,177,176,-0.22343261539936066,0.22343261539936066
71,375,374,0.2205919474363327,0.2205919474363327
72,436,435,0.2201191633939743,0.2201191633939743
73,200,199,-0.21814560890197754,0.21814560890197754
74,294,293,-0.21769386529922485,0.21769386529922485
75,187,186,0.21753592789173126,0.21753592789173126
76,491,490,0.2174030840396881,0.2174030840396881
77,147,146,0.2151753306388855,0.2151753306388855
78,77,76,-0.21231615543365479,0.21231615543365479
79,26,25,-0.21108169853687286,0.21108169853687286
80,443,442,-0.20914563536643982,0.20914563536643982
81,7,6,-0.20894412696361542,0.20894412696361542
82,461,460,-0.20813952386379242,0.20813952386379242
83,100,99,-0.20777562260627747,0.20777562260627747
84,22,21,-0.20714262127876282,0.20714262127876282
85,316,315,0.20706970989704132,0.20706970989704132
86,361,360,0.20440825819969177,0.20440825819969177
87,472,471,0.2037999927997589,0.2037999927997589
88,431,430,-0.20104491710662842,0.20104491710662842
89,486,485,-0.20050695538520813,0.20050695538520813
90,35,34,-0.19883567094802856,0.19883567094802856
91,37,36,0.1972840428352356,0.1972840428352356
92,290,289,-0.19356891512870789,0.19356891512870789
93,244,243,0.18998314440250397,0.18998314440250397
94,269,268,-0.18958432972431183,0.18958432972431183
95,125,124,0.18779823184013367,0.18779823184013367
96,31,30,0.18665564060211182,0.18665564060211182
97,95,94,-0.1864602118730545,0.1864602118730545
98,259,258,0.18539342284202576,0.18539342284202576
99,166,165,0.18531614542007446,0.18531614542007446
100,447,446,0.1849582940340042,0.1849582940340042
101,183,182,0.18467074632644653,0.18467074632644653
102,129,128,-0.18396861851215363,0.18396861851215363
103,89,88,-0.18345876038074493,0.18345876038074493
104,152,151,-0.18319696187973022,0.18319696187973022
105,201,200,-0.1812094748020172,0.1812094748020172
106,421,420,-0.17994308471679688,0.17994308471679688
107,102,101,-0.17962150275707245,0.17962150275707245
108,49,48,0.1789574921131134,0.1789574921131134
109,460,459,-0.1757292002439499,0.1757292002439499
110,377,376,-0.17548120021820068,0.17548120021820068
111,299,298,0.1754445731639862,0.1754445731639862
112,396,395,-0.1745026856660843,0.1745026856660843
113,30,29,0.171652689576149,0.171652689576149
114,176,175,-0.17127400636672974,0.17127400636672974
115,160,159,0.1711495816707611,0.1711495816707611
116,155,154,-0.17079509794712067,0.17079509794712067
117,131,130,0.1705819070339203,0.1705819070339203
118,193,192,-0.17045748233795166,0.17045748233795166
119,120,119,-0.169398233294487,0.169398233294487
120,67,66,0.16933849453926086,0.16933849453926086
121,350,349,0.1690947264432907,0.1690947264432907
122,415,414,-0.16867421567440033,0.16867421567440033
123,312,311,0.16778942942619324,0.16778942942619324
124,508,507,0.1676120162010193,0.1676120162010193
125,395,394,-0.16729025542736053,0.16729025542736053
126,45,44,0.16607242822647095,0.16607242822647095
127,335,334,0.16601599752902985,0.16601599752902985
128,406,405,0.16559913754463196,0.16559913754463196
129,471,470,-0.16538263857364655,0.16538263857364655
130,266,265,-0.1628274768590927,0.1628274768590927
131,96,95,0.1625605672597885,0.1625605672597885
132,239,238,-0.1625056266784668,0.1625056266784668
133,328,327,-0.16197410225868225,0.16197410225868225
134,92,91,0.16065143048763275,0.16065143048763275
135,210,209,0.16040512919425964,0.16040512919425964
136,148,147,0.16029830276966095,0.16029830276966095
137,364,363,0.1595255434513092,0.1595255434513092
138,321,320,-0.1591803878545761,0.1591803878545761
139,255,254,-0.15873456001281738,0.15873456001281738
140,69,68,0.15663526952266693,0.15663526952266693
141,90,89,0.1564408838748932,0.1564408838748932
142,337,336,-0.15639157593250275,0.15639157593250275
143,71,70,-0.15553556382656097,0.15553556382656097
144,278,277,-0.15500305593013763,0.15500305593013763
145,17,16,0.15499283373355865,0.15499283373355865
146,490,489,0.15490928292274475,0.15490928292274475
147,18,17,0.1527043581008911,0.1527043581008911
148,203,202,0.15251992642879486,0.15251992642879486
149,79,78,-0.1520981788635254,0.1520981788635254
150,296,295,0.15192128717899323,0.15192128717899323
151,99,98,0.15148691833019257,0.15148691833019257
152,489,488,-0.1497534066438675,0.1497534066438675
153,93,92,0.1493106335401535,0.1493106335401535
154,453,452,-0.1472001075744629,0.1472001075744629
155,66,65,0.14620396494865417,0.14620396494865417
156,110,109,0.14611047506332397,0.14611047506332397
157,61,60,-0.1459565907716751,0.1459565907716751
158,263,262,-0.14594951272010803,0.14594951272010803
159,46,45,0.14534354209899902,0.14534354209899902
160,104,103,-0.143110990524292,0.143110990524292
161,229,228,-0.14255134761333466,0.14255134761333466
162,107,106,-0.14069780707359314,0.14069780707359314
163,235,234,0.13962684571743011,0.13962684571743011
164,211,210,0.139032244682312,0.139032244682312
165,232,231,0.13798479735851288,0.13798479735851288
166,215,214,0.137770876288414,0.137770876288414
167,241,240,0.13725993037223816,0.13725993037223816
168,298,297,-0.13725163042545319,0.13725163042545319
169,192,191,-0.1368289738893509,0.1368289738893509
170,366,365,-0.13664261996746063,0.13664261996746063
171,363,362,0.13663063943386078,0.13663063943386078
172,354,353,-0.13591772317886353,0.13591772317886353
173,154,153,-0.13558228313922882,0.13558228313922882
174,138,137,-0.13548268377780914,0.13548268377780914
175,469,468,0.13248282670974731,0.13248282670974731
176,253,252,0.13107892870903015,0.13107892870903015
177,249,248,-0.13099750876426697,0.13099750876426697
178,97,96,0.13069643080234528,0.13069643080234528
179,122,121,-0.13050557672977448,0.13050557672977448
180,198,197,0.13036100566387177,0.13036100566387177
181,19,18,-0.12989826500415802,0.12989826500415802
182,473,472,-0.12908664345741272,0.12908664345741272
183,237,236,-0.12880095839500427,0.12880095839500427
184,205,204,0.1276540607213974,0.1276540607213974
185,43,42,0.12711867690086365,0.12711867690086365
186,82,81,-0.12666459381580353,0.12666459381580353
187,345,344,-0.12616044282913208,0.12616044282913208
188,371,370,-0.12596352398395538,0.12596352398395538
189,426,425,0.12582488358020782,0.12582488358020782
190,390,389,-0.12563158571720123,0.12563158571720123
191,367,366,0.12500302493572235,0.12500302493572235
192,292,291,-0.12472885847091675,0.12472885847091675
193,265,264,0.12460613250732422,0.12460613250732422
194,191,190,-0.12177681922912598,0.12177681922912598
195,497,496,0.1216699630022049,0.1216699630022049
196,132,131,-0.12120804190635681,0.12120804190635681
197,258,257,0.11922790855169296,0.11922790855169296
198,429,428,0.11904452741146088,0.11904452741146088
199,295,294,0.11837306618690491,0.11837306618690491
200,184,183,-0.11721758544445038,0.11721758544445038
201,281,280,0.11691123247146606,0.11691123247146606
202,307,306,0.11679232120513916,0.11679232120513916
203,225,224,0.11660777032375336,0.11660777032375336
204,351,350,0.11655239760875702,0.11655239760875702
205,236,235,-0.11604465544223785,0.11604465544223785
206,329,328,-0.11492742598056793,0.11492742598056793
207,401,400,0.11457715183496475,0.11457715183496475
208,202,201,0.114237941801548,0.114237941801548
209,276,275,0.11384093761444092,0.11384093761444092
210,21,20,-0.11383341252803802,0.11383341252803802
211,392,391,0.11328872293233871,0.11328872293233871
212,172,171,-0.11315968632698059,0.11315968632698059
213,483,482,0.11307445913553238,0.11307445913553238
214,327,326,-0.11272313445806503,0.11272313445806503
215,284,283,0.11222779005765915,0.11222779005765915
216,217,216,0.11172842979431152,0.11172842979431152
217,197,196,0.11141830682754517,0.11141830682754517
218,144,143,0.10958521068096161,0.10958521068096161
219,271,270,0.10849396884441376,0.10849396884441376
220,448,447,-0.1080871969461441,0.1080871969461441
221,492,491,-0.10734391212463379,0.10734391212463379
222,248,247,0.10698751360177994,0.10698751360177994
223,287,286,0.10442999750375748,0.10442999750375748
224,275,274,-0.10435009747743607,0.10435009747743607
225,16,15,0.1041569858789444,0.1041569858789444
226,112,111,0.10394236445426941,0.10394236445426941
227,126,125,-0.10367283225059509,0.10367283225059509
228,227,226,0.10228738188743591,0.10228738188743591
229,403,402,-0.10215356200933456,0.10215356200933456
230,270,269,-0.10196307301521301,0.10196307301521301
231,411,410,-0.10174757242202759,0.10174757242202759
232,465,464,0.10171187669038773,0.10171187669038773
233,304,303,0.10157417505979538,0.10157417505979538
234,182,181,0.10134343057870865,0.10134343057870865
235,188,187,-0.10074295848608017,0.10074295848608017
236,438,437,-0.0987587496638298,0.0987587496638298
237,252,251,-0.09862912446260452,0.09862912446260452
238,14,13,-0.0985787957906723,0.0985787957906723
239,462,461,-0.09770193696022034,0.09770193696022034
240,113,112,0.09707329422235489,0.09707329422235489
241,412,411,0.09671355783939362,0.09671355783939362
242,402,401,0.09648340940475464,0.09648340940475464
243,500,499,-0.09624030441045761,0.09624030441045761
244,427,426,0.09623084962368011,0.09623084962368011
245,344,343,0.09621968120336533,0.09621968120336533
246,488,487,-0.09530892223119736,0.09530892223119736
247,280,279,0.09497587382793427,0.09497587382793427
248,512,511,-0.09483008086681366,0.09483008086681366
249,308,307,-0.09435493499040604,0.09435493499040604
250,297,296,0.0942620113492012,0.0942620113492012
251,196,195,0.09364039450883865,0.09364039450883865
252,466,465,-0.09311295300722122,0.09311295300722122
253,309,308,0.09298065304756165,0.09298065304756165
254,209,208,-0.0919906497001648,0.0919906497001648
255,336,335,-0.09166674315929413,0.09166674315929413
256,356,355,-0.09157004207372665,0.09157004207372665
257,286,285,0.09082318097352982,0.09082318097352982
258,355,354,-0.08950160443782806,0.08950160443782806
259,282,281,0.08795192092657089,0.08795192092657089
260,467,466,0.08763518929481506,0.08763518929481506
261,493,492,0.0876002237200737,0.0876002237200737
262,272,271,0.08684423565864563,0.08684423565864563
263,267,266,0.08636888861656189,0.08636888861656189
264,372,371,-0.0863439217209816,0.0863439217209816
265,153,152,-0.08608686923980713,0.08608686923980713
266,393,392,0.08437857776880264,0.08437857776880264
267,397,396,0.08364278078079224,0.08364278078079224
268,127,126,0.08321405202150345,0.08321405202150345
269,360,359,0.0808248370885849,0.0808248370885849
270,72,71,0.07979893684387207,0.07979893684387207
271,186,185,-0.07977493852376938,0.07977493852376938
272,384,383,-0.07966818660497665,0.07966818660497665
273,339,338,-0.07947428524494171,0.07947428524494171
274,141,140,0.07917007058858871,0.07917007058858871
275,400,399,-0.07893513143062592,0.07893513143062592
276,422,421,0.0787423625588417,0.0787423625588417
277,83,82,-0.07853954285383224,0.07853954285383224
278,181,180,0.0784815326333046,0.0784815326333046
279,509,508,-0.07798846065998077,0.07798846065998077
280,481,480,0.07792927324771881,0.07792927324771881
281,85,84,-0.07672438025474548,0.07672438025474548
282,117,116,0.07642392814159393,0.07642392814159393
283,32,31,0.0757744088768959,0.0757744088768959
284,118,117,-0.07559297978878021,0.07559297978878021
285,407,406,-0.07534930855035782,0.07534930855035782
286,23,22,-0.07533691078424454,0.07533691078424454
287,456,455,-0.07497371733188629,0.07497371733188629
288,368,367,0.07469934225082397,0.07469934225082397
289,159,158,0.07445678859949112,0.07445678859949112
290,319,318,0.07442911714315414,0.07442911714315414
291,231,230,0.07339669018983841,0.07339669018983841
292,380,379,-0.07334519177675247,0.07334519177675247
293,359,358,0.07330931723117828,0.07330931723117828
294,405,404,0.07263040542602539,0.07263040542602539
295,353,352,0.07204191386699677,0.07204191386699677
296,213,212,-0.07195809483528137,0.07195809483528137
297,178,177,-0.07136783748865128,0.07136783748865128
298,484,483,0.0713568851351738,0.0713568851351738
299,279,278,-0.07109851390123367,0.07109851390123367
300,464,463,-0.07104349881410599,0.07104349881410599
301,450,449,-0.07047062367200851,0.07047062367200851
302,342,341,-0.07042307406663895,0.07042307406663895
303,454,453,0.06950212270021439,0.06950212270021439
304,273,272,0.06926390528678894,0.06926390528678894
305,223,222,-0.06883660703897476,0.06883660703897476
306,331,330,-0.06840085983276367,0.06840085983276367
307,247,246,-0.06784225255250931,0.06784225255250931
308,207,206,0.06753025949001312,0.06753025949001312
309,185,184,0.06708560883998871,0.06708560883998871
310,233,232,0.06647840142250061,0.06647840142250061
311,251,250,0.06624320149421692,0.06624320149421692
312,423,422,0.06621327251195908,0.06621327251195908
313,226,225,0.06607566773891449,0.06607566773891449
314,413,412,0.06603100150823593,0.06603100150823593
315,424,423,-0.06573239713907242,0.06573239713907242
316,8,7,-0.06540051847696304,0.06540051847696304
317,338,337,0.06507979333400726,0.06507979333400726
318,58,57,-0.06427070498466492,0.06427070498466492
319,206,205,0.06366940587759018,0.06366940587759018
320,199,198,-0.06293235719203949,0.06293235719203949
321,357,356,0.06276099383831024,0.06276099383831024
322,506,505,-0.0625871792435646,0.0625871792435646
323,173,172,-0.062171462923288345,0.062171462923288345
324,80,79,0.06186029314994812,0.06186029314994812
325,385,384,-0.0616774745285511,0.0616774745285511
326,214,213,0.06145713850855827,0.06145713850855827
327,408,407,0.061302509158849716,0.061302509158849716
328,420,419,-0.06089984253048897,0.06089984253048897
329,318,317,-0.06089853122830391,0.06089853122830391
330,74,73,0.06069101765751839,0.06069101765751839
331,300,299,0.06036270409822464,0.06036270409822464
332,496,495,-0.06033337116241455,0.06033337116241455
333,234,233,0.06024004891514778,0.06024004891514778
334,135,134,0.059757065027952194,0.059757065027952194
335,220,219,0.05870909243822098,0.05870909243822098
336,474,473,-0.05849769711494446,0.05849769711494446
337,376,375,0.057583924382925034,0.057583924382925034
338,94,93,0.05711822956800461,0.05711822956800461
339,221,220,-0.05658956989645958,0.05658956989645958
340,254,253,0.05630331486463547,0.05630331486463547
341,498,497,-0.055998656898736954,0.055998656898736954
342,212,211,-0.05431041121482849,0.05431041121482849
343,4,3,-0.05392242223024368,0.05392242223024368
344,167,166,0.05389101058244705,0.05389101058244705
345,362,361,0.05380241200327873,0.05380241200327873
346,169,168,-0.05336963012814522,0.05336963012814522
347,84,83,-0.0528927780687809,0.0528927780687809
348,123,122,0.05270051583647728,0.05270051583647728
349,224,223,-0.0522465705871582,0.0522465705871582
350,452,451,-0.05220998823642731,0.05220998823642731
351,161,160,0.05187344551086426,0.05187344551086426
352,48,47,-0.05165138840675354,0.05165138840675354
353,381,380,-0.051356542855501175,0.051356542855501175
354,204,203,-0.05132443085312843,0.05132443085312843
355,428,427,-0.050738897174596786,0.050738897174596786
356,505,504,-0.05002898350358009,0.05002898350358009
357,501,500,0.048931874334812164,0.048931874334812164
358,449,448,-0.0486380010843277,0.0486380010843277
359,245,244,0.04816146567463875,0.04816146567463875
360,195,194,-0.047371409833431244,0.047371409833431244
361,274,273,-0.04719308391213417,0.04719308391213417
362,262,261,0.047160517424345016,0.047160517424345016
363,222,221,0.04626624658703804,0.04626624658703804
364,320,319,0.04604175686836243,0.04604175686836243
365,54,53,0.04603980481624603,0.04603980481624603
366,404,403,-0.04529258608818054,0.04529258608818054
367,98,97,-0.04502743482589722,0.04502743482589722
368,444,443,-0.04493245109915733,0.04493245109915733
369,137,136,0.044911615550518036,0.044911615550518036
370,53,52,-0.0445004478096962,0.0445004478096962
371,315,314,0.044478889554739,0.044478889554739
372,343,342,-0.04408127814531326,0.04408127814531326
373,370,369,-0.04404168948531151,0.04404168948531151
374,434,433,-0.04399365186691284,0.04399365186691284
375,477,476,-0.043292336165905,0.043292336165905
376,324,323,-0.04282443970441818,0.04282443970441818
377,63,62,-0.04227959364652634,0.04227959364652634
378,399,398,0.04200184345245361,0.04200184345245361
379,268,267,0.04173366352915764,0.04173366352915764
380,358,357,-0.04163123667240143,0.04163123667240143
381,57,56,-0.041289735585451126,0.041289735585451126
382,440,439,0.04124664515256882,0.04124664515256882
383,288,287,-0.04122449457645416,0.04122449457645416
384,478,477,-0.04058981314301491,0.04058981314301491
385,114,113,-0.04000334441661835,0.04000334441661835
386,451,450,-0.039962247014045715,0.039962247014045715
387,47,46,-0.03984258696436882,0.03984258696436882
388,333,332,0.03958088904619217,0.03958088904619217
389,435,434,-0.038568396121263504,0.038568396121263504
390,264,263,-0.03832974657416344,0.03832974657416344
391,246,245,-0.037909235805273056,0.037909235805273056
392,285,284,-0.03740745037794113,0.03740745037794113
393,75,74,-0.03698684275150299,0.03698684275150299
394,387,386,0.03697418421506882,0.03697418421506882
395,243,242,-0.036963626742362976,0.036963626742362976
396,391,390,0.03688601404428482,0.03688601404428482
397,134,133,-0.036744359880685806,0.036744359880685806
398,432,431,0.03670009598135948,0.03670009598135948
399,459,458,-0.03650394827127457,0.03650394827127457
400,180,179,-0.036323435604572296,0.036323435604572296
401,330,329,0.03562913462519646,0.03562913462519646
402,88,87,-0.03551137447357178,0.03551137447357178
403,42,41,0.034941285848617554,0.034941285848617554
404,437,436,-0.03430003300309181,0.03430003300309181
405,482,481,-0.03428440913558006,0.03428440913558006
406,389,388,-0.03322253376245499,0.03322253376245499
407,430,429,0.03319476917386055,0.03319476917386055
408,416,415,0.03313779830932617,0.03313779830932617
409,347,346,0.03310256823897362,0.03310256823897362
410,325,324,0.03165963664650917,0.03165963664650917
411,136,135,0.03134731203317642,0.03134731203317642
412,157,156,-0.03091750480234623,0.03091750480234623
413,383,382,0.030202345922589302,0.030202345922589302
414,410,409,-0.030050605535507202,0.030050605535507202
415,442,441,-0.029964923858642578,0.029964923858642578
416,414,413,-0.02978765219449997,0.02978765219449997
417,165,164,-0.029313864186406136,0.029313864186406136
418,485,484,-0.029192382469773293,0.029192382469773293
419,277,276,0.029162848368287086,0.029162848368287086
420,394,393,-0.029059462249279022,0.029059462249279022
421,365,364,0.028607293963432312,0.028607293963432312
422,502,501,0.028325358405709267,0.028325358405709267
423,317,316,0.028308045119047165,0.028308045119047165
424,341,340,-0.027763085439801216,0.027763085439801216
425,311,310,0.02765939198434353,0.02765939198434353
426,25,24,0.027410535141825676,0.027410535141825676
427,81,80,-0.027270179241895676,0.027270179241895676
428,323,322,0.027131875976920128,0.027131875976920128
429,439,438,-0.026929279789328575,0.026929279789328575
430,5,4,0.02653353102505207,0.02653353102505207
431,149,148,-0.025810889899730682,0.025810889899730682
432,194,193,-0.02570999041199684,0.02570999041199684
433,119,118,-0.02565113455057144,0.02565113455057144
434,218,217,0.025390010327100754,0.025390010327100754
435,348,347,0.025226233527064323,0.025226233527064323
436,504,503,0.024611152708530426,0.024611152708530426
437,133,132,-0.024229684844613075,0.024229684844613075
438,301,300,-0.024043474346399307,0.024043474346399307
439,503,502,-0.023921813815832138,0.023921813815832138
440,480,479,0.023799536749720573,0.023799536749720573
441,388,387,0.023050328716635704,0.023050328716635704
442,289,288,0.02275276742875576,0.02275276742875576
443,302,301,-0.022312898188829422,0.022312898188829422
444,283,282,0.022209351882338524,0.022209351882338524
445,349,348,0.02181331254541874,0.02181331254541874
446,310,309,-0.02146199531853199,0.02146199531853199
447,494,493,0.02121242880821228,0.02121242880821228
448,171,170,-0.021163934841752052,0.021163934841752052
449,306,305,0.02088252827525139,0.02088252827525139
450,313,312,-0.020782947540283203,0.020782947540283203
451,386,385,-0.019800901412963867,0.019800901412963867
452,146,145,0.01969298906624317,0.01969298906624317
453,340,339,-0.019493715837597847,0.019493715837597847
454,463,462,-0.01944262534379959,0.01944262534379959
455,156,155,-0.018336912617087364,0.018336912617087364
456,240,239,-0.018331682309508324,0.018331682309508324
457,499,498,0.017376279458403587,0.017376279458403587
458,151,150,-0.017285950481891632,0.017285950481891632
459,475,474,-0.01679898425936699,0.01679898425936699
460,476,475,0.016471128910779953,0.016471128910779953
461,189,188,0.01630319654941559,0.01630319654941559
462,128,127,-0.01625172607600689,0.01625172607600689
463,468,467,-0.015991682186722755,0.015991682186722755
464,291,290,0.0159501563757658,0.0159501563757658
465,374,373,0.015911957249045372,0.015911957249045372
466,208,207,-0.015911150723695755,0.015911150723695755
467,293,292,0.015767507255077362,0.015767507255077362
468,250,249,0.015121755190193653,0.015121755190193653
469,174,173,-0.01506761834025383,0.01506761834025383
470,455,454,-0.014955559745430946,0.014955559745430946
471,507,506,-0.014709225855767727,0.014709225855767727
472,418,417,-0.012926681898534298,0.012926681898534298
473,495,494,0.012588134035468102,0.012588134035468102
474,445,444,-0.01258521992713213,0.01258521992713213
475,55,54,-0.011976437643170357,0.011976437643170357
476,479,478,0.011822126805782318,0.011822126805782318
477,382,381,-0.011118775233626366,0.011118775233626366
478,230,229,-0.010854816064238548,0.010854816064238548
479,238,237,0.010022973641753197,0.010022973641753197
480,458,457,0.009240635670721531,0.009240635670721531
481,116,115,-0.009102268144488335,0.009102268144488335
482,332,331,-0.009083149023354053,0.009083149023354053
483,15,14,0.0087933000177145,0.0087933000177145
484,150,149,-0.0082911541685462,0.0082911541685462
485,303,302,0.008186191320419312,0.008186191320419312
486,457,456,0.00788104347884655,0.00788104347884655
487,36,35,0.007770664989948273,0.007770664989948273
488,56,55,0.007745296228677034,0.007745296228677034
489,417,416,0.007572638802230358,0.007572638802230358
490,256,255,-0.007517650257796049,0.007517650257796049
491,398,397,0.007058923598378897,0.007058923598378897
492,305,304,-0.006708839442580938,0.006708839442580938
493,326,325,0.005962861701846123,0.005962861701846123
494,261,260,0.005354317836463451,0.005354317836463451
495,425,424,0.005205759312957525,0.005205759312957525
496,487,486,-0.005108387675136328,0.005108387675136328
497,322,321,-0.003954597283154726,0.003954597283154726
498,175,174,-0.0038197077810764313,0.0038197077810764313
499,470,469,-0.0037467172369360924,0.0037467172369360924
500,433,432,-0.003450011368840933,0.003450011368840933
501,108,107,-0.0034158595371991396,0.0034158595371991396
502,373,372,-0.0031463606283068657,0.0031463606283068657
503,124,123,-0.002924310276284814,0.002924310276284814
504,219,218,0.0021392698399722576,0.0021392698399722576
505,170,169,0.0014151372015476227,0.0014151372015476227
506,441,440,0.0013907194370403886,0.0013907194370403886
507,378,377,0.00134696951135993,0.00134696951135993
508,409,408,-0.0010079964995384216,0.0010079964995384216
509,446,445,-0.0006531549734063447,0.0006531549734063447
510,91,90,0.0004681739956140518,0.0004681739956140518
511,10,9,0.0001602217962499708,0.0001602217962499708
512,314,313,-6.0961483541177586e-05,6.0961483541177586e-05
