target,n_features,alpha,r2_test,rmse_test,corr_test,n_train,n_test,n_selected
2t,5,1.0,0.5203536152839661,10.389455629100254,0.7229151716148734,11184264,3697362,5
2t,10,1.0,0.5453176498413086,10.115474034438833,0.7397634480302574,11184264,3697362,10
2t,25,1.0,0.662627100944519,8.713392573736304,0.8143321018079547,11184264,3697362,25
2t,50,1.0,0.7824052572250366,6.997716803808839,0.885434065981484,11184264,3697362,50
2t,100,1.0,0.8182234168052673,6.395892744585711,0.9052344163160866,11184264,3697362,100
2t,200,1.0,0.8398796319961548,6.002822529978378,0.916859823824955,11184264,3697362,200
2t,400,1.0,0.8612238168716431,5.588428715408487,0.9283498726461911,11184264,3697362,400
10u,5,1.0,0.28171807527542114,4.626071496512427,0.5308650751935757,11184264,3697362,5
10u,10,1.0,0.5207446813583374,3.7787515251719395,0.7218752351969308,11184264,3697362,10
10u,25,1.0,0.6303409337997437,3.3186815272737116,0.7942064816831401,11184264,3697362,25
10u,50,1.0,0.6745361089706421,3.1139832666005076,0.8214393507730153,11184264,3697362,50
10u,100,1.0,0.7221430540084839,2.8772358700376053,0.8498995668354067,11184264,3697362,100
10u,200,1.0,0.7804689407348633,2.557483694373214,0.8836977856371625,11184264,3697362,200
10u,400,1.0,0.8109991550445557,2.372994429397314,0.9006502897472668,11184264,3697362,400
10v,5,1.0,0.018185317516326904,4.367393857280822,0.14510935330901087,11184264,3697362,5
10v,10,1.0,0.2891988754272461,3.7160509075541714,0.5410605667053683,11184264,3697362,10
10v,25,1.0,0.4923034906387329,3.140578843721777,0.7021824186170484,11184264,3697362,25
10v,50,1.0,0.5264176726341248,3.033230007074615,0.7261580074158764,11184264,3697362,50
10v,100,1.0,0.5638299584388733,2.910955086458886,0.7515814919929639,11184264,3697362,100
10v,200,1.0,0.6517024636268616,2.601254281696277,0.8075870734407341,11184264,3697362,200
10v,400,1.0,0.7149351835250854,2.353311490271817,0.8458642598007053,11184264,3697362,400
msl,5,1.0,0.22287005186080933,1078.057802253664,0.4757050200254892,11184264,3697362,5
msl,10,1.0,0.41512733697891235,935.2460237819779,0.647579679517734,11184264,3697362,10
msl,25,1.0,0.5212039947509766,846.1950129845957,0.7228874990504188,11184264,3697362,25
msl,50,1.0,0.6553279757499695,717.9566708722748,0.8106766772156054,11184264,3697362,50
msl,100,1.0,0.7263362407684326,639.7405479958262,0.852694263525728,11184264,3697362,100
msl,200,1.0,0.7821683883666992,570.7627845699122,0.8845365030025126,11184264,3697362,200
msl,400,1.0,0.8082355856895447,535.5243633580083,0.8991868931982935,11184264,3697362,400
tp,5,1.0,0.0901261568069458,0.0020426402642687966,0.3006057932820256,11184264,3697362,5
tp,10,1.0,0.10884195566177368,0.0020215228867562435,0.33005189775459276,11184264,3697362,10
tp,25,1.0,0.1420673131942749,0.001983480378085171,0.3769661220091931,11184264,3697362,25
tp,50,1.0,0.2159416675567627,0.0018961622506264392,0.46475886758030494,11184264,3697362,50
tp,100,1.0,0.2615973949432373,0.0018401274442162224,0.5114889342980734,11184264,3697362,100
tp,200,1.0,0.31441396474838257,0.0017730960668787502,0.5608374796004625,11184264,3697362,200
tp,400,1.0,0.37658005952835083,0.0016907976619224682,0.6137153319252043,11184264,3697362,400
t50,5,1.0,0.0967598557472229,6.552324526117173,0.3260831579868365,11184264,3697362,5
t50,10,1.0,0.0823637843132019,6.604334430990543,0.31798197089615193,11184264,3697362,10
t50,25,1.0,0.19157123565673828,6.19890060521855,0.4448996209411894,11184264,3697362,25
t50,50,1.0,0.2845720052719116,5.831452675064222,0.5412164865685426,11184264,3697362,50
t50,100,1.0,0.48364710807800293,4.954126491442552,0.6970423087488296,11184264,3697362,100
t50,200,1.0,0.561772346496582,4.563979653583078,0.7505615191123344,11184264,3697362,200
t50,400,1.0,0.6246060132980347,4.2241319024125525,0.7908514601444107,11184264,3697362,400
t250,5,1.0,0.38046735525131226,5.82262760689151,0.6205925481776489,11184264,3697362,5
t250,10,1.0,0.3913636803627014,5.771196521480687,0.6295991803236773,11184264,3697362,10
t250,25,1.0,0.4676194190979004,5.397566861776124,0.6868711274569851,11184264,3697362,25
t250,50,1.0,0.6690148711204529,4.255897469282239,0.818307789348042,11184264,3697362,50
t250,100,1.0,0.7194921970367432,3.9179547538773565,0.8484416156979389,11184264,3697362,100
t250,200,1.0,0.7695733308792114,3.5510214880655977,0.8774098374253129,11184264,3697362,200
t250,400,1.0,0.8024418950080872,3.288019227772202,0.8960884409628425,11184264,3697362,400
t500,5,1.0,0.5419328808784485,7.458915076841615,0.736971776711898,11184264,3697362,5
t500,10,1.0,0.5468642711639404,7.418656014519582,0.740162726362121,11184264,3697362,10
t500,25,1.0,0.6610608100891113,6.416112537319832,0.8131674178323598,11184264,3697362,25
t500,50,1.0,0.7811329960823059,5.1558617647993366,0.8842312623337173,11184264,3697362,50
t500,100,1.0,0.8100652098655701,4.8030087895627664,0.900305805082536,11184264,3697362,100
t500,200,1.0,0.8411759734153748,4.392069840186868,0.9172823811702558,11184264,3697362,200
t500,400,1.0,0.863422155380249,4.072876808901576,0.9292360207698798,11184264,3697362,400
t600,5,1.0,0.5381098985671997,7.478280726021691,0.73456709820685,11184264,3697362,5
t600,10,1.0,0.5494136810302734,7.386206178920901,0.7419315177572667,11184264,3697362,10
t600,25,1.0,0.6617883443832397,6.399215483265861,0.8136069454265459,11184264,3697362,25
t600,50,1.0,0.7816088199615479,5.142212225577235,0.8846189560499698,11184264,3697362,50
t600,100,1.0,0.8104693293571472,4.790404687084385,0.900612688368617,11184264,3697362,100
t600,200,1.0,0.8405889868736267,4.393307555320338,0.9170046707430817,11184264,3697362,200
t600,400,1.0,0.8626899123191833,4.07740303752223,0.9288716057885302,11184264,3697362,400
t700,5,1.0,0.5421679019927979,7.732423601682681,0.7374043115697761,11184264,3697362,5
t700,10,1.0,0.5564196705818176,7.611121633233116,0.7468111666948032,11184264,3697362,10
t700,25,1.0,0.6554142236709595,6.708280417034193,0.809718978387098,11184264,3697362,25
t700,50,1.0,0.7777585387229919,5.387348627853696,0.8827602610761685,11184264,3697362,50
t700,100,1.0,0.8065690398216248,5.026035046614272,0.89876180852027,11184264,3697362,100
t700,200,1.0,0.838229775428772,4.596336207656428,0.9159479763349834,11184264,3697362,200
t700,400,1.0,0.8597078919410706,4.280348856960175,0.9274100724909737,11184264,3697362,400
t850,5,1.0,0.5149590969085693,8.381326591716357,0.7195493912215886,11184264,3697362,5
t850,10,1.0,0.5258667469024658,8.28655076150199,0.7269028626690568,11184264,3697362,10
t850,25,1.0,0.6428942680358887,7.19154177925998,0.8021721979061825,11184264,3697362,25
t850,50,1.0,0.7656025886535645,5.826396123219564,0.8760082680041716,11184264,3697362,50
t850,100,1.0,0.8007426261901855,5.371935835977054,0.8957171184692667,11184264,3697362,100
t850,200,1.0,0.8325616121292114,4.92437525625624,0.9129704728787256,11184264,3697362,200
t850,400,1.0,0.8552350997924805,4.57883716030616,0.9250910703453046,11184264,3697362,400
t1000,5,1.0,0.4933854937553406,9.296001386868872,0.704583103194085,11184264,3697362,5
t1000,10,1.0,0.5378819704055786,8.878382078676324,0.7356074767640902,11184264,3697362,10
t1000,25,1.0,0.6446667909622192,7.78529810261822,0.8034425877112349,11184264,3697362,25
t1000,50,1.0,0.7724673748016357,6.229872987778134,0.8800572582620098,11184264,3697362,50
t1000,100,1.0,0.806774914264679,5.741020821104847,0.899185050038869,11184264,3697362,100
t1000,200,1.0,0.8346242904663086,5.3112071539806385,0.9141805745364087,11184264,3697362,200
t1000,400,1.0,0.8565562963485718,4.946500855380526,0.9258870785250881,11184264,3697362,400
u50,5,1.0,0.24427294731140137,13.408101129664868,0.50250568553012,11184264,3697362,5
u50,10,1.0,0.31358015537261963,12.778494913368185,0.5622172700567596,11184264,3697362,10
u50,25,1.0,0.37636852264404297,12.18004329178857,0.6162649723253024,11184264,3697362,25
u50,50,1.0,0.498859703540802,10.918537901645438,0.7105779246314997,11184264,3697362,50
u50,100,1.0,0.5922292470932007,9.849015828648502,0.7770460344742309,11184264,3697362,100
u50,200,1.0,0.6662191152572632,8.910775731287416,0.8217795787789216,11184264,3697362,200
u50,400,1.0,0.7013677358627319,8.428555643283943,0.8418315891221003,11184264,3697362,400
u250,5,1.0,0.13543540239334106,16.660062371511586,0.3770270800020044,11184264,3697362,5
u250,10,1.0,0.17774438858032227,16.24730390043847,0.4303365005218068,11184264,3697362,10
u250,25,1.0,0.5066568851470947,12.584976661608959,0.7146241433325209,11184264,3697362,25
u250,50,1.0,0.5823100805282593,11.579901390380554,0.7650990971392236,11184264,3697362,50
u250,100,1.0,0.6647088527679443,10.37502022247182,0.8164423811135235,11184264,3697362,100
u250,200,1.0,0.7391526699066162,9.151053662944495,0.860015344144504,11184264,3697362,200
u250,400,1.0,0.780265212059021,8.398994349271915,0.8835189786735335,11184264,3697362,400
u500,5,1.0,0.19580107927322388,10.579173995370168,0.4446987776523673,11184264,3697362,5
u500,10,1.0,0.3044160008430481,9.838860547842053,0.5533859073185351,11184264,3697362,10
u500,25,1.0,0.5582789778709412,7.840504981924444,0.7478885346017189,11184264,3697362,25
u500,50,1.0,0.6251699328422546,7.22249436803105,0.7913513469890637,11184264,3697362,50
u500,100,1.0,0.7045154571533203,6.412647755725685,0.8395918498833095,11184264,3697362,100
u500,200,1.0,0.7619122862815857,5.756234810774951,0.8729466646462206,11184264,3697362,200
u500,400,1.0,0.8048064708709717,5.211980026253687,0.897126750878354,11184264,3697362,400
u600,5,1.0,0.21383559703826904,9.095736886277798,0.46398243861198535,11184264,3697362,5
u600,10,1.0,0.357113242149353,8.225237588436608,0.5984253573204401,11184264,3697362,10
u600,25,1.0,0.5894315838813782,6.5731565146558095,0.7682887272937978,11184264,3697362,25
u600,50,1.0,0.6528878211975098,6.043884326345445,0.8084148087655384,11184264,3697362,50
u600,100,1.0,0.7253398895263672,5.376244511799959,0.8518759356072643,11184264,3697362,100
u600,200,1.0,0.772816002368927,4.889563497084029,0.879182569092833,11184264,3697362,200
u600,400,1.0,0.8132805824279785,4.432777578372974,0.9018417288872317,11184264,3697362,400
u700,5,1.0,0.22534990310668945,8.127342003959006,0.4756715184858877,11184264,3697362,5
u700,10,1.0,0.4009913206100464,7.146811044904732,0.6333456586069427,11184264,3697362,10
u700,25,1.0,0.6290647387504578,5.623993338471072,0.7932912310761049,11184264,3697362,25
u700,50,1.0,0.6760613918304443,5.255658143386193,0.8222953232730481,11184264,3697362,50
u700,100,1.0,0.7418627738952637,4.691600785998385,0.861361552019147,11184264,3697362,100
u700,200,1.0,0.7846640348434448,4.285031841075201,0.8858597379769654,11184264,3697362,200
u700,400,1.0,0.8209966421127319,3.9068461459163357,0.9060999625994948,11184264,3697362,400
u850,5,1.0,0.27943211793899536,6.981395247953972,0.528977602941786,11184264,3697362,5
u850,10,1.0,0.5181753635406494,5.70885841943247,0.7199455922763357,11184264,3697362,10
u850,25,1.0,0.6630080938339233,4.774352839688516,0.8142755725876163,11184264,3697362,25
u850,50,1.0,0.7004565000534058,4.5012660894553935,0.8369631310770966,11184264,3697362,50
u850,100,1.0,0.7471468448638916,4.135604405725864,0.8644184973898564,11184264,3697362,100
u850,200,1.0,0.7966309189796448,3.7089181646028795,0.8926377629447568,11184264,3697362,200
u850,400,1.0,0.8264273405075073,3.4264579287331007,0.9090914675979962,11184264,3697362,400
u1000,5,1.0,0.2863672971725464,5.151141230974483,0.5352209010985391,11184264,3697362,5
u1000,10,1.0,0.5270661115646362,4.193400311281323,0.726315607557354,11184264,3697362,10
u1000,25,1.0,0.632276177406311,3.697659865941146,0.7955100109902894,11184264,3697362,25
u1000,50,1.0,0.6722686290740967,3.4908013035468985,0.8201233634153089,11184264,3697362,50
u1000,100,1.0,0.7187728881835938,3.233662254933173,0.8479846380823127,11184264,3697362,100
u1000,200,1.0,0.7774902582168579,2.876342294232609,0.8820917324357135,11184264,3697362,200
u1000,400,1.0,0.8075801730155945,2.6747980023704794,0.8988023718520707,11184264,3697362,400
v50,5,1.0,0.000847935676574707,6.697523359633173,0.030413304234953514,11184264,3697362,5
v50,10,1.0,0.004850268363952637,6.684095995886547,0.07030226549558348,11184264,3697362,10
v50,25,1.0,0.034325480461120605,6.584364154446455,0.18715677949606338,11184264,3697362,25
v50,50,1.0,0.061651527881622314,6.490535594781751,0.2525580596582979,11184264,3697362,50
v50,100,1.0,0.16855502128601074,6.109634120743686,0.427886752032382,11184264,3697362,100
v50,200,1.0,0.24897921085357666,5.806633726976226,0.521239060908956,11184264,3697362,200
v50,400,1.0,0.3428201675415039,5.4317598408685255,0.6088019767264753,11184264,3697362,400
v250,5,1.0,0.000931859016418457,13.536722605073901,0.034700622378124435,11184264,3697362,5
v250,10,1.0,0.008475065231323242,13.48552351532642,0.09346496090442949,11184264,3697362,10
v250,25,1.0,0.21115005016326904,12.028547027946294,0.4604027212880179,11184264,3697362,25
v250,50,1.0,0.41486555337905884,10.359619505975774,0.6446032125427994,11184264,3697362,50
v250,100,1.0,0.4843018651008606,9.725541173788063,0.6962022288597893,11184264,3697362,100
v250,200,1.0,0.618768572807312,8.362002635357781,0.7873743220513555,11184264,3697362,200
v250,400,1.0,0.6915680170059204,7.52134769051019,0.8321344996496848,11184264,3697362,400
v500,5,1.0,-0.0007894039154052734,8.612031336463795,0.01749445504098243,11184264,3697362,5
v500,10,1.0,0.024574637413024902,8.50219967373104,0.1583673540553421,11184264,3697362,10
v500,25,1.0,0.26989156007766724,7.355766691473076,0.5198664168523641,11184264,3697362,25
v500,50,1.0,0.365017294883728,6.859859371245283,0.6043008716524513,11184264,3697362,50
v500,100,1.0,0.45983392000198364,6.327001250530835,0.6781837435522025,11184264,3697362,100
v500,200,1.0,0.6048101782798767,5.411742667058182,0.7780059514719121,11184264,3697362,200
v500,400,1.0,0.6739997863769531,4.915222516227846,0.8211437134871346,11184264,3697362,400
v600,5,1.0,-0.0004889965057373047,7.250996225246909,0.026344931786749994,11184264,3697362,5
v600,10,1.0,0.03458535671234131,7.122762496036995,0.18876759756252587,11184264,3697362,10
v600,25,1.0,0.29817426204681396,6.073040480575684,0.5464615125314868,11184264,3697362,25
v600,50,1.0,0.3840416669845581,5.689409543259101,0.6200405747771767,11184264,3697362,50
v600,100,1.0,0.4813804030418396,5.220546755748393,0.6940219027997347,11184264,3697362,100
v600,200,1.0,0.6074820756912231,4.5417296145681885,0.7796998970564311,11184264,3697362,200
v600,400,1.0,0.6768723726272583,4.120772073494171,0.8227969517662419,11184264,3697362,400
v700,5,1.0,0.00138092041015625,6.329460398739294,0.04490289596203453,11184264,3697362,5
v700,10,1.0,0.05410802364349365,6.160096801393552,0.23557071197412974,11184264,3697362,10
v700,25,1.0,0.32848846912384033,5.190312186316991,0.5733591320039223,11184264,3697362,25
v700,50,1.0,0.4138000011444092,4.849418424364455,0.6436043999345502,11184264,3697362,50
v700,100,1.0,0.491659939289093,4.515895954173534,0.7018363122199027,11184264,3697362,100
v700,200,1.0,0.6089154481887817,3.9609746987667087,0.7807662010529586,11184264,3697362,200
v700,400,1.0,0.6782522201538086,3.5927293737954322,0.8236894081062015,11184264,3697362,400
v850,5,1.0,0.006273031234741211,5.670755743560553,0.08991577241679743,11184264,3697362,5
v850,10,1.0,0.11505073308944702,5.351389994938669,0.34499928357910903,11184264,3697362,10
v850,25,1.0,0.4026842713356018,4.3965234199732235,0.6350130127103353,11184264,3697362,25
v850,50,1.0,0.4547235369682312,4.200643154128329,0.6750847218996804,11184264,3697362,50
v850,100,1.0,0.5102641582489014,3.9809649067462423,0.7155249561239581,11184264,3697362,100
v850,200,1.0,0.6062586307525635,3.569545805432405,0.7792267382067728,11184264,3697362,200
v850,400,1.0,0.6716494560241699,3.2596898512950188,0.8199401290997002,11184264,3697362,400
v1000,5,1.0,0.018297016620635986,4.932777367443487,0.1449477959041048,11184264,3697362,5
v1000,10,1.0,0.29061126708984375,4.193180842656758,0.5421573630968421,11184264,3697362,10
v1000,25,1.0,0.49484366178512573,3.5384607203428415,0.7039714749641579,11184264,3697362,25
v1000,50,1.0,0.5281519889831543,3.419814233921376,0.7273481406906737,11184264,3697362,50
v1000,100,1.0,0.5643981695175171,3.2858392502140257,0.7519658720649172,11184264,3697362,100
v1000,200,1.0,0.6494487524032593,2.9476587477005385,0.8061808277857494,11184264,3697362,200
v1000,400,1.0,0.7121248245239258,2.6711824646169986,0.8442090501195554,11184264,3697362,400
z50,5,1.0,0.18856215476989746,3557.635591231907,0.444786686414271,11184264,3697362,5
z50,10,1.0,0.2168918251991272,3494.980114392641,0.47590883736370077,11184264,3697362,10
z50,25,1.0,0.3154233694076538,3267.7201532567015,0.5662759548108083,11184264,3697362,25
z50,50,1.0,0.5848540663719177,2544.6861299578777,0.7664057829324848,11184264,3697362,50
z50,100,1.0,0.6793289184570312,2236.4734516644726,0.8254969146294081,11184264,3697362,100
z50,200,1.0,0.7371491193771362,2024.8299311300195,0.8594799010486016,11184264,3697362,200
z50,400,1.0,0.7644990086555481,1916.5942450085777,0.8752483750302116,11184264,3697362,400
z250,5,1.0,0.501333475112915,3324.703445421862,0.7092273852676104,11184264,3697362,5
z250,10,1.0,0.5226709842681885,3252.795259465311,0.7238313986615409,11184264,3697362,10
z250,25,1.0,0.6383059024810791,2831.5126699345706,0.7990487860493124,11184264,3697362,25
z250,50,1.0,0.7846060991287231,2185.0659028962946,0.8862866566376773,11184264,3697362,50
z250,100,1.0,0.812498152256012,2038.687016194492,0.901685806087657,11184264,3697362,100
z250,200,1.0,0.8435182571411133,1862.4285221183657,0.9185540813121394,11184264,3697362,200
z250,400,1.0,0.864992082118988,1729.9257209487348,0.9300681704004251,11184264,3697362,400
z500,5,1.0,0.4653046727180481,2058.4905877851374,0.6832911540685327,11184264,3697362,5
z500,10,1.0,0.5122863054275513,1965.97577553743,0.7163383591663854,11184264,3697362,10
z500,25,1.0,0.6316099166870117,1708.6364446540406,0.7947433571998617,11184264,3697362,25
z500,50,1.0,0.7780553102493286,1326.2277330835757,0.8828785027164261,11184264,3697362,50
z500,100,1.0,0.8088297843933105,1230.8519407304846,0.8998147442777149,11184264,3697362,100
z500,200,1.0,0.8410894870758057,1122.2043597313282,0.9172971272850405,11184264,3697362,200
z500,400,1.0,0.8625913262367249,1043.5248559569627,0.9287774406022835,11184264,3697362,400
z600,5,1.0,0.43830060958862305,1702.1520202379104,0.6632704184947562,11184264,3697362,5
z600,10,1.0,0.5007127523422241,1604.8026358403079,0.7081742510108291,11184264,3697362,10
z600,25,1.0,0.6198580861091614,1400.2940762568412,0.7873106743738554,11184264,3697362,25
z600,50,1.0,0.770703911781311,1087.5387349423468,0.8787943712177537,11184264,3697362,50
z600,100,1.0,0.8036996722221375,1006.2522981340217,0.8970090620786427,11184264,3697362,100
z600,200,1.0,0.8376271724700928,915.1725930118319,0.9154186294770793,11184264,3697362,200
z600,400,1.0,0.8593952655792236,851.6209177210245,0.9270514378212158,11184264,3697362,400
z700,5,1.0,0.39782625436782837,1410.979712823682,0.6319779143580235,11184264,3697362,5
z700,10,1.0,0.48144060373306274,1309.3600536139782,0.6943408821598334,11184264,3697362,10
z700,25,1.0,0.6020638942718506,1147.008227956539,0.7759395425686632,11184264,3697362,25
z700,50,1.0,0.7573099732398987,895.7479765536733,0.8712182422690713,11184264,3697362,50
z700,100,1.0,0.7946287393569946,824.0047026564836,0.8919742038743326,11184264,3697362,100
z700,200,1.0,0.8310390710830688,747.3998260636672,0.911804054284027,11184264,3697362,200
z700,400,1.0,0.8535240292549133,695.8939170232774,0.9238733639061443,11184264,3697362,400
z850,5,1.0,0.29902559518814087,1074.0086708216093,0.547908200841551,11184264,3697362,5
z850,10,1.0,0.4399261474609375,960.0179685818385,0.663636968926106,11184264,3697362,10
z850,25,1.0,0.5573692321777344,853.4488854055643,0.7467273207396666,11184264,3697362,25
z850,50,1.0,0.7165720462799072,682.932921303403,0.8477317588987715,11184264,3697362,50
z850,100,1.0,0.7677520513534546,618.2052147143374,0.8768568205903482,11184264,3697362,100
z850,200,1.0,0.8113380074501038,557.1844117973869,0.9009194683281989,11184264,3697362,200
z850,400,1.0,0.8357528448104858,519.8830397310534,0.914227103788869,11184264,3697362,400
z1000,5,1.0,0.2324935793876648,862.0559364101613,0.48465730162922305,11184264,3697362,5
z1000,10,1.0,0.423888623714447,746.874571129584,0.6535164795345654,11184264,3697362,10
z1000,25,1.0,0.5248819589614868,678.2584085361567,0.7253522671119956,11184264,3697362,25
z1000,50,1.0,0.663822591304779,570.5302906069055,0.8161106663438898,11184264,3697362,50
z1000,100,1.0,0.7350996732711792,506.4489886701325,0.8579655921362339,11184264,3697362,100
z1000,200,1.0,0.7886481285095215,452.37382564091837,0.8882179219267676,11184264,3697362,200
z1000,400,1.0,0.8138390183448792,424.5597167949404,0.9022774715984836,11184264,3697362,400
q50,5,1.0,-0.06624817848205566,2.7111017750054777e-07,0.2306442199701828,11184264,3697362,5
q50,10,1.0,-0.034970760345458984,2.6710419319594357e-07,0.2952515502859149,11184264,3697362,10
q50,25,1.0,0.004083514213562012,2.620161978526288e-07,0.345723851326397,11184264,3697362,25
q50,50,1.0,0.07456058263778687,2.5257517427455506e-07,0.4366831814091042,11184264,3697362,50
q50,100,1.0,0.13694077730178833,2.4391413127810963e-07,0.4978006412722014,11184264,3697362,100
q50,200,1.0,0.23233288526535034,2.3003987939108022e-07,0.5747920376919523,11184264,3697362,200
q50,400,1.0,0.2914564609527588,2.210038952680981e-07,0.6243299731070353,11184264,3697362,400
q250,5,1.0,0.33196723461151123,6.737004327581025e-05,0.576727950771521,11184264,3697362,5
q250,10,1.0,0.3433660864830017,6.679279246670537e-05,0.587110034890983,11184264,3697362,10
q250,25,1.0,0.4680016040802002,6.012057183046059e-05,0.68467763906182,11184264,3697362,25
q250,50,1.0,0.5488206148147583,5.536592364432099e-05,0.7410605543881726,11184264,3697362,50
q250,100,1.0,0.6545631885528564,4.8445366346181094e-05,0.8093321672635697,11184264,3697362,100
q250,200,1.0,0.7239124774932861,4.331031152526106e-05,0.8512396514170512,11184264,3697362,200
q250,400,1.0,0.75837242603302,4.051736293824231e-05,0.8714412154630556,11184264,3697362,400
q500,5,1.0,0.3879091143608093,0.0009649845240574548,0.6240516273005778,11184264,3697362,5
q500,10,1.0,0.43929749727249146,0.0009235887708613648,0.6641745697422057,11184264,3697362,10
q500,25,1.0,0.5955395698547363,0.0007844231407002308,0.772484928859829,11184264,3697362,25
q500,50,1.0,0.6869198083877563,0.0006901447182290867,0.8290604722773721,11184264,3697362,50
q500,100,1.0,0.7453919649124146,0.0006223697010931329,0.8637391255046644,11184264,3697362,100
q500,200,1.0,0.7853257656097412,0.0005714817746855637,0.8866106038272646,11184264,3697362,200
q500,400,1.0,0.813611626625061,0.0005325026791566563,0.9025967585962996,11184264,3697362,400
q600,5,1.0,0.4588592052459717,0.001449003934488159,0.6779580610762259,11184264,3697362,5
q600,10,1.0,0.5374050140380859,0.0013397225571246086,0.7338409488326499,11184264,3697362,10
q600,25,1.0,0.6200625896453857,0.001214144735517439,0.7879299474111532,11184264,3697362,25
q600,50,1.0,0.7066665887832642,0.0010668299277306924,0.8407327997783638,11184264,3697362,50
q600,100,1.0,0.7672924995422363,0.000950210060924693,0.8759904756267182,11184264,3697362,100
q600,200,1.0,0.8080355525016785,0.0008630279006400956,0.898972832820259,11184264,3697362,200
q600,400,1.0,0.8336478471755981,0.0008033941300437373,0.9131738066530859,11184264,3697362,400
q700,5,1.0,0.5322127342224121,0.0019075245776087974,0.7301264373043285,11184264,3697362,5
q700,10,1.0,0.6005880832672119,0.001762611060002157,0.7757082373413811,11184264,3697362,10
q700,25,1.0,0.6691179871559143,0.0016042888383203128,0.8184484504043793,11184264,3697362,25
q700,50,1.0,0.7502681016921997,0.001393743951927753,0.8662345475618028,11184264,3697362,50
q700,100,1.0,0.7755194902420044,0.001321403007697086,0.8807220547204911,11184264,3697362,100
q700,200,1.0,0.8201459050178528,0.0011827858002008175,0.9056547551273066,11184264,3697362,200
q700,400,1.0,0.8486225605010986,0.0010851168968790295,0.921313406623413,11184264,3697362,400
q850,5,1.0,0.5316421985626221,0.002861634983720475,0.7305551148247822,11184264,3697362,5
q850,10,1.0,0.5637991428375244,0.0027616496507333554,0.752854695936635,11184264,3697362,10
q850,25,1.0,0.6751059889793396,0.0023833959224745078,0.8224151498114128,11184264,3697362,25
q850,50,1.0,0.7631469964981079,0.002035001555137767,0.8737661881669253,11184264,3697362,50
q850,100,1.0,0.8008836507797241,0.0018658590475129596,0.8949895600230681,11184264,3697362,100
q850,200,1.0,0.8322826027870178,0.0017124362287232809,0.9123076351260463,11184264,3697362,200
q850,400,1.0,0.8596529960632324,0.0015664875034600786,0.9272453260675404,11184264,3697362,400
q1000,5,1.0,0.6251621842384338,0.0034954283052854996,0.7913956333001202,11184264,3697362,5
q1000,10,1.0,0.639585018157959,0.003427520750857758,0.8007813740245787,11184264,3697362,10
q1000,25,1.0,0.7254781126976013,0.002991349655716825,0.8520942255515783,11184264,3697362,25
q1000,50,1.0,0.8084678053855896,0.0024986162440248276,0.899275067213024,11184264,3697362,50
q1000,100,1.0,0.8334722518920898,0.002329818059599666,0.9130436581245467,11184264,3697362,100
q1000,200,1.0,0.8550209403038025,0.0021738586099580262,0.9247045564936586,11184264,3697362,200
q1000,400,1.0,0.8807544708251953,0.0019715133174077167,0.9385204753836116,11184264,3697362,400
w50,5,1.0,0.001123964786529541,0.010551820170744752,0.033670010654901744,11184264,3697362,5
w50,10,1.0,0.001785874366760254,0.010548323252042021,0.04226524882853208,11184264,3697362,10
w50,25,1.0,0.0034781694412231445,0.010539377920563671,0.05928609880777804,11184264,3697362,25
w50,50,1.0,0.006815612316131592,0.010521714774292595,0.0826012333716233,11184264,3697362,50
w50,100,1.0,0.013657808303833008,0.010485408974500381,0.11686822765349163,11184264,3697362,100
w50,200,1.0,0.02708280086517334,0.010413807036233045,0.1646492063426846,11184264,3697362,200
w50,400,1.0,0.07300359010696411,0.010165075275581291,0.27031479358595084,11184264,3697362,400
w250,5,1.0,0.04103332757949829,0.10310942647845675,0.20286902100606963,11184264,3697362,5
w250,10,1.0,0.058001935482025146,0.10219311256919127,0.24094102499502162,11184264,3697362,10
w250,25,1.0,0.08091425895690918,0.10094263200291342,0.2845163769867424,11184264,3697362,25
w250,50,1.0,0.12397944927215576,0.09854934956885371,0.35224991018291546,11184264,3697362,50
w250,100,1.0,0.17295706272125244,0.09575481867648261,0.41595231851042336,11184264,3697362,100
w250,200,1.0,0.26554328203201294,0.09023597868613113,0.5154908252773356,11184264,3697362,200
w250,400,1.0,0.38159841299057007,0.0828002972429205,0.6177894863402951,11184264,3697362,400
w500,5,1.0,0.04258882999420166,0.17678466087154066,0.20718961716301654,11184264,3697362,5
w500,10,1.0,0.0650254487991333,0.17470093530432923,0.25522061549137,11184264,3697362,10
w500,25,1.0,0.09276491403579712,0.17208984883279937,0.3045954407654894,11184264,3697362,25
w500,50,1.0,0.1589314341545105,0.16569562252025927,0.39868763730477463,11184264,3697362,50
w500,100,1.0,0.2356959581375122,0.1579531944192486,0.4856504061741482,11184264,3697362,100
w500,200,1.0,0.29528898000717163,0.15167041063490933,0.5434357234034244,11184264,3697362,200
w500,400,1.0,0.3977750539779663,0.14020861466107007,0.6307057582705424,11184264,3697362,400
w600,5,1.0,0.04510122537612915,0.17846947914539676,0.2133177850597383,11184264,3697362,5
w600,10,1.0,0.06567049026489258,0.17653683290180633,0.25665559157942125,11184264,3697362,10
w600,25,1.0,0.0887255072593689,0.17434516370336559,0.29792086343656676,11184264,3697362,25
w600,50,1.0,0.13854742050170898,0.16951221104258224,0.37226903596026023,11184264,3697362,50
w600,100,1.0,0.21490389108657837,0.16182540817867833,0.4636938849790834,11184264,3697362,100
w600,200,1.0,0.2798861861228943,0.1549836459492195,0.5291005435981067,11184264,3697362,200
w600,400,1.0,0.37914085388183594,0.14390697201559083,0.6157878501137464,11184264,3697362,400
w700,5,1.0,0.04847496747970581,0.17703155270085125,0.22108811389617736,11184264,3697362,5
w700,10,1.0,0.06313455104827881,0.17566254634427675,0.2517064712261854,11184264,3697362,10
w700,25,1.0,0.08675980567932129,0.17343353103701517,0.2946102121597437,11184264,3697362,25
w700,50,1.0,0.13154268264770508,0.1691277241357058,0.36273399528225697,11184264,3697362,50
w700,100,1.0,0.204417884349823,0.16187622930545997,0.45216884920418154,11184264,3697362,100
w700,200,1.0,0.2927418351173401,0.1526263562356206,0.5411614853969955,11184264,3697362,200
w700,400,1.0,0.40446043014526367,0.14005411351828356,0.6360968827275432,11184264,3697362,400
w850,5,1.0,0.050350189208984375,0.15779460153963767,0.22498004266808472,11184264,3697362,5
w850,10,1.0,0.06113487482070923,0.15689604238140703,0.24743520744023867,11184264,3697362,10
w850,25,1.0,0.09556245803833008,0.1539925398711045,0.3092330371580124,11184264,3697362,25
w850,50,1.0,0.14538848400115967,0.14969067742393846,0.3814499985491025,11184264,3697362,50
w850,100,1.0,0.21361404657363892,0.14359134413661903,0.4624484526442648,11184264,3697362,100
w850,200,1.0,0.33548277616500854,0.13199683367208048,0.5800531081610788,11184264,3697362,200
w850,400,1.0,0.48469769954681396,0.11623620712199365,0.6966483631532538,11184264,3697362,400
w1000,5,1.0,0.039964139461517334,0.07705324069933929,0.19996600283128774,11184264,3697362,5
w1000,10,1.0,0.04971593618392944,0.07666089731817986,0.22324836034911186,11184264,3697362,10
w1000,25,1.0,0.11145615577697754,0.07412873946148653,0.33405682315946067,11184264,3697362,25
w1000,50,1.0,0.15460175275802612,0.0723065859464497,0.3934439197244978,11184264,3697362,50
w1000,100,1.0,0.23736780881881714,0.06867596340703155,0.4877948960559431,11184264,3697362,100
w1000,200,1.0,0.3618606925010681,0.06282101089550446,0.6022959635452111,11184264,3697362,200
w1000,400,1.0,0.49980103969573975,0.05561841171941197,0.7077261893630917,11184264,3697362,400
