pc_name,pc_index,total_timesteps,top1_variable,top1_mean_abs_r,top1_wins,top1_count,top2_variable,top2_mean_abs_r,top2_wins,top2_count,top3_variable,top3_mean_abs_r,top3_wins,top3_count
PC_1,1,1453,land_sea_mask,0.7606249879084205,1453,1453,specific_humidity_lev35,0.5619062426495536,0,1453,specific_humidity_lev34,0.5596823735394645,0,1453
PC_2,2,1453,specific_humidity_lev26,0.5385156493513484,1228,1453,specific_humidity_lev27,0.5282567963670716,66,1453,specific_humidity_lev25,0.5272892502899919,151,1453
PC_3,3,1453,temperature_lev11,0.5922041767150553,418,1453,temperature_lev10,0.5900826413961254,282,1453,temperature_lev18,0.5880380457258192,140,1453
PC_4,4,1453,latitude,0.4269710071154159,222,1453,latitude_sin,0.4263542112160451,593,1453,u_component_of_wind_lev00,0.2945985871504403,66,1453
PC_5,5,1453,latitude_sin,0.45663935311154014,979,1453,latitude,0.44809140571625744,182,1453,u_component_of_wind_lev00,0.3316466966495907,48,1453
PC_6,6,1453,v_component_of_wind_lev36,0.2160662403900666,431,1453,10m_v_component_of_wind,0.21227090931205875,149,1453,v_component_of_wind_lev35,0.210264124947934,20,1453
PC_7,7,1453,geopotential_lev31,0.3302067259591937,164,1453,geopotential_lev32,0.32940432394445146,217,1453,geopotential_lev30,0.3283664157635905,74,1453
PC_8,8,1453,specific_humidity_lev24,0.2526045883226953,262,1453,specific_humidity_lev23,0.2521181471815047,375,1453,specific_humidity_lev32,0.24837477623657447,499,1453
PC_9,9,1453,u_component_of_wind_lev36,0.3507266196910053,411,1453,10m_u_component_of_wind,0.3486098305406196,212,1453,u_component_of_wind_lev35,0.34529808324653366,6,1453
PC_10,10,1453,v_component_of_wind_lev36,0.4572066348622933,529,1453,10m_v_component_of_wind,0.45600701280897105,372,1453,v_component_of_wind_lev35,0.45440939957941306,284,1453
PC_11,11,1453,u_component_of_wind_lev24,0.2180223047543581,212,1453,u_component_of_wind_lev25,0.21569887364343454,169,1453,u_component_of_wind_lev23,0.21398153316283422,122,1453
PC_12,12,1453,u_component_of_wind_lev21,0.3841525847162777,382,1453,u_component_of_wind_lev20,0.3838531379443731,350,1453,u_component_of_wind_lev22,0.3786422371125927,196,1453
PC_13,13,1453,u_component_of_wind_lev36,0.2027970098282088,311,1453,10m_u_component_of_wind,0.20104661454169076,92,1453,u_component_of_wind_lev35,0.19611061258524842,23,1453
PC_14,14,1453,temperature_lev11,0.21071095998835698,217,1453,temperature_lev10,0.2070414413615313,57,1453,specific_humidity_lev35,0.20483796180822647,0,1453
PC_15,15,1453,v_component_of_wind_lev36,0.1976646906494356,307,1453,geopotential_at_surface,0.1971383139809,478,1453,v_component_of_wind_lev35,0.19445210601942176,30,1453
PC_16,16,1453,geopotential_at_surface,0.19373330868221691,356,1453,local_time_sin,0.18111399853703325,4,1453,land_sea_mask,0.17478397568281503,467,1453
PC_17,17,1453,temperature_lev35,0.25452262333402614,572,1453,temperature_lev36,0.25259397702428776,91,1453,temperature_lev34,0.24923279475361745,40,1453
PC_18,18,1453,u_component_of_wind_lev25,0.2702837785461075,347,1453,u_component_of_wind_lev24,0.26962846961110853,262,1453,u_component_of_wind_lev26,0.2636293832158845,108,1453
PC_19,19,1453,u_component_of_wind_lev15,0.2571888554838716,442,1453,u_component_of_wind_lev16,0.2549647922997465,406,1453,u_component_of_wind_lev14,0.25374100734181676,195,1453
PC_20,20,1453,u_component_of_wind_lev12,0.18969602718286238,252,1453,u_component_of_wind_lev13,0.18938281736280563,193,1453,geopotential_at_surface,0.1851660699031719,486,1453
PC_21,21,1453,geopotential_at_surface,0.24282859406303883,709,1453,v_component_of_wind_lev21,0.20319820610781988,40,1453,v_component_of_wind_lev20,0.20094921091713744,30,1453
PC_22,22,1453,u_component_of_wind_lev26,0.23159861171852697,425,1453,u_component_of_wind_lev25,0.2315945009978492,387,1453,u_component_of_wind_lev27,0.22817020252582867,144,1453
PC_23,23,1453,v_component_of_wind_lev22,0.3111535170245646,576,1453,v_component_of_wind_lev23,0.30950566997055506,427,1453,v_component_of_wind_lev21,0.30659909126927587,279,1453
PC_24,24,1453,v_component_of_wind_lev30,0.16048741144886405,195,1453,v_component_of_wind_lev29,0.159737906063005,166,1453,v_component_of_wind_lev28,0.14895853039238754,8,1453
PC_25,25,1453,v_component_of_wind_lev25,0.18727280092871115,252,1453,v_component_of_wind_lev24,0.18684255444051803,266,1453,v_component_of_wind_lev23,0.17428800654427726,5,1453
PC_26,26,1453,latitude,0.16816533535061287,243,1453,latitude_sin,0.16703480632371748,285,1453,v_component_of_wind_lev28,0.1512575855815792,88,1453
PC_27,27,1453,temperature_lev15,0.20425322869534912,227,1453,temperature_lev14,0.19153706469789086,253,1453,local_time_sin,0.18770577334455957,1,1453
PC_28,28,1453,v_component_of_wind_lev17,0.2254933896644396,449,1453,v_component_of_wind_lev16,0.22523168384187892,428,1453,v_component_of_wind_lev15,0.2147550389570609,39,1453
PC_29,29,1453,local_time_cos,0.1717349796205649,81,1453,toa_incident_solar_radiation,0.16117843241436908,345,1453,u_component_of_wind_lev14,0.12340348109605973,91,1453
PC_30,30,1453,local_time_sin,0.2555270770235219,8,1453,longitude_sin,0.19383395181940605,699,1453,longitude_cos,0.1904338397306319,660,1453
PC_31,31,1453,v_component_of_wind_lev15,0.2266984665272815,418,1453,v_component_of_wind_lev16,0.22449056774439355,273,1453,v_component_of_wind_lev14,0.22015084310371302,151,1453
PC_32,32,1453,local_time_sin,0.16719422130271824,56,1453,specific_humidity_lev23,0.15440553440002525,362,1453,specific_humidity_lev22,0.14822662858691413,97,1453
PC_33,33,1453,v_component_of_wind_lev14,0.11719010299844353,91,1453,v_component_of_wind_lev13,0.1156290556430427,61,1453,v_component_of_wind_lev15,0.11338423519457465,59,1453
PC_34,34,1453,temperature_lev16,0.22598153071738242,234,1453,temperature_lev15,0.22289118223297374,234,1453,geopotential_lev09,0.21727667541255313,52,1453
PC_35,35,1453,v_component_of_wind_lev14,0.1623821698093283,271,1453,v_component_of_wind_lev15,0.16004701419198258,205,1453,v_component_of_wind_lev13,0.15363538774154717,66,1453
PC_36,36,1453,local_time_sin,0.2756626280889951,106,1453,temperature_lev14,0.20698879790701952,132,1453,temperature_lev13,0.1998340854496892,156,1453
PC_37,37,1453,specific_humidity_lev21,0.11256793343896064,346,1453,geopotential_lev06,0.10829144148980488,44,1453,temperature_lev07,0.10738448805089276,86,1453
PC_38,38,1453,toa_incident_solar_radiation,0.09078019163973304,274,1453,u_component_of_wind_lev11,0.08128211849405023,125,1453,u_component_of_wind_lev12,0.07974573024955753,119,1453
PC_39,39,1453,temperature_lev14,0.16394871685728277,433,1453,total_precipitation_6hr,0.1387480407573811,238,1453,temperature_lev15,0.13340217428469706,41,1453
PC_40,40,1453,temperature_lev14,0.20023933298249985,438,1453,temperature_lev13,0.18742103133214727,318,1453,geopotential_lev07,0.18152032711524654,61,1453
PC_41,41,1453,latitude_sin,0.18965951205845955,359,1453,latitude,0.18939319731401608,196,1453,temperature_lev14,0.18257171077872014,49,1453
PC_42,42,1453,toa_incident_solar_radiation,0.1693514300446511,624,1453,local_time_cos,0.148113584756413,26,1453,longitude_cos,0.10636391917753008,63,1453
PC_43,43,1453,v_component_of_wind_lev13,0.18405333610029773,657,1453,v_component_of_wind_lev12,0.17813862879175363,390,1453,v_component_of_wind_lev14,0.17402302598899919,92,1453
PC_44,44,1453,vertical_velocity_lev25,0.10490127257536136,67,1453,vertical_velocity_lev26,0.10256003858284424,15,1453,vertical_velocity_lev24,0.1009046169384386,10,1453
PC_45,45,1453,specific_humidity_lev23,0.12967062249110453,188,1453,mean_sea_level_pressure,0.1282139626987996,149,1453,specific_humidity_lev24,0.1268159353413189,6,1453
PC_46,46,1453,temperature_lev14,0.13416954029430952,165,1453,temperature_lev15,0.1230811392516667,37,1453,specific_humidity_lev04,0.11982813648300876,44,1453
PC_47,47,1453,temperature_lev14,0.17545834923911705,319,1453,temperature_lev13,0.16176651485514437,185,1453,temperature_lev15,0.13724479052887575,25,1453
PC_48,48,1453,geopotential_lev07,0.13583534952517182,147,1453,geopotential_lev06,0.13312722544691538,73,1453,geopotential_lev08,0.13207636917659246,105,1453
PC_49,49,1453,mean_sea_level_pressure,0.13477853255710256,168,1453,geopotential_lev36,0.133913222289038,129,1453,geopotential_lev35,0.12941047006444278,28,1453
PC_50,50,1453,temperature_lev16,0.12749106932181642,113,1453,temperature_lev15,0.1264496785076391,321,1453,specific_humidity_lev17,0.12253129487036467,208,1453
PC_51,51,1453,u_component_of_wind_lev08,0.14332594445444122,233,1453,u_component_of_wind_lev09,0.13528935041213544,160,1453,latitude,0.12834880490395859,149,1453
PC_52,52,1453,latitude_sin,0.13720374916527797,80,1453,latitude,0.13615303671318324,205,1453,v_component_of_wind_lev11,0.1206108443233898,97,1453
PC_53,53,1453,temperature_lev14,0.17732174720048535,77,1453,u_component_of_wind_lev11,0.17674488423663626,197,1453,u_component_of_wind_lev10,0.1740889951943358,110,1453
PC_54,54,1453,temperature_lev08,0.1294572775484203,159,1453,temperature_lev09,0.12854684815368192,271,1453,geopotential_lev06,0.1203124607394495,37,1453
PC_55,55,1453,temperature_lev08,0.1354650386571841,159,1453,local_time_sin,0.13364356052782964,145,1453,temperature_lev09,0.1284127548193747,189,1453
PC_56,56,1453,temperature_lev15,0.12977710166251888,107,1453,temperature_lev16,0.12312630044177064,57,1453,temperature_lev30,0.11703055666570615,6,1453
PC_57,57,1453,v_component_of_wind_lev12,0.17334384098905412,394,1453,v_component_of_wind_lev11,0.16598689680597287,266,1453,v_component_of_wind_lev13,0.15319016862965745,27,1453
PC_58,58,1453,latitude_sin,0.09184468434753706,105,1453,latitude,0.09178299002053218,65,1453,u_component_of_wind_lev08,0.08047125927932708,153,1453
PC_59,59,1453,u_component_of_wind_lev11,0.22643387045042912,917,1453,u_component_of_wind_lev10,0.20569891359886835,94,1453,u_component_of_wind_lev12,0.19239355575060793,0,1453
PC_60,60,1453,toa_incident_solar_radiation,0.1378813166859068,568,1453,local_time_cos,0.10455932150585596,9,1453,latitude,0.10209141570993963,161,1453
PC_61,61,1453,specific_humidity_lev23,0.09685888739422295,189,1453,v_component_of_wind_lev11,0.09661798504607769,124,1453,v_component_of_wind_lev12,0.09272727304595252,142,1453
PC_62,62,1453,u_component_of_wind_lev11,0.134455126151755,202,1453,local_time_sin,0.1278858495874911,3,1453,u_component_of_wind_lev10,0.12331722301949541,91,1453
PC_63,63,1453,temperature_lev10,0.10793684198716091,91,1453,temperature_lev11,0.10716983979612033,154,1453,specific_humidity_lev34,0.10473863877124524,14,1453
PC_64,64,1453,v_component_of_wind_lev11,0.2065621761211591,1061,1453,v_component_of_wind_lev10,0.18816901027838362,223,1453,v_component_of_wind_lev12,0.14763350929252173,1,1453
PC_65,65,1453,local_time_cos,0.12628653752264205,0,1453,toa_incident_solar_radiation,0.12132561897419676,234,1453,longitude_cos,0.11007617770184068,134,1453
PC_66,66,1453,local_time_cos,0.10202871661122724,48,1453,latitude_sin,0.07681024284449045,177,1453,latitude,0.07545233689705219,21,1453
PC_67,67,1453,v_component_of_wind_lev10,0.14188892291237057,260,1453,v_component_of_wind_lev11,0.13451538760925233,86,1453,temperature_lev33,0.12082471906075143,13,1453
PC_68,68,1453,vertical_velocity_lev20,0.1088846964554583,147,1453,vertical_velocity_lev21,0.10824463783243526,112,1453,vertical_velocity_lev19,0.0984801177809711,0,1453
PC_69,69,1453,geopotential_lev36,0.12053000116118288,269,1453,geopotential_lev35,0.11713825909940095,51,1453,mean_sea_level_pressure,0.11553244210009467,22,1453
PC_70,70,1453,v_component_of_wind_lev10,0.1671515516879092,404,1453,v_component_of_wind_lev11,0.15872361913358016,250,1453,v_component_of_wind_lev09,0.1302271617405983,30,1453
PC_71,71,1453,u_component_of_wind_lev10,0.11119574859909968,154,1453,u_component_of_wind_lev13,0.10110784822000358,62,1453,u_component_of_wind_lev14,0.09773518772881847,6,1453
PC_72,72,1453,v_component_of_wind_lev13,0.09447754148177304,100,1453,v_component_of_wind_lev14,0.09123741235507385,42,1453,u_component_of_wind_lev06,0.08316194980915399,128,1453
PC_73,73,1453,specific_humidity_lev16,0.0801686383226578,104,1453,specific_humidity_lev17,0.0798671966758656,103,1453,specific_humidity_lev15,0.07938462526276725,52,1453
PC_74,74,1453,specific_humidity_lev23,0.1098509369005624,307,1453,specific_humidity_lev24,0.10885205311076242,0,1453,specific_humidity_lev25,0.10860206999543869,1,1453
PC_75,75,1453,specific_humidity_lev20,0.0956189377164963,222,1453,v_component_of_wind_lev20,0.0927396339453444,59,1453,v_component_of_wind_lev21,0.0927368286549686,68,1453
PC_76,76,1453,u_component_of_wind_lev01,0.08950544700219162,45,1453,u_component_of_wind_lev02,0.08904819524127357,102,1453,u_component_of_wind_lev00,0.08832163083900774,62,1453
PC_77,77,1453,latitude,0.11708668048685814,83,1453,latitude_sin,0.11703395150399289,136,1453,land_sea_mask,0.10563620203991882,170,1453
PC_78,78,1453,local_time_cos,0.12418782057052162,7,1453,specific_humidity_lev05,0.12151870344871464,125,1453,toa_incident_solar_radiation,0.11776869297894493,212,1453
PC_79,79,1453,toa_incident_solar_radiation,0.1136669092291661,249,1453,2m_temperature,0.1125815063843074,244,1453,geopotential_lev06,0.1063978550520598,44,1453
PC_80,80,1453,specific_humidity_lev16,0.13522404387971,615,1453,specific_humidity_lev15,0.12832155415398666,104,1453,specific_humidity_lev14,0.10312259036012306,0,1453
PC_81,81,1453,specific_humidity_lev18,0.11326580630142322,260,1453,specific_humidity_lev17,0.10534342482024757,38,1453,specific_humidity_lev15,0.10399971655079657,68,1453
PC_82,82,1453,vertical_velocity_lev23,0.0796890460981565,31,1453,vertical_velocity_lev24,0.07736880645919937,3,1453,vertical_velocity_lev22,0.07594897768076275,1,1453
PC_83,83,1453,vertical_velocity_lev36,0.10143400003921021,85,1453,temperature_lev14,0.09962433655058045,36,1453,v_component_of_wind_lev28,0.09531356641062563,18,1453
PC_84,84,1453,specific_humidity_lev16,0.10690521995712958,256,1453,specific_humidity_lev17,0.10530807660410961,126,1453,specific_humidity_lev15,0.09808581133577149,13,1453
PC_85,85,1453,temperature_lev08,0.087914369171414,188,1453,temperature_lev09,0.08354874814792557,113,1453,temperature_lev12,0.08211082054813627,76,1453
PC_86,86,1453,geopotential_lev36,0.08155030146017371,141,1453,mean_sea_level_pressure,0.08089568383447171,123,1453,geopotential_lev35,0.08026623340036014,17,1453
PC_87,87,1453,geopotential_lev32,0.08469388384256883,9,1453,geopotential_lev31,0.08458375360313812,13,1453,geopotential_lev33,0.08454821924137866,8,1453
PC_88,88,1453,toa_incident_solar_radiation,0.09621876252328034,292,1453,vertical_velocity_lev17,0.09034740762478696,67,1453,vertical_velocity_lev16,0.08486042625936747,25,1453
PC_89,89,1453,v_component_of_wind_lev11,0.08086453128730829,172,1453,v_component_of_wind_lev10,0.07557694355929008,72,1453,specific_humidity_lev08,0.065414657683864,106,1453
PC_90,90,1453,toa_incident_solar_radiation,0.09899150421093203,394,1453,v_component_of_wind_lev21,0.09061998428606363,113,1453,v_component_of_wind_lev22,0.08912292990964278,67,1453
PC_91,91,1453,v_component_of_wind_lev11,0.12533458524030433,637,1453,v_component_of_wind_lev10,0.09618931009950601,43,1453,v_component_of_wind_lev12,0.09600331641541998,17,1453
PC_92,92,1453,specific_humidity_lev01,0.07991928584598842,72,1453,specific_humidity_lev00,0.07919612075107224,129,1453,specific_humidity_lev08,0.07891338715229695,69,1453
PC_93,93,1453,specific_humidity_lev34,0.09227212182689186,9,1453,specific_humidity_lev10,0.09168613106672138,87,1453,specific_humidity_lev35,0.09121301985571101,14,1453
PC_94,94,1453,specific_humidity_lev19,0.11023211527772181,272,1453,v_component_of_wind_lev23,0.10969993083674336,185,1453,specific_humidity_lev20,0.1062047287754228,167,1453
PC_95,95,1453,temperature_lev18,0.07767573050821092,10,1453,temperature_lev22,0.07677509072695007,11,1453,specific_humidity_lev05,0.07623990476835199,79,1453
PC_96,96,1453,specific_humidity_lev33,0.08054479598742667,132,1453,specific_humidity_lev32,0.08015584003987021,95,1453,toa_incident_solar_radiation,0.0779852114056339,193,1453
PC_97,97,1453,specific_humidity_lev15,0.09583258135354016,96,1453,specific_humidity_lev16,0.09578461988415464,112,1453,specific_humidity_lev14,0.09110156094547993,34,1453
PC_98,98,1453,vertical_velocity_lev25,0.10366642818044607,208,1453,vertical_velocity_lev24,0.10339631303037271,144,1453,vertical_velocity_lev23,0.09388798256311758,0,1453
PC_99,99,1453,toa_incident_solar_radiation,0.06595602460027067,158,1453,specific_humidity_lev18,0.06556127405388833,50,1453,temperature_lev13,0.06453326140191627,65,1453
PC_100,100,1453,v_component_of_wind_lev18,0.16087567693946778,569,1453,v_component_of_wind_lev17,0.16080243055851642,605,1453,v_component_of_wind_lev19,0.15265766021020644,72,1453
PC_101,101,1453,v_component_of_wind_lev10,0.09831502412382388,302,1453,vertical_velocity_lev25,0.08991660048681357,122,1453,vertical_velocity_lev26,0.08694832035034629,23,1453
PC_102,102,1453,geopotential_at_surface,0.09836080808548868,58,1453,geopotential_lev08,0.0972416977498018,78,1453,geopotential_lev09,0.0967829665406277,27,1453
PC_103,103,1453,temperature_lev10,0.10151795051037382,177,1453,specific_humidity_lev23,0.09877671460408419,145,1453,temperature_lev11,0.09218364564492158,40,1453
PC_104,104,1453,v_component_of_wind_lev26,0.09152835970943991,85,1453,v_component_of_wind_lev27,0.09089291593058615,78,1453,v_component_of_wind_lev28,0.08821444850678108,18,1453
PC_105,105,1453,specific_humidity_lev11,0.06178807618850316,70,1453,u_component_of_wind_lev10,0.06047929067143668,43,1453,specific_humidity_lev13,0.05922271197947428,33,1453
PC_106,106,1453,specific_humidity_lev27,0.08769021126586997,96,1453,u_component_of_wind_lev36,0.08765542243805251,158,1453,specific_humidity_lev01,0.08559045766786769,151,1453
PC_107,107,1453,specific_humidity_lev10,0.11816490215428314,452,1453,u_component_of_wind_lev11,0.07719935049733304,104,1453,specific_humidity_lev09,0.07295645084304,35,1453
PC_108,108,1453,latitude,0.0956058173591284,267,1453,latitude_sin,0.08968913732247355,5,1453,temperature_lev06,0.08951383535926276,57,1453
PC_109,109,1453,toa_incident_solar_radiation,0.10581251644204193,227,1453,specific_humidity_lev16,0.10483539304981654,113,1453,specific_humidity_lev15,0.10263202749377193,93,1453
PC_110,110,1453,vertical_velocity_lev17,0.08703658778056328,112,1453,vertical_velocity_lev16,0.08434516340699265,54,1453,vertical_velocity_lev15,0.07596862426313526,1,1453
PC_111,111,1453,mean_sea_level_pressure,0.10254207655544162,211,1453,geopotential_lev36,0.09909078012110316,14,1453,geopotential_lev35,0.0962304792944006,23,1453
PC_112,112,1453,u_component_of_wind_lev06,0.09250019152536539,100,1453,u_component_of_wind_lev07,0.09097447633612368,64,1453,specific_humidity_lev18,0.0861819139590444,195,1453
PC_113,113,1453,temperature_lev10,0.10207950708529644,87,1453,temperature_lev08,0.10089790118218936,62,1453,temperature_lev09,0.09956082992733868,41,1453
PC_114,114,1453,vertical_velocity_lev25,0.08644767985624727,216,1453,vertical_velocity_lev24,0.07988204139798202,7,1453,vertical_velocity_lev26,0.0791108041933782,0,1453
PC_115,115,1453,specific_humidity_lev17,0.09813522873514448,303,1453,specific_humidity_lev16,0.09577909932176597,18,1453,vertical_velocity_lev36,0.08872493688758727,36,1453
PC_116,116,1453,specific_humidity_lev17,0.09758710411999548,143,1453,specific_humidity_lev16,0.09757252008920728,217,1453,specific_humidity_lev15,0.08764064333347378,19,1453
PC_117,117,1453,vertical_velocity_lev35,0.10944285573974939,66,1453,vertical_velocity_lev34,0.10925474708049936,175,1453,vertical_velocity_lev33,0.10601127467644436,148,1453
PC_118,118,1453,latitude_sin,0.10291482487788312,129,1453,latitude,0.09548274382479328,0,1453,specific_humidity_lev18,0.09074357345157337,290,1453
PC_119,119,1453,geopotential_lev08,0.08140539678322176,41,1453,geopotential_lev07,0.0810139473270788,36,1453,geopotential_lev06,0.08004026981539744,10,1453
PC_120,120,1453,specific_humidity_lev10,0.1338715056984263,588,1453,v_component_of_wind_lev20,0.12058761868695103,341,1453,v_component_of_wind_lev19,0.11606045679303997,62,1453
PC_121,121,1453,specific_humidity_lev05,0.0966132414262669,70,1453,specific_humidity_lev04,0.09599235142328864,109,1453,specific_humidity_lev03,0.09244067145746301,34,1453
PC_122,122,1453,temperature_lev14,0.06969719001217646,208,1453,u_component_of_wind_lev20,0.060629563946949315,60,1453,u_component_of_wind_lev16,0.06011285850902129,51,1453
PC_123,123,1453,u_component_of_wind_lev17,0.0678890658059907,100,1453,u_component_of_wind_lev16,0.06558069620042478,38,1453,specific_humidity_lev18,0.06276377231340714,84,1453
PC_124,124,1453,v_component_of_wind_lev14,0.0870354383289056,162,1453,v_component_of_wind_lev15,0.08113686883505426,12,1453,v_component_of_wind_lev13,0.07837909133932588,28,1453
PC_125,125,1453,v_component_of_wind_lev33,0.09038413317870228,42,1453,v_component_of_wind_lev34,0.0900554707086679,28,1453,v_component_of_wind_lev32,0.08939688008904191,61,1453
PC_126,126,1453,specific_humidity_lev10,0.11290472059354453,160,1453,specific_humidity_lev08,0.10225397667347635,272,1453,specific_humidity_lev09,0.09524194405254764,74,1453
PC_127,127,1453,vertical_velocity_lev35,0.10333476082664765,262,1453,vertical_velocity_lev34,0.09976455506580867,68,1453,vertical_velocity_lev36,0.0962575850674994,34,1453
PC_128,128,1453,geopotential_lev27,0.08450984075014474,7,1453,geopotential_lev28,0.08444487025269899,13,1453,geopotential_lev26,0.08441346115539841,5,1453
PC_129,129,1453,vertical_velocity_lev16,0.09661085092310691,156,1453,vertical_velocity_lev17,0.08664984947822972,5,1453,vertical_velocity_lev15,0.08534284386237735,0,1453
PC_130,130,1453,specific_humidity_lev10,0.0771742817636092,91,1453,temperature_lev11,0.07481423703343425,52,1453,specific_humidity_lev00,0.07204999033686482,59,1453
PC_131,131,1453,temperature_lev06,0.07806194068978801,38,1453,temperature_lev07,0.07684868248662782,51,1453,geopotential_lev00,0.07545645516266017,21,1453
PC_132,132,1453,v_component_of_wind_lev28,0.11990920310943846,115,1453,v_component_of_wind_lev27,0.11924762440831269,58,1453,v_component_of_wind_lev29,0.11890145968094581,76,1453
PC_133,133,1453,specific_humidity_lev21,0.06913740196301117,24,1453,v_component_of_wind_lev10,0.06900845062317255,134,1453,specific_humidity_lev22,0.06887122407813048,44,1453
PC_134,134,1453,v_component_of_wind_lev09,0.07927695228214263,206,1453,specific_humidity_lev08,0.07073731034526541,118,1453,v_component_of_wind_lev10,0.06319256698124942,38,1453
PC_135,135,1453,longitude_sin,0.08425397344892988,377,1453,local_time_sin,0.0731659463107583,65,1453,local_time_cos,0.062155570066208116,4,1453
PC_136,136,1453,vertical_velocity_lev33,0.06854628872175055,74,1453,vertical_velocity_lev32,0.068010580391384,22,1453,temperature_lev10,0.06525167969031204,12,1453
PC_137,137,1453,u_component_of_wind_lev09,0.08046552403933548,336,1453,u_component_of_wind_lev04,0.07599316673188747,39,1453,u_component_of_wind_lev03,0.0749180437106289,17,1453
PC_138,138,1453,specific_humidity_lev03,0.07421767307300219,113,1453,specific_humidity_lev04,0.07197041672913079,25,1453,specific_humidity_lev02,0.07166683141960102,105,1453
PC_139,139,1453,v_component_of_wind_lev12,0.09408944045194775,211,1453,v_component_of_wind_lev18,0.09344215415202142,87,1453,v_component_of_wind_lev17,0.08960286259564013,39,1453
PC_140,140,1453,specific_humidity_lev12,0.06563721871204017,92,1453,vertical_velocity_lev14,0.06518984920664447,30,1453,local_time_sin,0.06278980399149812,9,1453
PC_141,141,1453,v_component_of_wind_lev18,0.08230299143894933,109,1453,v_component_of_wind_lev19,0.07956368884925033,23,1453,vertical_velocity_lev30,0.07459059291291201,54,1453
PC_142,142,1453,vertical_velocity_lev26,0.055864647434037615,53,1453,vertical_velocity_lev27,0.05464431986294293,5,1453,v_component_of_wind_lev10,0.053322517809005036,168,1453
PC_143,143,1453,vertical_velocity_lev11,0.09414679326593917,59,1453,temperature_lev10,0.09358674635137117,129,1453,temperature_lev11,0.09091340724952823,13,1453
PC_144,144,1453,v_component_of_wind_lev10,0.08268825139973604,317,1453,toa_incident_solar_radiation,0.07223274484250332,276,1453,vertical_velocity_lev27,0.0669610547901728,43,1453
PC_145,145,1453,longitude_sin,0.09076386505275365,364,1453,u_component_of_wind_lev09,0.06859722702917316,131,1453,u_component_of_wind_lev08,0.06464805222815168,112,1453
PC_146,146,1453,temperature_lev16,0.057092960384244905,111,1453,u_component_of_wind_lev10,0.05431348786254927,57,1453,temperature_lev17,0.05387290613207,17,1453
PC_147,147,1453,v_component_of_wind_lev09,0.08213816027461708,192,1453,specific_humidity_lev34,0.06670302713395801,13,1453,specific_humidity_lev35,0.06632482855302949,3,1453
PC_148,148,1453,10m_v_component_of_wind,0.06814741630007655,82,1453,v_component_of_wind_lev36,0.06757781348735702,101,1453,v_component_of_wind_lev35,0.0617655897701616,7,1453
PC_149,149,1453,latitude_sin,0.07543519727949755,89,1453,local_time_sin,0.07154529497003521,8,1453,latitude,0.07130653616611404,5,1453
PC_150,150,1453,v_component_of_wind_lev16,0.08972130429591914,158,1453,specific_humidity_lev10,0.08727255660528233,180,1453,v_component_of_wind_lev15,0.08292287801977578,19,1453
PC_151,151,1453,local_time_cos,0.06915374987400397,56,1453,longitude_sin,0.06523152407750109,80,1453,mean_sea_level_pressure,0.06199542465149835,99,1453
PC_152,152,1453,vertical_velocity_lev30,0.0968534285580792,318,1453,vertical_velocity_lev29,0.09481188872058639,75,1453,vertical_velocity_lev31,0.09246369557941034,22,1453
PC_153,153,1453,specific_humidity_lev10,0.11894502671436998,593,1453,specific_humidity_lev28,0.0741777817920749,52,1453,specific_humidity_lev27,0.07396150295413677,42,1453
PC_154,154,1453,geopotential_lev25,0.05933181426177155,2,1453,geopotential_lev26,0.05932006837364521,5,1453,geopotential_lev24,0.05931018614897182,2,1453
PC_155,155,1453,specific_humidity_lev10,0.11302044160262187,269,1453,specific_humidity_lev09,0.08879627564664928,107,1453,land_sea_mask,0.08114591490907411,287,1453
PC_156,156,1453,u_component_of_wind_lev09,0.06223722616245302,80,1453,vertical_velocity_lev29,0.061401560057482776,91,1453,longitude_sin,0.06057304981837568,134,1453
PC_157,157,1453,v_component_of_wind_lev18,0.09349318381580951,139,1453,v_component_of_wind_lev19,0.09291585372005835,119,1453,v_component_of_wind_lev17,0.08709910784893543,20,1453
PC_158,158,1453,v_component_of_wind_lev10,0.07423485184731077,266,1453,specific_humidity_lev10,0.06395147858102633,144,1453,vertical_velocity_lev11,0.05876434352909101,23,1453
PC_159,159,1453,temperature_lev12,0.06396568074614874,75,1453,longitude_sin,0.0634097667632884,52,1453,toa_incident_solar_radiation,0.06292695416304898,136,1453
PC_160,160,1453,u_component_of_wind_lev10,0.06039321016965427,129,1453,u_component_of_wind_lev11,0.059043955350065735,82,1453,u_component_of_wind_lev16,0.05458162590604914,46,1453
PC_161,161,1453,local_time_sin,0.06072672632830464,11,1453,longitude_sin,0.046585505075658576,135,1453,u_component_of_wind_lev08,0.043850360449750006,65,1453
PC_162,162,1453,specific_humidity_lev17,0.08851609477248686,564,1453,specific_humidity_lev19,0.07667534254050194,20,1453,specific_humidity_lev20,0.07658801096686717,30,1453
PC_163,163,1453,v_component_of_wind_lev18,0.07713166010088617,120,1453,v_component_of_wind_lev17,0.07642353473646962,85,1453,specific_humidity_lev10,0.07146694277507126,129,1453
PC_164,164,1453,v_component_of_wind_lev09,0.09978539336973745,402,1453,v_component_of_wind_lev13,0.0911106025352715,122,1453,v_component_of_wind_lev12,0.08912090665797966,110,1453
PC_165,165,1453,specific_humidity_lev10,0.07128299856320283,234,1453,vertical_velocity_lev17,0.07043301529255526,44,1453,vertical_velocity_lev18,0.06618465995448093,12,1453
PC_166,166,1453,temperature_lev10,0.06415181227325177,58,1453,temperature_lev11,0.06196225023872233,53,1453,temperature_lev09,0.05980459980747399,80,1453
PC_167,167,1453,v_component_of_wind_lev09,0.0905643641443419,231,1453,v_component_of_wind_lev10,0.08780284522807787,211,1453,specific_humidity_lev07,0.0739945202266929,158,1453
PC_168,168,1453,temperature_lev15,0.07600984644586219,45,1453,geopotential_lev07,0.07435004385993034,57,1453,geopotential_lev06,0.0739342111806045,22,1453
PC_169,169,1453,temperature_lev19,0.08463629252550606,3,1453,temperature_lev20,0.08458319574472353,3,1453,geopotential_lev15,0.08443313191298886,0,1453
PC_170,170,1453,temperature_lev10,0.08219685040281774,136,1453,specific_humidity_lev05,0.07919626131408306,100,1453,temperature_lev18,0.0788155444659152,11,1453
PC_171,171,1453,specific_humidity_lev13,0.08198879189556625,237,1453,specific_humidity_lev14,0.07645357579288649,111,1453,u_component_of_wind_lev32,0.07320064884410854,41,1453
PC_172,172,1453,latitude_sin,0.0731782751658614,52,1453,latitude,0.07142705572713763,37,1453,temperature_lev18,0.07006373552377919,44,1453
PC_173,173,1453,temperature_lev09,0.06264223232375997,134,1453,temperature_lev10,0.06146201823297801,61,1453,temperature_lev08,0.056719893805760084,20,1453
PC_174,174,1453,toa_incident_solar_radiation,0.05895075370976718,141,1453,vertical_velocity_lev12,0.05694746517983931,56,1453,temperature_lev36,0.05596872104427956,5,1453
PC_175,175,1453,geopotential_at_surface,0.06617227671609646,263,1453,latitude_sin,0.05558051852970794,88,1453,latitude,0.05504534370680025,17,1453
PC_176,176,1453,specific_humidity_lev10,0.07523645856905951,225,1453,v_component_of_wind_lev19,0.07477177950685074,167,1453,v_component_of_wind_lev20,0.06555178248427578,2,1453
PC_177,177,1453,temperature_lev32,0.07495715022234418,16,1453,temperature_lev31,0.07487185865833446,4,1453,temperature_lev33,0.07449234266977856,50,1453
PC_178,178,1453,geopotential_lev25,0.06985051988029431,20,1453,geopotential_lev26,0.06981250585727812,16,1453,geopotential_lev27,0.06967389515557193,16,1453
PC_179,179,1453,specific_humidity_lev03,0.0637255428621854,93,1453,specific_humidity_lev04,0.06294659171595558,33,1453,geopotential_lev25,0.06174543243260524,9,1453
PC_180,180,1453,specific_humidity_lev12,0.07078940045920212,176,1453,specific_humidity_lev10,0.06922353763072676,81,1453,specific_humidity_lev11,0.06894644135479674,135,1453
PC_181,181,1453,specific_humidity_lev08,0.06203009472320876,113,1453,specific_humidity_lev07,0.061057308187739016,199,1453,v_component_of_wind_lev09,0.06078188826163315,128,1453
PC_182,182,1453,v_component_of_wind_lev09,0.0782048553240797,211,1453,specific_humidity_lev10,0.06484600980334518,70,1453,latitude_sin,0.06457994144322222,153,1453
PC_183,183,1453,temperature_lev26,0.06103427238452342,34,1453,temperature_lev27,0.06082851174023801,6,1453,temperature_lev29,0.06063242144980977,1,1453
PC_184,184,1453,specific_humidity_lev11,0.06655311091290422,131,1453,specific_humidity_lev12,0.06547059244468548,139,1453,specific_humidity_lev07,0.05842061541547181,62,1453
PC_185,185,1453,toa_incident_solar_radiation,0.08037961458550806,157,1453,longitude_sin,0.07825262330500853,207,1453,specific_humidity_lev03,0.07686999556822821,58,1453
PC_186,186,1453,local_time_sin,0.046324300964431374,19,1453,longitude_cos,0.044786446612457474,113,1453,u_component_of_wind_lev08,0.04336856864955104,80,1453
PC_187,187,1453,geopotential_lev10,0.06152407354918215,3,1453,geopotential_lev11,0.061353002590589456,1,1453,geopotential_lev12,0.061044169793353566,0,1453
PC_188,188,1453,vertical_velocity_lev13,0.06059782746320376,61,1453,toa_incident_solar_radiation,0.058280378688406506,230,1453,vertical_velocity_lev12,0.05732838650402618,14,1453
PC_189,189,1453,geopotential_lev00,0.06443069913435849,7,1453,geopotential_lev01,0.06300461169324194,3,1453,geopotential_lev02,0.06217429404750999,2,1453
PC_190,190,1453,vertical_velocity_lev11,0.050657068447165665,50,1453,10m_v_component_of_wind,0.04976662632751657,89,1453,vertical_velocity_lev10,0.04788567915466516,25,1453
PC_191,191,1453,specific_humidity_lev10,0.0676494989159569,245,1453,vertical_velocity_lev11,0.059920730097962865,23,1453,v_component_of_wind_lev09,0.05235888229001255,66,1453
PC_192,192,1453,temperature_lev10,0.08048206051638745,168,1453,geopotential_lev22,0.07800747287455345,3,1453,geopotential_lev21,0.0779894349837353,0,1453
PC_193,193,1453,specific_humidity_lev02,0.07180705861730007,64,1453,temperature_lev12,0.06946905963919946,86,1453,specific_humidity_lev01,0.06906291215496298,71,1453
PC_194,194,1453,specific_humidity_lev02,0.06581706342868077,114,1453,specific_humidity_lev03,0.06256261543034257,55,1453,specific_humidity_lev07,0.06217198425981539,74,1453
PC_195,195,1453,specific_humidity_lev11,0.07412540374257386,217,1453,specific_humidity_lev12,0.06838647006506998,64,1453,specific_humidity_lev05,0.06262353894472708,37,1453
PC_196,196,1453,vertical_velocity_lev09,0.07394096610930005,121,1453,vertical_velocity_lev34,0.06260836551863898,37,1453,vertical_velocity_lev33,0.062029088896172695,24,1453
PC_197,197,1453,vertical_velocity_lev26,0.07506603078662846,115,1453,vertical_velocity_lev27,0.07489777673696055,100,1453,vertical_velocity_lev28,0.0734090540397538,33,1453
PC_198,198,1453,v_component_of_wind_lev09,0.08638050588384157,344,1453,v_component_of_wind_lev11,0.07633523619164895,147,1453,v_component_of_wind_lev16,0.07401981669523858,50,1453
PC_199,199,1453,vertical_velocity_lev34,0.10664224815128676,340,1453,vertical_velocity_lev35,0.10345160359925676,239,1453,vertical_velocity_lev33,0.10254122500153386,46,1453
PC_200,200,1453,v_component_of_wind_lev10,0.10729013621402969,746,1453,vertical_velocity_lev31,0.07187103381199686,114,1453,vertical_velocity_lev30,0.07158685485831272,33,1453
PC_201,201,1453,vertical_velocity_lev36,0.08205081976460471,482,1453,vertical_velocity_lev35,0.069963414296354,0,1453,specific_humidity_lev14,0.064949169861222,182,1453
PC_202,202,1453,toa_incident_solar_radiation,0.07102489365963854,265,1453,specific_humidity_lev14,0.06592053602499641,94,1453,specific_humidity_lev15,0.06432764633613253,34,1453
PC_203,203,1453,vertical_velocity_lev12,0.08952677022237575,320,1453,vertical_velocity_lev13,0.08122508573433652,33,1453,vertical_velocity_lev10,0.07848051535087418,211,1453
PC_204,204,1453,v_component_of_wind_lev09,0.09658140396662133,606,1453,v_component_of_wind_lev08,0.06200734037371457,14,1453,v_component_of_wind_lev07,0.06171156338533256,18,1453
PC_205,205,1453,vertical_velocity_lev10,0.07477983938711481,301,1453,specific_humidity_lev25,0.053597909021633944,214,1453,vertical_velocity_lev30,0.05185677008610411,98,1453
PC_206,206,1453,local_time_cos,0.05572455603716001,33,1453,toa_incident_solar_radiation,0.053483485823145153,183,1453,vertical_velocity_lev35,0.04914796072028254,56,1453
PC_207,207,1453,specific_humidity_lev11,0.0780329115293846,612,1453,local_time_cos,0.045713254076769266,3,1453,toa_incident_solar_radiation,0.043819607155580934,84,1453
PC_208,208,1453,specific_humidity_lev08,0.07589242934531847,271,1453,specific_humidity_lev07,0.06898006489688788,203,1453,v_component_of_wind_lev09,0.06852582333445535,174,1453
PC_209,209,1453,vertical_velocity_lev13,0.07361487948373524,90,1453,vertical_velocity_lev10,0.06384005371438876,23,1453,vertical_velocity_lev12,0.0617698716674018,3,1453
PC_210,210,1453,vertical_velocity_lev12,0.07116761106513159,198,1453,v_component_of_wind_lev32,0.04897447723455184,53,1453,vertical_velocity_lev28,0.048909020853640364,9,1453
PC_211,211,1453,v_component_of_wind_lev18,0.07068547961290564,72,1453,v_component_of_wind_lev15,0.06878866666587781,59,1453,v_component_of_wind_lev16,0.06860609711192713,26,1453
PC_212,212,1453,v_component_of_wind_lev10,0.08252962675033405,301,1453,vertical_velocity_lev34,0.07066340293255824,21,1453,vertical_velocity_lev33,0.06960359159331443,13,1453
PC_213,213,1453,vertical_velocity_lev11,0.05457573633189765,39,1453,longitude_sin,0.05032504416244821,114,1453,vertical_velocity_lev09,0.0486977820288911,38,1453
PC_214,214,1453,vertical_velocity_lev35,0.05942884351496046,34,1453,vertical_velocity_lev34,0.05932647765903168,25,1453,v_component_of_wind_lev10,0.05931639333336671,99,1453
PC_215,215,1453,v_component_of_wind_lev09,0.08041829081218246,411,1453,geopotential_lev01,0.059468479450604475,2,1453,geopotential_lev02,0.05945411924981363,12,1453
PC_216,216,1453,vertical_velocity_lev27,0.09192225269983534,142,1453,vertical_velocity_lev28,0.09130308128565201,74,1453,vertical_velocity_lev26,0.09046493097370605,129,1453
PC_217,217,1453,vertical_velocity_lev10,0.057736843071252375,152,1453,vertical_velocity_lev11,0.051723687723984065,44,1453,temperature_lev17,0.04324176014837957,13,1453
PC_218,218,1453,vertical_velocity_lev12,0.07556816267589311,375,1453,vertical_velocity_lev13,0.06660280219780465,91,1453,vertical_velocity_lev11,0.04760877466083957,1,1453
PC_219,219,1453,vertical_velocity_lev10,0.06027075560751941,115,1453,temperature_lev10,0.05242781870037265,36,1453,specific_humidity_lev11,0.05188985064162082,179,1453
PC_220,220,1453,vertical_velocity_lev10,0.05303526162352549,72,1453,vertical_velocity_lev29,0.05070416975211344,20,1453,vertical_velocity_lev28,0.050623865983219496,22,1453
PC_221,221,1453,vertical_velocity_lev14,0.07227017705957549,167,1453,vertical_velocity_lev15,0.06658646083293972,24,1453,specific_humidity_lev05,0.0653214706136467,151,1453
PC_222,222,1453,temperature_lev36,0.05330135090029897,45,1453,temperature_lev35,0.05309310523092326,11,1453,temperature_lev34,0.05298192432886834,11,1453
PC_223,223,1453,10m_v_component_of_wind,0.07760029008404572,266,1453,v_component_of_wind_lev36,0.07601138214487455,63,1453,v_component_of_wind_lev35,0.07341127825993612,9,1453
PC_224,224,1453,vertical_velocity_lev21,0.08093907792154502,277,1453,vertical_velocity_lev22,0.07639743447565286,15,1453,vertical_velocity_lev20,0.075769472358324,28,1453
PC_225,225,1453,vertical_velocity_lev11,0.06115409532428578,156,1453,v_component_of_wind_lev10,0.04264976493442602,69,1453,geopotential_lev06,0.04107170567599587,28,1453
PC_226,226,1453,vertical_velocity_lev12,0.06742420896287836,158,1453,geopotential_lev09,0.06373430873675748,85,1453,geopotential_lev03,0.06291304204540583,6,1453
PC_227,227,1453,u_component_of_wind_lev11,0.07232058928783379,313,1453,vertical_velocity_lev09,0.06866226803847247,136,1453,toa_incident_solar_radiation,0.061737655171724325,225,1453
PC_228,228,1453,temperature_lev15,0.050294122781309646,65,1453,temperature_lev16,0.048857206628675785,34,1453,specific_humidity_lev10,0.04669321575243936,73,1453
PC_229,229,1453,v_component_of_wind_lev17,0.057578766844962256,166,1453,v_component_of_wind_lev20,0.050318969693033885,79,1453,v_component_of_wind_lev18,0.04955417139167782,6,1453
PC_230,230,1453,specific_humidity_lev10,0.10554845684418854,644,1453,temperature_lev17,0.06640255098696518,4,1453,specific_humidity_lev11,0.06537283423042399,142,1453
PC_231,231,1453,u_component_of_wind_lev10,0.048356401941626694,171,1453,temperature_lev11,0.04777588448108452,103,1453,temperature_lev14,0.04582781343460381,70,1453
PC_232,232,1453,vertical_velocity_lev09,0.07308396575773739,121,1453,vertical_velocity_lev11,0.06779666974402179,144,1453,specific_humidity_lev13,0.05783573653063144,53,1453
PC_233,233,1453,vertical_velocity_lev10,0.08284021361308917,637,1453,local_time_sin,0.046546401770965265,39,1453,longitude_cos,0.045271668709777876,120,1453
PC_234,234,1453,latitude_sin,0.04382820541395406,66,1453,latitude,0.042585467916732817,7,1453,specific_humidity_lev19,0.0406337815250006,91,1453
PC_235,235,1453,v_component_of_wind_lev09,0.08333004778731776,536,1453,temperature_lev10,0.04673783381333908,61,1453,v_component_of_wind_lev08,0.044454640483464286,0,1453
PC_236,236,1453,latitude,0.07089105388977021,67,1453,latitude_sin,0.07043064871438137,109,1453,temperature_lev03,0.06765781136129911,52,1453
PC_237,237,1453,specific_humidity_lev10,0.07483970787489856,318,1453,geopotential_lev02,0.056161737494627835,9,1453,geopotential_lev01,0.055986277904384,15,1453
PC_238,238,1453,toa_incident_solar_radiation,0.05542560287607982,242,1453,vertical_velocity_lev28,0.055012001454252016,92,1453,vertical_velocity_lev27,0.053538161748154914,53,1453
PC_239,239,1453,specific_humidity_lev10,0.08968120031682528,420,1453,temperature_lev17,0.06507545514282823,22,1453,temperature_lev18,0.06468712063158923,1,1453
PC_240,240,1453,v_component_of_wind_lev09,0.07335821452328815,235,1453,vertical_velocity_lev36,0.07182032874409117,160,1453,vertical_velocity_lev35,0.06802720897552203,74,1453
PC_241,241,1453,specific_humidity_lev35,0.057102808521464356,17,1453,specific_humidity_lev36,0.056568000330052305,17,1453,specific_humidity_lev34,0.05596787577804058,5,1453
PC_242,242,1453,vertical_velocity_lev36,0.06868726816746237,271,1453,vertical_velocity_lev10,0.06761510533210806,124,1453,v_component_of_wind_lev09,0.06491407380482486,157,1453
PC_243,243,1453,vertical_velocity_lev12,0.08205507862069487,300,1453,vertical_velocity_lev13,0.07231364887866659,17,1453,vertical_velocity_lev14,0.06937011357599386,72,1453
PC_244,244,1453,specific_humidity_lev12,0.06084054258133611,299,1453,specific_humidity_lev11,0.05390235532714815,84,1453,specific_humidity_lev34,0.05049234281787451,43,1453
PC_245,245,1453,specific_humidity_lev10,0.056047116989460216,177,1453,specific_humidity_lev12,0.05536494952917084,231,1453,specific_humidity_lev11,0.05536201686667224,169,1453
PC_246,246,1453,vertical_velocity_lev15,0.0701158478168972,119,1453,vertical_velocity_lev14,0.06995892771106298,115,1453,vertical_velocity_lev16,0.06161308277485519,3,1453
PC_247,247,1453,vertical_velocity_lev11,0.05811223566611615,89,1453,vertical_velocity_lev26,0.052415517931169504,40,1453,vertical_velocity_lev27,0.05198074365964099,60,1453
PC_248,248,1453,specific_humidity_lev08,0.0697957330983324,230,1453,specific_humidity_lev09,0.061336096112233146,25,1453,latitude,0.061273863279438644,45,1453
PC_249,249,1453,specific_humidity_lev10,0.06615178583376566,207,1453,specific_humidity_lev25,0.051763356099155854,13,1453,specific_humidity_lev13,0.05086855769283835,22,1453
PC_250,250,1453,specific_humidity_lev10,0.12483274810229597,638,1453,temperature_lev21,0.08775626997026868,2,1453,temperature_lev20,0.08772069514979139,2,1453
PC_251,251,1453,vertical_velocity_lev32,0.0797508868676625,197,1453,vertical_velocity_lev33,0.07914171233024583,127,1453,vertical_velocity_lev31,0.07776750112176761,89,1453
PC_252,252,1453,vertical_velocity_lev09,0.058575952164726226,59,1453,land_sea_mask,0.05209317713418387,165,1453,v_component_of_wind_lev09,0.050774958865001656,60,1453
PC_253,253,1453,v_component_of_wind_lev09,0.0595836561776389,189,1453,vertical_velocity_lev36,0.05191082049394186,36,1453,v_component_of_wind_lev07,0.04762432276626338,55,1453
PC_254,254,1453,temperature_lev34,0.06533482682197185,19,1453,temperature_lev33,0.06529811833564536,23,1453,temperature_lev35,0.06529512863300414,11,1453
PC_255,255,1453,geopotential_lev02,0.04834634953761083,6,1453,geopotential_lev01,0.048285003991357545,2,1453,geopotential_lev03,0.04794928860376799,1,1453
PC_256,256,1453,v_component_of_wind_lev35,0.057014178954786256,105,1453,v_component_of_wind_lev34,0.05640442564402518,99,1453,v_component_of_wind_lev36,0.055766819119915524,82,1453
PC_257,257,1453,vertical_velocity_lev32,0.06766054099098781,52,1453,vertical_velocity_lev31,0.06751350352828406,84,1453,vertical_velocity_lev33,0.06602489658492294,7,1453
PC_258,258,1453,specific_humidity_lev10,0.0638258243284267,260,1453,vertical_velocity_lev32,0.055841761907365194,57,1453,vertical_velocity_lev33,0.05436652698887401,17,1453
PC_259,259,1453,vertical_velocity_lev10,0.07404961772404063,378,1453,specific_humidity_lev07,0.06161027443602842,172,1453,specific_humidity_lev06,0.056248672445309116,116,1453
PC_260,260,1453,specific_humidity_lev10,0.08382022366823766,292,1453,temperature_lev18,0.06687759679673448,1,1453,temperature_lev19,0.06644460794733976,1,1453
PC_261,261,1453,geopotential_lev31,0.05451532577753999,5,1453,geopotential_lev30,0.054449018399142485,2,1453,geopotential_lev32,0.054373949743103084,2,1453
PC_262,262,1453,v_component_of_wind_lev09,0.05547520265559035,185,1453,specific_humidity_lev10,0.0521532149024195,96,1453,vertical_velocity_lev11,0.04997811970574664,24,1453
PC_263,263,1453,vertical_velocity_lev10,0.06184255709571678,156,1453,vertical_velocity_lev09,0.05820381444098822,92,1453,toa_incident_solar_radiation,0.055287196776735395,219,1453
PC_264,264,1453,vertical_velocity_lev25,0.07156905829345218,244,1453,vertical_velocity_lev24,0.06617951125909009,10,1453,vertical_velocity_lev26,0.06183495629272447,1,1453
PC_265,265,1453,longitude_sin,0.053326162057008554,203,1453,temperature_lev36,0.051952543015390415,37,1453,local_time_cos,0.0518374067384477,1,1453
PC_266,266,1453,temperature_lev11,0.053919021031372895,80,1453,temperature_lev34,0.05348831274003566,15,1453,temperature_lev33,0.05322919970188271,17,1453
PC_267,267,1453,specific_humidity_lev10,0.09005989042443321,304,1453,v_component_of_wind_lev09,0.08051114627438952,246,1453,u_component_of_wind_lev07,0.060658048570440985,46,1453
PC_268,268,1453,vertical_velocity_lev30,0.06971819271398894,76,1453,vertical_velocity_lev29,0.06955086461063897,154,1453,specific_humidity_lev10,0.06891119000695022,191,1453
PC_269,269,1453,vertical_velocity_lev12,0.08310280158392783,443,1453,vertical_velocity_lev13,0.07748784752997216,128,1453,vertical_velocity_lev24,0.05284924836603685,12,1453
PC_270,270,1453,geopotential_lev11,0.062289404682544666,7,1453,geopotential_lev12,0.06223148357051969,5,1453,geopotential_lev13,0.0621364689269665,2,1453
PC_271,271,1453,v_component_of_wind_lev09,0.0604732825191812,365,1453,vertical_velocity_lev32,0.05416009486739441,36,1453,vertical_velocity_lev31,0.054124536449108876,23,1453
PC_272,272,1453,u_component_of_wind_lev08,0.04937461575725406,68,1453,u_component_of_wind_lev09,0.04748438828489601,88,1453,vertical_velocity_lev30,0.046852020901087504,52,1453
PC_273,273,1453,vertical_velocity_lev10,0.06989106905460102,254,1453,vertical_velocity_lev36,0.06832905348899267,134,1453,vertical_velocity_lev35,0.06642376544968022,27,1453
PC_274,274,1453,vertical_velocity_lev14,0.06430521131498279,79,1453,vertical_velocity_lev13,0.06320135231102264,78,1453,vertical_velocity_lev15,0.05916545535190991,16,1453
PC_275,275,1453,specific_humidity_lev10,0.060738063296793494,122,1453,specific_humidity_lev34,0.054601495633130756,33,1453,specific_humidity_lev35,0.054398139941476284,26,1453
PC_276,276,1453,specific_humidity_lev10,0.0706299141042014,372,1453,temperature_lev10,0.05268845480483213,58,1453,specific_humidity_lev01,0.05158258729584232,33,1453
PC_277,277,1453,specific_humidity_lev08,0.05570198246961899,182,1453,vertical_velocity_lev10,0.054796026164251756,137,1453,specific_humidity_lev07,0.053259831244273866,65,1453
PC_278,278,1453,vertical_velocity_lev12,0.07693714523625145,307,1453,vertical_velocity_lev13,0.07299540767283355,47,1453,vertical_velocity_lev14,0.07161840065193337,142,1453
PC_279,279,1453,vertical_velocity_lev14,0.06394272520163924,203,1453,latitude_sin,0.059571769656532145,132,1453,latitude,0.05915862396136257,138,1453
PC_280,280,1453,vertical_velocity_lev16,0.061390727753920835,130,1453,vertical_velocity_lev15,0.05975955305781269,51,1453,vertical_velocity_lev17,0.05563049708943012,20,1453
PC_281,281,1453,vertical_velocity_lev10,0.06197514293070547,142,1453,vertical_velocity_lev16,0.054721120766726424,114,1453,vertical_velocity_lev15,0.053291241404980934,84,1453
PC_282,282,1453,specific_humidity_lev03,0.04724708878422996,42,1453,specific_humidity_lev04,0.047201511096481796,28,1453,specific_humidity_lev05,0.04576337912154548,21,1453
PC_283,283,1453,specific_humidity_lev10,0.06734684624659354,220,1453,vertical_velocity_lev12,0.06595087066646575,154,1453,u_component_of_wind_lev10,0.05402148043598064,151,1453
PC_284,284,1453,vertical_velocity_lev13,0.07411705373728061,388,1453,vertical_velocity_lev14,0.06880607184071379,47,1453,vertical_velocity_lev15,0.06643357067461865,121,1453
PC_285,285,1453,vertical_velocity_lev13,0.05960337920992521,94,1453,vertical_velocity_lev33,0.05874199012880254,26,1453,vertical_velocity_lev34,0.05820703712283683,51,1453
PC_286,286,1453,vertical_velocity_lev10,0.06599769733989763,106,1453,longitude_cos,0.06458012310872853,203,1453,local_time_cos,0.06249770984321695,116,1453
PC_287,287,1453,vertical_velocity_lev26,0.07161724848732999,79,1453,vertical_velocity_lev27,0.07038114124239876,12,1453,vertical_velocity_lev25,0.06917653855847174,64,1453
PC_288,288,1453,vertical_velocity_lev18,0.056782890181714146,174,1453,vertical_velocity_lev19,0.053785103855956494,38,1453,v_component_of_wind_lev10,0.046630832534518156,157,1453
PC_289,289,1453,vertical_velocity_lev20,0.07476409852789319,122,1453,vertical_velocity_lev21,0.07416069405893709,156,1453,vertical_velocity_lev22,0.06474357764143689,1,1453
PC_290,290,1453,specific_humidity_lev36,0.05764351849533866,8,1453,specific_humidity_lev35,0.057323734610961144,22,1453,vertical_velocity_lev25,0.05662030270207784,33,1453
PC_291,291,1453,vertical_velocity_lev11,0.049070010006191246,77,1453,vertical_velocity_lev10,0.04652576291012588,55,1453,local_time_cos,0.04292186375455718,89,1453
PC_292,292,1453,geopotential_lev16,0.05133411788119201,0,1453,geopotential_lev15,0.051326883740708304,0,1453,geopotential_lev14,0.05128735563561617,0,1453
PC_293,293,1453,vertical_velocity_lev11,0.07985591199005462,702,1453,vertical_velocity_lev12,0.05569174647727354,2,1453,specific_humidity_lev13,0.05172720777250779,39,1453
PC_294,294,1453,vertical_velocity_lev10,0.07501424857494098,538,1453,v_component_of_wind_lev24,0.04782933849434023,84,1453,v_component_of_wind_lev25,0.046230417495389475,25,1453
PC_295,295,1453,specific_humidity_lev07,0.05590843909964854,225,1453,specific_humidity_lev08,0.04748486396546614,120,1453,specific_humidity_lev09,0.047458689499237046,73,1453
PC_296,296,1453,vertical_velocity_lev10,0.05136181581900016,124,1453,specific_humidity_lev29,0.04264259081307005,44,1453,specific_humidity_lev28,0.04219085435332225,31,1453
PC_297,297,1453,latitude_sin,0.06873869557512143,194,1453,latitude,0.06598360923945074,31,1453,geopotential_lev29,0.05660709094780092,8,1453
PC_298,298,1453,vertical_velocity_lev35,0.07322474652151363,287,1453,vertical_velocity_lev36,0.07122260691689075,315,1453,vertical_velocity_lev34,0.06596077207337452,30,1453
PC_299,299,1453,specific_humidity_lev02,0.04530501151265114,43,1453,2m_temperature,0.044852684923292925,16,1453,temperature_lev28,0.04455530152430638,8,1453
PC_300,300,1453,longitude_cos,0.04865110217795434,192,1453,vertical_velocity_lev10,0.04427066030309594,39,1453,specific_humidity_lev05,0.043801963781551254,177,1453
PC_301,301,1453,vertical_velocity_lev11,0.08857163659207835,772,1453,vertical_velocity_lev12,0.07547857218946946,73,1453,vertical_velocity_lev14,0.04323446408994348,0,1453
PC_302,302,1453,local_time_sin,0.03645303921068778,7,1453,latitude,0.035755419310464595,34,1453,latitude_sin,0.03520371509073715,34,1453
PC_303,303,1453,specific_humidity_lev10,0.07218825777324239,347,1453,vertical_velocity_lev11,0.07146344169159019,193,1453,vertical_velocity_lev10,0.0556525990157981,36,1453
PC_304,304,1453,vertical_velocity_lev11,0.07628794121479068,571,1453,vertical_velocity_lev10,0.04774665101043927,1,1453,v_component_of_wind_lev19,0.04341857708346196,5,1453
PC_305,305,1453,vertical_velocity_lev10,0.09126031778961759,843,1453,vertical_velocity_lev11,0.07573134706055018,73,1453,vertical_velocity_lev12,0.05184448977223426,5,1453
PC_306,306,1453,specific_humidity_lev10,0.05765695408095124,230,1453,specific_humidity_lev36,0.04930410985528485,27,1453,specific_humidity_lev35,0.048946482257022216,0,1453
PC_307,307,1453,vertical_velocity_lev11,0.07187498967222433,410,1453,vertical_velocity_lev10,0.06372466788121485,95,1453,vertical_velocity_lev12,0.04963275988849684,2,1453
PC_308,308,1453,specific_humidity_lev07,0.07173498460406304,253,1453,specific_humidity_lev06,0.06317652413785872,76,1453,u_component_of_wind_lev07,0.0565259949588205,47,1453
PC_309,309,1453,specific_humidity_lev06,0.052574086738717864,113,1453,geopotential_lev29,0.05031809646028084,8,1453,geopotential_lev30,0.05030200342859831,15,1453
PC_310,310,1453,specific_humidity_lev07,0.06627141169439375,312,1453,specific_humidity_lev06,0.055465180816107254,44,1453,u_component_of_wind_lev10,0.05510532824054457,45,1453
PC_311,311,1453,v_component_of_wind_lev09,0.046203784960369275,126,1453,land_sea_mask,0.0440774989352014,200,1453,latitude_sin,0.04327530539416873,43,1453
PC_312,312,1453,vertical_velocity_lev12,0.06393726372415763,341,1453,vertical_velocity_lev13,0.04759947183501573,2,1453,specific_humidity_lev07,0.04618171333188499,93,1453
PC_313,313,1453,vertical_velocity_lev10,0.10386212808269102,1215,1453,land_sea_mask,0.03769759356404736,61,1453,temperature_lev14,0.03686532777507454,21,1453
PC_314,314,1453,geopotential_lev24,0.041715170562566496,3,1453,geopotential_lev25,0.04167500976966336,3,1453,geopotential_lev23,0.041674213472841684,1,1453
PC_315,315,1453,vertical_velocity_lev10,0.05361785309316164,47,1453,vertical_velocity_lev36,0.05006459689313252,74,1453,longitude_sin,0.04834507986671011,131,1453
PC_316,316,1453,vertical_velocity_lev15,0.055376471811552974,129,1453,vertical_velocity_lev14,0.05136658661946134,21,1453,vertical_velocity_lev16,0.05110317580311361,39,1453
PC_317,317,1453,specific_humidity_lev07,0.04887697947634921,168,1453,temperature_lev09,0.046468249977177335,51,1453,temperature_lev11,0.04522939215800329,46,1453
PC_318,318,1453,vertical_velocity_lev12,0.0518071934533051,87,1453,vertical_velocity_lev13,0.049280324633696665,62,1453,vertical_velocity_lev17,0.03966619758225562,23,1453
PC_319,319,1453,vertical_velocity_lev15,0.06274071961277775,503,1453,vertical_velocity_lev14,0.05849865700277844,90,1453,vertical_velocity_lev16,0.05640851838657785,22,1453
PC_320,320,1453,vertical_velocity_lev10,0.04923321864850042,121,1453,u_component_of_wind_lev24,0.038266341802171366,82,1453,vertical_velocity_lev33,0.03824572335902719,4,1453
PC_321,321,1453,temperature_lev22,0.050331336568160245,7,1453,temperature_lev21,0.0500116178366181,2,1453,temperature_lev23,0.04976880197199123,7,1453
PC_322,322,1453,geopotential_lev14,0.05379312917829622,0,1453,geopotential_lev13,0.053784361950003884,1,1453,geopotential_lev15,0.053714139618328015,1,1453
PC_323,323,1453,specific_humidity_lev04,0.05764438043139697,31,1453,specific_humidity_lev05,0.05760506436994946,50,1453,specific_humidity_lev03,0.05589431662409762,32,1453
PC_324,324,1453,vertical_velocity_lev11,0.050425172002097694,66,1453,vertical_velocity_lev36,0.0447202913288012,119,1453,vertical_velocity_lev35,0.04203329466690775,12,1453
PC_325,325,1453,vertical_velocity_lev32,0.049743604460813155,148,1453,vertical_velocity_lev31,0.049426125818356946,95,1453,vertical_velocity_lev30,0.046923140357313785,6,1453
PC_326,326,1453,vertical_velocity_lev10,0.0523321325297827,86,1453,specific_humidity_lev07,0.05177713742676819,70,1453,specific_humidity_lev29,0.050019756102891735,59,1453
PC_327,327,1453,vertical_velocity_lev10,0.07610633946424485,717,1453,temperature_lev13,0.04259118285876281,43,1453,latitude,0.040993804297702566,63,1453
PC_328,328,1453,vertical_velocity_lev10,0.04619766952585639,36,1453,land_sea_mask,0.03892335474769148,122,1453,local_time_cos,0.03831964933106227,6,1453
PC_329,329,1453,specific_humidity_lev10,0.05193825271557127,175,1453,specific_humidity_lev07,0.049685147761209164,146,1453,u_component_of_wind_lev08,0.0489686636016243,115,1453
PC_330,330,1453,specific_humidity_lev07,0.08237864384402528,375,1453,vertical_velocity_lev12,0.07849303637589575,253,1453,specific_humidity_lev06,0.07051815738717739,141,1453
PC_331,331,1453,vertical_velocity_lev11,0.07133606738485883,378,1453,vertical_velocity_lev12,0.05109911250990174,6,1453,specific_humidity_lev11,0.04817628018652848,46,1453
PC_332,332,1453,vertical_velocity_lev12,0.04848508514397882,113,1453,u_component_of_wind_lev08,0.0377443964844421,39,1453,longitude_cos,0.036149615836367915,85,1453
PC_333,333,1453,specific_humidity_lev03,0.030939499641639195,19,1453,mean_sea_level_pressure,0.030548863051624162,31,1453,geopotential_lev36,0.03048791444536371,44,1453
PC_334,334,1453,vertical_velocity_lev11,0.044797311821796706,82,1453,vertical_velocity_lev09,0.040750021966307566,24,1453,vertical_velocity_lev29,0.03917673122651278,15,1453
PC_335,335,1453,vertical_velocity_lev24,0.04331850310741309,33,1453,vertical_velocity_lev25,0.04228501852165469,16,1453,latitude,0.041080284877190704,63,1453
PC_336,336,1453,specific_humidity_lev07,0.04878577816236564,294,1453,specific_humidity_lev06,0.04170020364411452,17,1453,specific_humidity_lev08,0.041645682424177315,21,1453
PC_337,337,1453,vertical_velocity_lev26,0.05798115415223961,167,1453,vertical_velocity_lev25,0.057215624530552914,86,1453,vertical_velocity_lev11,0.05437070156940492,102,1453
PC_338,338,1453,vertical_velocity_lev11,0.07102952538351724,418,1453,geopotential_lev16,0.05596749001976291,2,1453,geopotential_lev17,0.055921329588318476,1,1453
PC_339,339,1453,local_time_sin,0.04438881872040995,14,1453,vertical_velocity_lev11,0.043554362667529316,56,1453,u_component_of_wind_lev09,0.04160628874327342,87,1453
PC_340,340,1453,vertical_velocity_lev10,0.07768580337623564,887,1453,local_time_cos,0.043436696439033154,14,1453,toa_incident_solar_radiation,0.039787997138167566,100,1453
PC_341,341,1453,vertical_velocity_lev17,0.04412480717786801,57,1453,vertical_velocity_lev19,0.04368598755180332,27,1453,vertical_velocity_lev18,0.04224895325769805,8,1453
PC_342,342,1453,vertical_velocity_lev17,0.047465999408497515,54,1453,vertical_velocity_lev21,0.04369863367021592,25,1453,specific_humidity_lev35,0.042698711013694504,18,1453
PC_343,343,1453,vertical_velocity_lev10,0.06385506423355605,415,1453,v_component_of_wind_lev09,0.0431573717098558,147,1453,geopotential_lev25,0.035924894439334616,7,1453
PC_344,344,1453,specific_humidity_lev26,0.06024620109516951,113,1453,specific_humidity_lev27,0.05982283211279097,61,1453,specific_humidity_lev25,0.05787758265614684,39,1453
PC_345,345,1453,geopotential_lev20,0.05974387778689726,2,1453,geopotential_lev21,0.05971139780917253,0,1453,geopotential_lev19,0.05969826449852696,1,1453
PC_346,346,1453,vertical_velocity_lev14,0.06822364620546473,411,1453,vertical_velocity_lev13,0.06572495036452743,162,1453,vertical_velocity_lev15,0.04930128386209806,0,1453
PC_347,347,1453,temperature_lev09,0.0442619241884665,59,1453,geopotential_lev17,0.04378639135130418,2,1453,geopotential_lev16,0.04372838171256145,0,1453
PC_348,348,1453,geopotential_lev07,0.041059138424874526,26,1453,geopotential_lev08,0.040999831536517456,15,1453,toa_incident_solar_radiation,0.04016767644248656,102,1453
PC_349,349,1453,geopotential_at_surface,0.04282985164013725,169,1453,local_time_sin,0.04216081595574336,29,1453,v_component_of_wind_lev09,0.035467073889377934,51,1453
PC_350,350,1453,vertical_velocity_lev12,0.061004181495365795,261,1453,vertical_velocity_lev31,0.06092758629988963,134,1453,vertical_velocity_lev32,0.059896406674012796,79,1453
PC_351,351,1453,mean_sea_level_pressure,0.04616224600629906,171,1453,geopotential_lev36,0.045874988157504244,33,1453,geopotential_lev35,0.04463380308607345,6,1453
PC_352,352,1453,specific_humidity_lev07,0.08176036245725594,180,1453,specific_humidity_lev06,0.07167934348160425,154,1453,specific_humidity_lev08,0.06225626074571051,132,1453
PC_353,353,1453,latitude_sin,0.04691276495475113,63,1453,u_component_of_wind_lev00,0.046626156932426395,143,1453,u_component_of_wind_lev01,0.046490840474111575,27,1453
PC_354,354,1453,specific_humidity_lev33,0.04826552721121345,48,1453,specific_humidity_lev32,0.04809611772474096,34,1453,specific_humidity_lev34,0.04598207121493276,14,1453
PC_355,355,1453,vertical_velocity_lev12,0.04437163205950662,36,1453,specific_humidity_lev07,0.04105278975499097,150,1453,specific_humidity_lev08,0.04008293879469821,61,1453
PC_356,356,1453,temperature_lev10,0.0465715164429748,60,1453,temperature_lev11,0.0454334990529644,29,1453,temperature_lev09,0.04463201517051721,36,1453
PC_357,357,1453,specific_humidity_lev07,0.06106698083845651,295,1453,vertical_velocity_lev16,0.055667396003466305,70,1453,vertical_velocity_lev15,0.05235449601662155,7,1453
PC_358,358,1453,specific_humidity_lev07,0.0363654325056186,121,1453,specific_humidity_lev08,0.036279558607538245,33,1453,geopotential_lev07,0.03388627709279892,44,1453
PC_359,359,1453,specific_humidity_lev07,0.05224546705505176,112,1453,geopotential_lev08,0.04709269995001096,69,1453,geopotential_lev09,0.04706083227112262,42,1453
PC_360,360,1453,local_time_cos,0.048285886421657744,18,1453,vertical_velocity_lev28,0.04634183822367154,56,1453,vertical_velocity_lev27,0.045965832029164856,21,1453
PC_361,361,1453,vertical_velocity_lev27,0.04357240884982446,67,1453,vertical_velocity_lev26,0.042546193261503204,53,1453,vertical_velocity_lev28,0.04128786152230135,14,1453
PC_362,362,1453,latitude_sin,0.05091406369101054,101,1453,vertical_velocity_lev32,0.05023515785974434,62,1453,vertical_velocity_lev31,0.049644195107411124,58,1453
PC_363,363,1453,vertical_velocity_lev10,0.06034802186898298,466,1453,vertical_velocity_lev15,0.03959039496963163,60,1453,vertical_velocity_lev14,0.03826562811745361,10,1453
PC_364,364,1453,specific_humidity_lev07,0.04165810176789403,155,1453,geopotential_lev07,0.03344189455360781,59,1453,u_component_of_wind_lev10,0.03335862630211402,28,1453
PC_365,365,1453,vertical_velocity_lev14,0.061102200715487894,295,1453,vertical_velocity_lev15,0.059137430795803615,149,1453,vertical_velocity_lev16,0.05406169150266937,42,1453
PC_366,366,1453,geopotential_lev23,0.05502646434312142,15,1453,geopotential_lev22,0.054990154537794725,8,1453,geopotential_lev24,0.05495533550085599,19,1453
PC_367,367,1453,latitude_sin,0.04367393605095157,112,1453,latitude,0.041814118710802144,58,1453,specific_humidity_lev23,0.03932792323302709,62,1453
PC_368,368,1453,specific_humidity_lev36,0.042671993575138074,68,1453,specific_humidity_lev35,0.04201478983376742,17,1453,2m_temperature,0.041534759610509286,57,1453
PC_369,369,1453,toa_incident_solar_radiation,0.048782233477197796,272,1453,local_time_cos,0.04506942603187423,28,1453,specific_humidity_lev10,0.0357882571995108,84,1453
PC_370,370,1453,temperature_lev30,0.040362134982014256,10,1453,temperature_lev29,0.0402402292709733,16,1453,temperature_lev31,0.04002205467321139,5,1453
PC_371,371,1453,geopotential_at_surface,0.05511889808166011,350,1453,vertical_velocity_lev25,0.053019167097760986,128,1453,vertical_velocity_lev24,0.05299733739982985,96,1453
PC_372,372,1453,vertical_velocity_lev13,0.05124753484150224,186,1453,vertical_velocity_lev12,0.04677968934196059,34,1453,vertical_velocity_lev14,0.04580654865416012,50,1453
PC_373,373,1453,specific_humidity_lev07,0.05164736102380764,351,1453,total_precipitation_6hr,0.05071069253149894,148,1453,specific_humidity_lev06,0.04388275283204075,46,1453
PC_374,374,1453,local_time_cos,0.04686130838729984,13,1453,temperature_lev15,0.04343120688274477,46,1453,latitude,0.04216590962149846,32,1453
PC_375,375,1453,vertical_velocity_lev11,0.05692829116050818,189,1453,specific_humidity_lev07,0.05008189902628303,265,1453,specific_humidity_lev06,0.04742826623239513,91,1453
PC_376,376,1453,vertical_velocity_lev19,0.04279627017510179,129,1453,vertical_velocity_lev18,0.03908304640556896,18,1453,vertical_velocity_lev20,0.03568337552751948,1,1453
PC_377,377,1453,geopotential_at_surface,0.03215883819141885,113,1453,u_component_of_wind_lev04,0.030826300673830832,34,1453,u_component_of_wind_lev03,0.030507688703639006,19,1453
PC_378,378,1453,specific_humidity_lev15,0.04023311234681649,50,1453,specific_humidity_lev35,0.03771305386684766,33,1453,specific_humidity_lev34,0.03747303864140938,26,1453
PC_379,379,1453,geopotential_lev08,0.04762701688408219,50,1453,geopotential_lev07,0.047148736374085176,89,1453,geopotential_lev06,0.04625126332896104,23,1453
PC_380,380,1453,vertical_velocity_lev11,0.045083413837017354,123,1453,land_sea_mask,0.0334213767525798,131,1453,specific_humidity_lev18,0.03176418592033191,23,1453
PC_381,381,1453,vertical_velocity_lev10,0.038143011593397357,55,1453,specific_humidity_lev07,0.03772600625621461,74,1453,toa_incident_solar_radiation,0.03670424711074039,130,1453
PC_382,382,1453,vertical_velocity_lev19,0.04236276379529705,144,1453,vertical_velocity_lev20,0.03964368828614757,29,1453,vertical_velocity_lev18,0.03872455275057727,23,1453
PC_383,383,1453,vertical_velocity_lev28,0.03578314209939111,48,1453,vertical_velocity_lev27,0.035734575268559415,72,1453,vertical_velocity_lev29,0.03427706373962653,2,1453
PC_384,384,1453,vertical_velocity_lev28,0.04148991482455094,11,1453,vertical_velocity_lev29,0.04141514127744273,8,1453,vertical_velocity_lev30,0.040692091182411724,11,1453
PC_385,385,1453,vertical_velocity_lev26,0.04166417235155389,98,1453,vertical_velocity_lev27,0.041149618178852806,45,1453,vertical_velocity_lev28,0.03889825159131952,7,1453
PC_386,386,1453,latitude_sin,0.032460062202992385,73,1453,geopotential_at_surface,0.032205845589923864,146,1453,latitude,0.03155917147391587,43,1453
PC_387,387,1453,2m_temperature,0.04519999621723973,42,1453,temperature_lev16,0.04496552315756737,20,1453,temperature_lev17,0.044535311062600565,25,1453
PC_388,388,1453,specific_humidity_lev34,0.03652398047108434,32,1453,specific_humidity_lev32,0.0361919150844022,11,1453,v_component_of_wind_lev11,0.03619034599378198,75,1453
PC_389,389,1453,latitude_sin,0.041126981354033317,163,1453,latitude,0.04078780096620823,53,1453,longitude_cos,0.03979711450624366,177,1453
PC_390,390,1453,vertical_velocity_lev27,0.03618670957114974,51,1453,vertical_velocity_lev18,0.035386168997185476,68,1453,specific_humidity_lev07,0.03512368729589158,96,1453
PC_391,391,1453,temperature_lev16,0.047343118516944255,72,1453,temperature_lev17,0.046184870596835556,17,1453,temperature_lev18,0.04481238874911487,1,1453
PC_392,392,1453,vertical_velocity_lev14,0.0465597163898879,55,1453,vertical_velocity_lev15,0.04646876933325416,207,1453,vertical_velocity_lev16,0.041213992445623356,39,1453
PC_393,393,1453,vertical_velocity_lev14,0.04288292110594584,115,1453,specific_humidity_lev16,0.03893689287439517,68,1453,vertical_velocity_lev15,0.03720319939981002,8,1453
PC_394,394,1453,vertical_velocity_lev22,0.041745153434349626,132,1453,vertical_velocity_lev23,0.03998181735428734,28,1453,vertical_velocity_lev21,0.036607867135648765,4,1453
PC_395,395,1453,total_precipitation_6hr,0.054631867614579215,237,1453,vertical_velocity_lev29,0.041208888485634164,5,1453,vertical_velocity_lev28,0.04091673694180513,6,1453
PC_396,396,1453,vertical_velocity_lev11,0.03783847909159816,65,1453,temperature_lev03,0.03420308807725015,37,1453,temperature_lev02,0.03359383883230184,20,1453
PC_397,397,1453,vertical_velocity_lev10,0.03058423012854402,41,1453,specific_humidity_lev08,0.028610674216741523,76,1453,v_component_of_wind_lev24,0.028290845988965217,16,1453
PC_398,398,1453,vertical_velocity_lev23,0.03769490119057476,71,1453,vertical_velocity_lev24,0.036126188217129956,20,1453,longitude_sin,0.03392158348489224,75,1453
PC_399,399,1453,specific_humidity_lev07,0.04068152843556301,87,1453,specific_humidity_lev33,0.03814456932661079,4,1453,specific_humidity_lev32,0.03770055020499507,2,1453
PC_400,400,1453,vertical_velocity_lev11,0.06872554339505094,623,1453,specific_humidity_lev35,0.04393629407142929,15,1453,specific_humidity_lev34,0.04364530574944587,23,1453
PC_401,401,1453,toa_incident_solar_radiation,0.04884907583165837,262,1453,2m_temperature,0.04115704403322759,66,1453,local_time_cos,0.03878942437841509,21,1453
PC_402,402,1453,temperature_lev29,0.03138586346412308,6,1453,temperature_lev27,0.03128781397781125,10,1453,temperature_lev28,0.031280673271525984,6,1453
PC_403,403,1453,latitude_sin,0.03368143632692318,105,1453,land_sea_mask,0.03247266282793355,99,1453,latitude,0.0323808852925851,16,1453
PC_404,404,1453,temperature_lev25,0.03421261278217333,5,1453,temperature_lev26,0.03411644747984845,7,1453,temperature_lev24,0.03406620654324074,6,1453
PC_405,405,1453,temperature_lev13,0.033278695384648574,52,1453,temperature_lev06,0.03307703163762472,28,1453,temperature_lev07,0.03275895777315235,28,1453
PC_406,406,1453,vertical_velocity_lev11,0.039370844236508204,95,1453,geopotential_at_surface,0.03889178201533852,131,1453,latitude_sin,0.03701006108454515,100,1453
PC_407,407,1453,vertical_velocity_lev12,0.03186201562166814,31,1453,vertical_velocity_lev13,0.028746786050537584,16,1453,geopotential_lev35,0.027196010912031474,9,1453
PC_408,408,1453,u_component_of_wind_lev08,0.03729330994035675,100,1453,specific_humidity_lev07,0.03679179832262979,77,1453,u_component_of_wind_lev09,0.03632477267566791,38,1453
PC_409,409,1453,toa_incident_solar_radiation,0.03423627426934586,154,1453,local_time_cos,0.03326187085787472,5,1453,longitude_sin,0.03242749746275692,99,1453
PC_410,410,1453,longitude_sin,0.04089676072626909,216,1453,toa_incident_solar_radiation,0.039822467402922154,195,1453,local_time_cos,0.03746604595742113,17,1453
PC_411,411,1453,v_component_of_wind_lev22,0.030542949500693566,19,1453,v_component_of_wind_lev23,0.030511524879894555,33,1453,v_component_of_wind_lev21,0.030356634267789038,24,1453
PC_412,412,1453,vertical_velocity_lev12,0.03695401400667394,37,1453,specific_humidity_lev36,0.03501540991995328,17,1453,specific_humidity_lev33,0.03462985007821385,2,1453
PC_413,413,1453,vertical_velocity_lev10,0.04675117982736534,183,1453,longitude_cos,0.03294654825362858,126,1453,specific_humidity_lev07,0.03235741790557676,27,1453
PC_414,414,1453,vertical_velocity_lev24,0.03397863764974591,70,1453,vertical_velocity_lev23,0.03341672008553514,21,1453,vertical_velocity_lev25,0.03286310576290506,48,1453
PC_415,415,1453,vertical_velocity_lev11,0.054259440810365135,321,1453,vertical_velocity_lev25,0.04830450591944025,112,1453,vertical_velocity_lev24,0.04706102824251614,131,1453
PC_416,416,1453,vertical_velocity_lev12,0.03505004796693685,46,1453,vertical_velocity_lev23,0.02928777343498054,60,1453,geopotential_lev08,0.028915076607548176,20,1453
PC_417,417,1453,longitude_cos,0.03483226985593645,175,1453,vertical_velocity_lev21,0.03445696910345759,60,1453,vertical_velocity_lev20,0.03283731675038918,42,1453
PC_418,418,1453,latitude,0.04153646340126833,81,1453,latitude_sin,0.04091218915239466,102,1453,specific_humidity_lev07,0.03950338473110162,61,1453
PC_419,419,1453,vertical_velocity_lev19,0.042550724190145446,67,1453,vertical_velocity_lev18,0.041269653073537416,40,1453,vertical_velocity_lev20,0.040811996476237046,19,1453
PC_420,420,1453,local_time_sin,0.0348405767570071,14,1453,geopotential_at_surface,0.030372050530549904,133,1453,land_sea_mask,0.03035227318198312,60,1453
PC_421,421,1453,vertical_velocity_lev19,0.0324839877197599,62,1453,vertical_velocity_lev20,0.029448181772241837,14,1453,vertical_velocity_lev36,0.027732616140988132,62,1453
PC_422,422,1453,vertical_velocity_lev11,0.04108705410524864,44,1453,vertical_velocity_lev18,0.0356490488597139,23,1453,geopotential_lev32,0.03524302214062635,4,1453
PC_423,423,1453,local_time_cos,0.03827535890349684,14,1453,vertical_velocity_lev20,0.03768756418442129,43,1453,vertical_velocity_lev21,0.037600414301794345,41,1453
PC_424,424,1453,latitude_sin,0.03222505081384608,66,1453,latitude,0.0321233831250898,60,1453,longitude_cos,0.029461315826464742,90,1453
PC_425,425,1453,vertical_velocity_lev15,0.04177546877278104,109,1453,vertical_velocity_lev14,0.04031409370042006,62,1453,vertical_velocity_lev16,0.03570493086617973,13,1453
PC_426,426,1453,local_time_sin,0.034231977588453935,33,1453,latitude_sin,0.03392017913139663,65,1453,latitude,0.0333435687072581,23,1453
PC_427,427,1453,vertical_velocity_lev14,0.03544654040511851,61,1453,u_component_of_wind_lev09,0.034811390179330305,43,1453,u_component_of_wind_lev10,0.03355540963130072,22,1453
PC_428,428,1453,vertical_velocity_lev22,0.03032469683846133,19,1453,vertical_velocity_lev21,0.03010386572317568,32,1453,geopotential_lev03,0.029372802871214427,2,1453
PC_429,429,1453,specific_humidity_lev31,0.03374196487962365,26,1453,specific_humidity_lev32,0.033324862523085634,11,1453,specific_humidity_lev34,0.0333074288167236,29,1453
PC_430,430,1453,specific_humidity_lev34,0.04542755863320427,57,1453,specific_humidity_lev35,0.045033679045035135,18,1453,specific_humidity_lev36,0.04449510310903082,10,1453
PC_431,431,1453,mean_sea_level_pressure,0.030336926164781272,47,1453,vertical_velocity_lev15,0.030317122019758943,30,1453,geopotential_lev36,0.02995286142488709,26,1453
PC_432,432,1453,latitude,0.03389970715394164,74,1453,latitude_sin,0.03364852978121577,26,1453,geopotential_lev00,0.03129019911990872,8,1453
PC_433,433,1453,u_component_of_wind_lev06,0.02904859231052086,19,1453,temperature_lev10,0.028989036474268755,13,1453,u_component_of_wind_lev29,0.028783032494551948,4,1453
PC_434,434,1453,latitude,0.030324356429451204,54,1453,temperature_lev08,0.030194179595159857,82,1453,latitude_sin,0.029710552544971982,8,1453
PC_435,435,1453,specific_humidity_lev06,0.04131780306879543,89,1453,geopotential_lev10,0.04023097819147458,9,1453,geopotential_lev09,0.04021974851568605,26,1453
PC_436,436,1453,temperature_lev22,0.04118584955785922,1,1453,temperature_lev23,0.04109773276572864,3,1453,geopotential_lev16,0.04108825128674885,0,1453
PC_437,437,1453,temperature_lev10,0.03397010920659597,36,1453,temperature_lev11,0.03249643272787729,11,1453,temperature_lev09,0.03219332000388902,21,1453
PC_438,438,1453,u_component_of_wind_lev26,0.0375847309941703,74,1453,u_component_of_wind_lev27,0.03663092559799533,24,1453,u_component_of_wind_lev25,0.03651317919467814,31,1453
PC_439,439,1453,temperature_lev25,0.031854503850359074,4,1453,temperature_lev26,0.031807557588650635,5,1453,temperature_lev27,0.031733202215826664,4,1453
PC_440,440,1453,toa_incident_solar_radiation,0.028626050066248188,82,1453,latitude_sin,0.027618258253235325,37,1453,vertical_velocity_lev12,0.027268201684493242,19,1453
PC_441,441,1453,specific_humidity_lev36,0.03149565015469629,25,1453,temperature_lev11,0.03142281383473052,38,1453,specific_humidity_lev35,0.03131176443979197,8,1453
PC_442,442,1453,specific_humidity_lev03,0.03000993954665181,28,1453,2m_temperature,0.029921475185640815,23,1453,u_component_of_wind_lev06,0.029915541913604942,15,1453
PC_443,443,1453,specific_humidity_lev19,0.03536083794492287,109,1453,specific_humidity_lev20,0.032305368016643105,29,1453,2m_temperature,0.031212622749060736,83,1453
PC_444,444,1453,vertical_velocity_lev21,0.03999432339009511,102,1453,vertical_velocity_lev20,0.03979650479227821,91,1453,geopotential_lev12,0.037562080207717674,2,1453
PC_445,445,1453,longitude_sin,0.030450457281243702,112,1453,latitude_sin,0.028345656371613587,30,1453,latitude,0.028179914542338428,25,1453
PC_446,446,1453,latitude,0.03608920164885747,49,1453,latitude_sin,0.03574409849367025,101,1453,geopotential_lev02,0.032751241259329184,4,1453
PC_447,447,1453,geopotential_at_surface,0.03300894278919639,130,1453,vertical_velocity_lev12,0.032022957107689334,49,1453,vertical_velocity_lev13,0.030294941279667247,53,1453
PC_448,448,1453,vertical_velocity_lev10,0.0338776415100051,47,1453,vertical_velocity_lev11,0.03195529493634831,20,1453,local_time_sin,0.031211817423882328,41,1453
PC_449,449,1453,specific_humidity_lev36,0.03099732142607934,20,1453,specific_humidity_lev34,0.03082288115163318,22,1453,specific_humidity_lev35,0.030818954042637653,5,1453
PC_450,450,1453,land_sea_mask,0.023914774144097078,83,1453,longitude_sin,0.02387895827784399,65,1453,geopotential_at_surface,0.023756937171654603,107,1453
PC_451,451,1453,geopotential_lev11,0.04293994394310365,5,1453,geopotential_lev10,0.04293496542296475,9,1453,geopotential_lev18,0.042801482857785185,6,1453
PC_452,452,1453,vertical_velocity_lev26,0.033472419522666,38,1453,vertical_velocity_lev27,0.033288357031817824,15,1453,vertical_velocity_lev28,0.031661000927660714,7,1453
PC_453,453,1453,latitude_sin,0.03305495579141352,80,1453,latitude,0.032887047887982725,44,1453,temperature_lev32,0.02971061375522731,36,1453
PC_454,454,1453,v_component_of_wind_lev31,0.031513387978227204,25,1453,v_component_of_wind_lev32,0.030819434152333056,27,1453,v_component_of_wind_lev30,0.030814861514834646,15,1453
PC_455,455,1453,local_time_cos,0.025875377909667534,21,1453,longitude_cos,0.02583235346862914,64,1453,toa_incident_solar_radiation,0.025283930436399368,70,1453
PC_456,456,1453,longitude_sin,0.036845039636112124,127,1453,vertical_velocity_lev15,0.030992928284956766,50,1453,local_time_sin,0.030860480825709864,38,1453
PC_457,457,1453,geopotential_at_surface,0.03665673594016499,286,1453,land_sea_mask,0.02864338378803393,60,1453,2m_temperature,0.027596147533502,9,1453
PC_458,458,1453,temperature_lev09,0.028303784198347698,23,1453,temperature_lev10,0.027675335453515096,22,1453,latitude_sin,0.02680224384486181,70,1453
PC_459,459,1453,geopotential_lev00,0.03955933516505508,16,1453,latitude,0.03888901196281604,67,1453,geopotential_lev01,0.03879250179041562,5,1453
PC_460,460,1453,geopotential_lev12,0.0406551494523069,1,1453,geopotential_lev11,0.040624007374601145,4,1453,geopotential_lev13,0.040539435140530725,2,1453
PC_461,461,1453,longitude_cos,0.03392128976145511,138,1453,specific_humidity_lev36,0.03273600141489235,29,1453,specific_humidity_lev35,0.032543561130032914,7,1453
PC_462,462,1453,specific_humidity_lev09,0.029205873929220773,45,1453,specific_humidity_lev07,0.027220117646531573,92,1453,vertical_velocity_lev25,0.026797942033065226,29,1453
PC_463,463,1453,toa_incident_solar_radiation,0.025582495147776885,91,1453,geopotential_at_surface,0.025301568655724794,97,1453,local_time_cos,0.024489389866983863,10,1453
PC_464,464,1453,specific_humidity_lev30,0.03473410769379621,32,1453,specific_humidity_lev29,0.03446172109731847,28,1453,specific_humidity_lev31,0.033885926388662425,19,1453
PC_465,465,1453,temperature_lev11,0.03228534870660503,19,1453,temperature_lev12,0.03108255461025011,18,1453,specific_humidity_lev36,0.03084897169673931,24,1453
PC_466,466,1453,latitude_sin,0.031239331524237596,97,1453,latitude,0.030349262941456775,23,1453,toa_incident_solar_radiation,0.025896754531495314,126,1453
PC_467,467,1453,latitude_sin,0.0353773819369662,153,1453,latitude,0.035159854690994294,72,1453,specific_humidity_lev08,0.027697603120226042,31,1453
PC_468,468,1453,temperature_lev30,0.034169531108265816,18,1453,temperature_lev29,0.03410326689299461,11,1453,temperature_lev31,0.03397336131763003,9,1453
PC_469,469,1453,latitude_sin,0.03530243637525348,102,1453,latitude,0.03490487530785799,73,1453,2m_temperature,0.0319922552558291,23,1453
PC_470,470,1453,temperature_lev12,0.026519119145139814,27,1453,temperature_lev10,0.026352665168917634,6,1453,temperature_lev11,0.026108519051030017,8,1453
PC_471,471,1453,u_component_of_wind_lev25,0.02684085675802337,38,1453,u_component_of_wind_lev26,0.02675507332970825,26,1453,u_component_of_wind_lev27,0.02608241388600484,6,1453
PC_472,472,1453,geopotential_lev26,0.03136027299763812,3,1453,geopotential_lev27,0.03134624989147155,1,1453,geopotential_lev25,0.03133821294032005,2,1453
PC_473,473,1453,v_component_of_wind_lev31,0.025310432945053845,27,1453,v_component_of_wind_lev32,0.02524934666594016,30,1453,specific_humidity_lev32,0.02506822554308233,16,1453
PC_474,474,1453,land_sea_mask,0.030026539092949073,151,1453,u_component_of_wind_lev28,0.027615539352593043,10,1453,u_component_of_wind_lev06,0.02759073110230429,23,1453
PC_475,475,1453,specific_humidity_lev35,0.025847530126941232,11,1453,specific_humidity_lev34,0.025688205908258294,12,1453,specific_humidity_lev36,0.025641934576415025,12,1453
PC_476,476,1453,vertical_velocity_lev25,0.042766091921801,217,1453,vertical_velocity_lev24,0.04035957314125557,64,1453,vertical_velocity_lev26,0.03676701973178513,3,1453
PC_477,477,1453,u_component_of_wind_lev06,0.02648501411999124,34,1453,specific_humidity_lev34,0.025905444121169283,6,1453,specific_humidity_lev33,0.025402485463634123,5,1453
PC_478,478,1453,local_time_sin,0.02712863489917724,41,1453,longitude_cos,0.02531395330340793,85,1453,geopotential_at_surface,0.024582851859097418,109,1453
PC_479,479,1453,specific_humidity_lev07,0.027883810593524905,58,1453,geopotential_lev07,0.0269278795810031,25,1453,geopotential_lev06,0.026773621390023213,14,1453
PC_480,480,1453,specific_humidity_lev33,0.03456283182934811,45,1453,specific_humidity_lev34,0.034360109035944074,22,1453,specific_humidity_lev15,0.03412489569816439,48,1453
PC_481,481,1453,geopotential_lev25,0.03535078214675415,1,1453,geopotential_lev26,0.0353386571890787,7,1453,geopotential_lev24,0.035304879839943695,5,1453
PC_482,482,1453,local_time_sin,0.02611878304280769,28,1453,temperature_lev07,0.024461282857113197,54,1453,longitude_cos,0.024018086032415373,111,1453
PC_483,483,1453,vertical_velocity_lev11,0.024716612426084174,27,1453,specific_humidity_lev21,0.02418209877500325,62,1453,specific_humidity_lev22,0.02346354305044277,15,1453
PC_484,484,1453,specific_humidity_lev28,0.027757003604268502,34,1453,specific_humidity_lev27,0.027246807980880867,6,1453,specific_humidity_lev29,0.027027323936410753,17,1453
PC_485,485,1453,specific_humidity_lev35,0.025551682038125825,12,1453,specific_humidity_lev34,0.025347052288213615,7,1453,specific_humidity_lev36,0.025218872346621804,28,1453
PC_486,486,1453,vertical_velocity_lev24,0.03561004288405653,67,1453,vertical_velocity_lev23,0.03527452457074143,60,1453,vertical_velocity_lev25,0.03162833617909053,6,1453
PC_487,487,1453,longitude_cos,0.02969561182605909,128,1453,toa_incident_solar_radiation,0.027743940859572335,113,1453,local_time_cos,0.024961890008215054,9,1453
PC_488,488,1453,local_time_sin,0.03199341776227701,41,1453,2m_temperature,0.03144795173127754,40,1453,geopotential_at_surface,0.03096592589123261,144,1453
PC_489,489,1453,vertical_velocity_lev22,0.025733430246596176,35,1453,longitude_cos,0.024809313618401562,91,1453,local_time_cos,0.024091469134469117,17,1453
PC_490,490,1453,specific_humidity_lev04,0.034846795957081234,17,1453,specific_humidity_lev05,0.03432724211332165,43,1453,specific_humidity_lev03,0.03227555490139976,20,1453
PC_491,491,1453,2m_temperature,0.022837193926906193,42,1453,v_component_of_wind_lev29,0.022716906120057598,23,1453,v_component_of_wind_lev28,0.02271538248646705,14,1453
PC_492,492,1453,specific_humidity_lev06,0.02634060938000211,64,1453,toa_incident_solar_radiation,0.02493676767832671,80,1453,u_component_of_wind_lev27,0.024224641305183682,17,1453
PC_493,493,1453,vertical_velocity_lev22,0.041632428993069966,163,1453,vertical_velocity_lev23,0.03896066061904412,34,1453,vertical_velocity_lev21,0.038136349494376075,19,1453
PC_494,494,1453,latitude,0.02805025514143082,49,1453,latitude_sin,0.027781400110331703,53,1453,geopotential_lev03,0.026455558824096493,2,1453
PC_495,495,1453,local_time_cos,0.02578270477127006,8,1453,longitude_cos,0.025194428514427804,106,1453,u_component_of_wind_lev10,0.025002994102618414,51,1453
PC_496,496,1453,longitude_cos,0.0274607877239245,134,1453,local_time_cos,0.02578937161724715,19,1453,specific_humidity_lev06,0.025297586360704883,54,1453
PC_497,497,1453,latitude_sin,0.035439781196494866,162,1453,latitude,0.03469940505170549,24,1453,specific_humidity_lev06,0.026543767695701544,86,1453
PC_498,498,1453,toa_incident_solar_radiation,0.030516905614144114,153,1453,longitude_cos,0.027762833010421806,78,1453,u_component_of_wind_lev01,0.02701655523039691,13,1453
PC_499,499,1453,geopotential_lev08,0.030391561401771,21,1453,geopotential_lev09,0.030200160489079825,9,1453,geopotential_lev07,0.029302948662616624,43,1453
PC_500,500,1453,specific_humidity_lev05,0.022329262942558055,15,1453,specific_humidity_lev04,0.021513229169486673,13,1453,specific_humidity_lev06,0.021461073137139023,20,1453
PC_501,501,1453,vertical_velocity_lev15,0.02418368698287286,30,1453,specific_humidity_lev08,0.023755148017376597,51,1453,u_component_of_wind_lev12,0.02304567874423445,42,1453
PC_502,502,1453,specific_humidity_lev05,0.028245627053050903,35,1453,specific_humidity_lev04,0.027537474643213874,13,1453,temperature_lev36,0.027078343409664356,9,1453
PC_503,503,1453,geopotential_at_surface,0.02906203416080431,146,1453,specific_humidity_lev04,0.026505542524143763,36,1453,specific_humidity_lev03,0.026319544278218834,27,1453
PC_504,504,1453,u_component_of_wind_lev05,0.02874804750016454,23,1453,u_component_of_wind_lev06,0.0283312763717797,36,1453,u_component_of_wind_lev07,0.028231598072968198,21,1453
PC_505,505,1453,longitude_cos,0.025005850647668592,88,1453,local_time_sin,0.024293907755726544,7,1453,specific_humidity_lev21,0.023113179840493416,30,1453
PC_506,506,1453,specific_humidity_lev32,0.026402780158443818,23,1453,specific_humidity_lev31,0.0263033023912091,19,1453,specific_humidity_lev36,0.026096710268758337,35,1453
PC_507,507,1453,temperature_lev32,0.026782791951453975,10,1453,temperature_lev33,0.02673350132858045,8,1453,temperature_lev31,0.026713360205441888,4,1453
PC_508,508,1453,vertical_velocity_lev21,0.041213786712979365,74,1453,vertical_velocity_lev20,0.04054294703146911,71,1453,vertical_velocity_lev22,0.037980791482920113,6,1453
PC_509,509,1453,vertical_velocity_lev10,0.035596679248581065,84,1453,latitude,0.030403509207958583,47,1453,latitude_sin,0.02957824709661391,37,1453
PC_510,510,1453,geopotential_lev14,0.105575921556909,10,1453,geopotential_lev15,0.10549110546834298,3,1453,geopotential_lev13,0.1054213520517465,12,1453
PC_511,511,1453,u_component_of_wind_lev08,0.07560662235785051,156,1453,geopotential_lev07,0.07453819367442029,8,1453,geopotential_lev08,0.07253063114080244,4,1453
PC_512,512,1453,geopotential_lev34,0.03255503704551198,11,1453,geopotential_lev35,0.03252005263752519,15,1453,geopotential_lev33,0.03245753673223922,13,1453
