mask_file,mask_time,graphcast_time,year,t_idx,time_difference_hours,positive_nodes,positive_fraction
2020-01-01T06:00:00.000000000.nc,2020-01-01 06:00:00,2020-01-01 06:00:00,2020,1,0.0,825,0.02014061813388018
2020-01-01T17:00:00.000000000.nc,2020-01-01 17:00:00,2020-01-01 18:00:00,2020,3,1.0,1988,0.04853278648503491
2020-01-05T12:00:00.000000000.nc,2020-01-05 12:00:00,2020-01-05 12:00:00,2020,18,0.0,2985,0.0728724183389483
2020-01-05T20:00:00.000000000.nc,2020-01-05 20:00:00,2020-01-05 18:00:00,2020,19,2.0,2160,0.05273180020506811
2020-01-06T14:00:00.000000000.nc,2020-01-06 14:00:00,2020-01-06 12:00:00,2020,22,2.0,1320,0.03222498901420829
2020-01-08T15:00:00.000000000.nc,2020-01-08 15:00:00,2020-01-08 12:00:00,2020,30,3.0,1734,0.04233191738684634
2020-01-11T04:00:00.000000000.nc,2020-01-11 04:00:00,2020-01-11 06:00:00,2020,41,2.0,2142,0.05229236853669254
2020-01-15T14:00:00.000000000.nc,2020-01-15 14:00:00,2020-01-15 12:00:00,2020,58,2.0,2153,0.052560910111810945
2020-01-16T01:00:00.000000000.nc,2020-01-16 01:00:00,2020-01-16 00:00:00,2020,60,1.0,2030,0.049558127044577904
2020-01-18T11:00:00.000000000.nc,2020-01-18 11:00:00,2020-01-18 12:00:00,2020,70,1.0,1520,0.037107563107270154
2020-01-19T08:00:00.000000000.nc,2020-01-19 08:00:00,2020-01-19 06:00:00,2020,73,2.0,1569,0.03830379376007031
2020-01-26T12:00:00.000000000.nc,2020-01-26 12:00:00,2020-01-26 12:00:00,2020,102,0.0,920,0.022459840828084564
2020-01-28T16:00:00.000000000.nc,2020-01-28 16:00:00,2020-01-28 18:00:00,2020,111,2.0,1137,0.027757433719056687
2020-01-29T00:00:00.000000000.nc,2020-01-29 00:00:00,2020-01-29 00:00:00,2020,112,0.0,1527,0.03727845320052732
2020-01-29T05:00:00.000000000.nc,2020-01-29 05:00:00,2020-01-29 06:00:00,2020,113,1.0,2172,0.053024754650651824
2020-01-30T07:00:00.000000000.nc,2020-01-30 07:00:00,2020-01-30 06:00:00,2020,117,1.0,1183,0.028880425760460914
2020-01-30T12:00:00.000000000.nc,2020-01-30 12:00:00,2020-01-30 12:00:00,2020,118,0.0,1879,0.045871783604316194
2020-03-01T14:00:00.000000000.nc,2020-03-01 14:00:00,2020-03-01 12:00:00,2020,125,2.0,2216,0.05409892095112543
2020-03-03T12:00:00.000000000.nc,2020-03-03 12:00:00,2020-03-03 12:00:00,2020,133,0.0,1504,0.036716957179825205
2020-03-06T23:00:00.000000000.nc,2020-03-06 23:00:00,2020-03-07 00:00:00,2020,147,1.0,1259,0.030735803915824422
2020-03-08T11:00:00.000000000.nc,2020-03-08 11:00:00,2020-03-08 12:00:00,2020,153,1.0,1309,0.03195644743908989
2020-03-11T10:00:00.000000000.nc,2020-03-11 10:00:00,2020-03-11 12:00:00,2020,165,2.0,1158,0.02827010399882818
2020-03-11T14:00:00.000000000.nc,2020-03-11 14:00:00,2020-03-11 12:00:00,2020,165,2.0,854,0.020848591377374152
2020-03-12T02:00:00.000000000.nc,2020-03-12 02:00:00,2020-03-12 00:00:00,2020,167,2.0,2078,0.050729944826912746
2020-03-14T02:00:00.000000000.nc,2020-03-14 02:00:00,2020-03-14 00:00:00,2020,175,2.0,1444,0.03525218495190664
2020-03-20T02:00:00.000000000.nc,2020-03-20 02:00:00,2020-03-20 00:00:00,2020,199,2.0,1919,0.04684829842292857
2020-03-20T05:00:00.000000000.nc,2020-03-20 05:00:00,2020-03-20 06:00:00,2020,200,1.0,1166,0.028465406962550656
2020-03-20T16:00:00.000000000.nc,2020-03-20 16:00:00,2020-03-20 18:00:00,2020,202,2.0,665,0.016234558859430693
2020-03-23T19:00:00.000000000.nc,2020-03-23 19:00:00,2020-03-23 18:00:00,2020,214,1.0,2460,0.06005566134466091
2020-03-24T05:00:00.000000000.nc,2020-03-24 05:00:00,2020-03-24 06:00:00,2020,216,1.0,943,0.02302133684878668
2020-03-29T07:00:00.000000000.nc,2020-03-29 07:00:00,2020-03-29 06:00:00,2020,236,1.0,2124,0.051852936868316976
2020-03-29T17:00:00.000000000.nc,2020-03-29 17:00:00,2020-03-29 18:00:00,2020,238,1.0,2459,0.060031248474195595
2020-03-30T14:00:00.000000000.nc,2020-03-30 14:00:00,2020-03-30 12:00:00,2020,241,2.0,2105,0.051389092329476097
2020-04-05T16:00:00.000000000.nc,2020-04-05 16:00:00,2020-04-05 18:00:00,2020,266,2.0,1635,0.039915043210780723
2020-04-06T12:00:00.000000000.nc,2020-04-06 12:00:00,2020-04-06 12:00:00,2020,269,0.0,1502,0.03666813143889459
2020-04-08T13:00:00.000000000.nc,2020-04-08 13:00:00,2020-04-08 12:00:00,2020,277,1.0,2289,0.05588106049509301
2020-04-09T10:00:00.000000000.nc,2020-04-09 10:00:00,2020-04-09 12:00:00,2020,281,2.0,1917,0.046799472681997946
2020-04-10T21:00:00.000000000.nc,2020-04-10 21:00:00,2020-04-10 18:00:00,2020,286,3.0,2618,0.06391289487817978
2020-04-12T08:00:00.000000000.nc,2020-04-12 08:00:00,2020-04-12 06:00:00,2020,292,2.0,2530,0.06176456227723256
2020-04-17T02:00:00.000000000.nc,2020-04-17 02:00:00,2020-04-17 00:00:00,2020,311,2.0,1774,0.04330843220545872
2020-04-17T23:00:00.000000000.nc,2020-04-17 23:00:00,2020-04-18 00:00:00,2020,315,1.0,2505,0.061154240515599825
2020-04-18T09:00:00.000000000.nc,2020-04-18 09:00:00,2020-04-18 06:00:00,2020,316,3.0,1886,0.04604267369757336
2020-04-19T19:00:00.000000000.nc,2020-04-19 19:00:00,2020-04-19 18:00:00,2020,322,1.0,1934,0.04721449147990821
2020-04-23T03:00:00.000000000.nc,2020-04-23 03:00:00,2020-04-23 00:00:00,2020,335,3.0,2697,0.06584151164493922
2020-04-24T16:00:00.000000000.nc,2020-04-24 16:00:00,2020-04-24 18:00:00,2020,342,2.0,1850,0.045163810360822225
2020-04-24T18:00:00.000000000.nc,2020-04-24 18:00:00,2020-04-24 18:00:00,2020,342,0.0,1088,0.02656120306625653
2020-04-26T10:00:00.000000000.nc,2020-04-26 10:00:00,2020-04-26 12:00:00,2020,349,2.0,852,0.020799765636443535
2020-04-27T03:00:00.000000000.nc,2020-04-27 03:00:00,2020-04-27 00:00:00,2020,351,3.0,2450,0.05981153264000781
2020-04-29T06:00:00.000000000.nc,2020-04-29 06:00:00,2020-04-29 06:00:00,2020,360,0.0,1873,0.04572530638152434
2020-04-29T08:00:00.000000000.nc,2020-04-29 08:00:00,2020-04-29 06:00:00,2020,360,2.0,1501,0.036643718568429275
2020-04-30T19:00:00.000000000.nc,2020-04-30 19:00:00,2020-04-30 18:00:00,2020,366,1.0,1144,0.027928323812313853
2020-05-01T05:00:00.000000000.nc,2020-05-01 05:00:00,2020-05-01 06:00:00,2020,368,1.0,771,0.01882232312875348
2020-05-02T20:00:00.000000000.nc,2020-05-02 20:00:00,2020-05-02 18:00:00,2020,374,2.0,235,0.005737024559347688
2020-05-04T00:00:00.000000000.nc,2020-05-04 00:00:00,2020-05-04 00:00:00,2020,379,0.0,2650,0.06469410673306968
2020-05-04T13:00:00.000000000.nc,2020-05-04 13:00:00,2020-05-04 12:00:00,2020,381,1.0,2280,0.05566134466090523
2020-05-06T00:00:00.000000000.nc,2020-05-06 00:00:00,2020-05-06 00:00:00,2020,387,0.0,1733,0.04230750451638104
2020-05-09T14:00:00.000000000.nc,2020-05-09 14:00:00,2020-05-09 12:00:00,2020,401,2.0,499,0.012182022362189347
2020-05-10T23:00:00.000000000.nc,2020-05-10 23:00:00,2020-05-11 00:00:00,2020,407,1.0,1171,0.028587471314877204
2020-05-13T19:00:00.000000000.nc,2020-05-13 19:00:00,2020-05-13 18:00:00,2020,418,1.0,1244,0.030369610858844782
2020-05-15T22:00:00.000000000.nc,2020-05-15 22:00:00,2020-05-16 00:00:00,2020,427,2.0,1512,0.036912260143547676
2020-05-16T00:00:00.000000000.nc,2020-05-16 00:00:00,2020-05-16 00:00:00,2020,427,0.0,1185,0.028929251501391532
2020-05-17T03:00:00.000000000.nc,2020-05-17 03:00:00,2020-05-17 00:00:00,2020,431,3.0,1370,0.033445632537473756
2020-05-17T08:00:00.000000000.nc,2020-05-17 08:00:00,2020-05-17 06:00:00,2020,432,2.0,803,0.019603534983643377
2020-05-17T12:00:00.000000000.nc,2020-05-17 12:00:00,2020-05-17 12:00:00,2020,433,0.0,1265,0.03088228113861628
2020-05-18T11:00:00.000000000.nc,2020-05-18 11:00:00,2020-05-18 12:00:00,2020,437,1.0,3004,0.07333626287778917
2020-05-22T10:00:00.000000000.nc,2020-05-22 10:00:00,2020-05-22 12:00:00,2020,453,2.0,1455,0.03552072652702505
2020-05-28T19:00:00.000000000.nc,2020-05-28 19:00:00,2020-05-28 18:00:00,2020,478,1.0,2018,0.04926517259899419
2020-05-29T15:00:00.000000000.nc,2020-05-29 15:00:00,2020-05-29 12:00:00,2020,481,3.0,1500,0.03661930569796397
2020-05-29T17:00:00.000000000.nc,2020-05-29 17:00:00,2020-05-29 18:00:00,2020,482,1.0,855,0.02087300424783946
2020-05-31T06:00:00.000000000.nc,2020-05-31 06:00:00,2020-05-31 06:00:00,2020,488,0.0,1996,0.04872808944875739
2020-06-03T03:00:00.000000000.nc,2020-06-03 03:00:00,2020-06-03 00:00:00,2020,499,3.0,811,0.019798837947365852
2020-06-03T13:00:00.000000000.nc,2020-06-03 13:00:00,2020-06-03 12:00:00,2020,501,1.0,1734,0.04233191738684634
2020-06-04T20:00:00.000000000.nc,2020-06-04 20:00:00,2020-06-04 18:00:00,2020,506,2.0,2280,0.05566134466090523
2020-06-10T10:00:00.000000000.nc,2020-06-10 10:00:00,2020-06-10 12:00:00,2020,529,2.0,2613,0.06379083052585323
2020-06-11T09:00:00.000000000.nc,2020-06-11 09:00:00,2020-06-11 06:00:00,2020,532,3.0,1799,0.04391875396709145
2020-06-11T17:00:00.000000000.nc,2020-06-11 17:00:00,2020-06-11 18:00:00,2020,534,1.0,454,0.011083443191250427
2020-06-11T19:00:00.000000000.nc,2020-06-11 19:00:00,2020-06-11 18:00:00,2020,534,1.0,2513,0.0613495434793223
2020-06-12T22:00:00.000000000.nc,2020-06-12 22:00:00,2020-06-13 00:00:00,2020,539,2.0,2369,0.05783409013231776
2020-06-14T13:00:00.000000000.nc,2020-06-14 13:00:00,2020-06-14 12:00:00,2020,545,1.0,1413,0.034495385967482056
2020-06-16T04:00:00.000000000.nc,2020-06-16 04:00:00,2020-06-16 06:00:00,2020,552,2.0,2057,0.050217274547141255
2020-06-17T02:00:00.000000000.nc,2020-06-17 02:00:00,2020-06-17 00:00:00,2020,555,2.0,985,0.02404667740832967
2020-06-18T19:00:00.000000000.nc,2020-06-18 19:00:00,2020-06-18 18:00:00,2020,562,1.0,1536,0.037498169034715104
2020-06-18T23:00:00.000000000.nc,2020-06-18 23:00:00,2020-06-19 00:00:00,2020,563,1.0,1717,0.04191689858893609
2020-06-22T00:00:00.000000000.nc,2020-06-22 00:00:00,2020-06-22 00:00:00,2020,575,0.0,2696,0.0658170987744739
2020-06-22T08:00:00.000000000.nc,2020-06-22 08:00:00,2020-06-22 06:00:00,2020,576,2.0,955,0.023314291294370394
2020-06-29T20:00:00.000000000.nc,2020-06-29 20:00:00,2020-06-29 18:00:00,2020,606,2.0,1333,0.03254235633025731
2020-06-30T11:00:00.000000000.nc,2020-06-30 11:00:00,2020-06-30 12:00:00,2020,609,1.0,1503,0.03669254430935989
2020-06-30T20:00:00.000000000.nc,2020-06-30 20:00:00,2020-06-30 18:00:00,2020,610,2.0,2331,0.056906401054636006
2020-07-02T17:00:00.000000000.nc,2020-07-02 17:00:00,2020-07-02 18:00:00,2020,618,1.0,1867,0.04557882915873249
2020-07-03T20:00:00.000000000.nc,2020-07-03 20:00:00,2020-07-03 18:00:00,2020,622,2.0,1423,0.03473951467213515
2020-07-04T04:00:00.000000000.nc,2020-07-04 04:00:00,2020-07-04 06:00:00,2020,624,2.0,1844,0.04501733313803037
2020-07-05T06:00:00.000000000.nc,2020-07-05 06:00:00,2020-07-05 06:00:00,2020,628,0.0,1696,0.04140422830916459
2020-07-05T10:00:00.000000000.nc,2020-07-05 10:00:00,2020-07-05 12:00:00,2020,629,2.0,2290,0.055905473365558324
2020-07-05T11:00:00.000000000.nc,2020-07-05 11:00:00,2020-07-05 12:00:00,2020,629,1.0,3295,0.08044040818319417
2020-07-06T22:00:00.000000000.nc,2020-07-06 22:00:00,2020-07-07 00:00:00,2020,635,2.0,1757,0.04289341340754846
2020-07-09T21:00:00.000000000.nc,2020-07-09 21:00:00,2020-07-09 18:00:00,2020,646,3.0,2371,0.057882915873248376
2020-07-12T03:00:00.000000000.nc,2020-07-12 03:00:00,2020-07-12 00:00:00,2020,655,3.0,1831,0.044699965821981345
2020-07-12T17:00:00.000000000.nc,2020-07-12 17:00:00,2020-07-12 18:00:00,2020,658,1.0,2647,0.06462086812167375
2020-07-14T21:00:00.000000000.nc,2020-07-14 21:00:00,2020-07-14 18:00:00,2020,666,3.0,2316,0.05654020799765636
2020-07-18T22:00:00.000000000.nc,2020-07-18 22:00:00,2020-07-19 00:00:00,2020,683,2.0,1117,0.027269176309750502
2020-07-19T18:00:00.000000000.nc,2020-07-19 18:00:00,2020-07-19 18:00:00,2020,686,0.0,1812,0.04423612128314047
2020-07-24T02:00:00.000000000.nc,2020-07-24 02:00:00,2020-07-24 00:00:00,2020,703,2.0,1061,0.02590205556369318
2020-07-24T08:00:00.000000000.nc,2020-07-24 08:00:00,2020-07-24 06:00:00,2020,704,2.0,2116,0.051657633904594505
2020-07-24T10:00:00.000000000.nc,2020-07-24 10:00:00,2020-07-24 12:00:00,2020,705,2.0,1630,0.039792978858454175
2020-07-28T03:00:00.000000000.nc,2020-07-28 03:00:00,2020-07-28 00:00:00,2020,719,3.0,2192,0.05351301205995801
2020-07-28T20:00:00.000000000.nc,2020-07-28 20:00:00,2020-07-28 18:00:00,2020,722,2.0,1422,0.03471510180166984
2020-07-28T23:00:00.000000000.nc,2020-07-28 23:00:00,2020-07-29 00:00:00,2020,723,1.0,2143,0.052316781407157856
2020-07-30T08:00:00.000000000.nc,2020-07-30 08:00:00,2020-07-30 06:00:00,2020,728,2.0,816,0.019920902299692397
2020-08-01T14:00:00.000000000.nc,2020-08-01 14:00:00,2020-08-01 12:00:00,2020,737,2.0,633,0.015453347004540794
2020-08-05T22:00:00.000000000.nc,2020-08-05 22:00:00,2020-08-06 00:00:00,2020,755,2.0,1142,0.027879498071383232
2020-08-06T18:00:00.000000000.nc,2020-08-06 18:00:00,2020-08-06 18:00:00,2020,758,0.0,1127,0.027513305014403595
2020-08-07T04:00:00.000000000.nc,2020-08-07 04:00:00,2020-08-07 06:00:00,2020,760,2.0,1758,0.04291782627801377
2020-08-08T07:00:00.000000000.nc,2020-08-08 07:00:00,2020-08-08 06:00:00,2020,764,1.0,2436,0.05946975245349348
2020-08-09T19:00:00.000000000.nc,2020-08-09 19:00:00,2020-08-09 18:00:00,2020,770,1.0,1675,0.040891558029393094
2020-08-13T04:00:00.000000000.nc,2020-08-13 04:00:00,2020-08-13 06:00:00,2020,784,2.0,895,0.021849519066451835
2020-08-16T10:00:00.000000000.nc,2020-08-16 10:00:00,2020-08-16 12:00:00,2020,797,2.0,1175,0.02868512279673844
2020-08-17T21:00:00.000000000.nc,2020-08-17 21:00:00,2020-08-17 18:00:00,2020,802,3.0,1677,0.04094038377032371
2020-08-18T04:00:00.000000000.nc,2020-08-18 04:00:00,2020-08-18 06:00:00,2020,804,2.0,1231,0.030052243542795763
2020-08-18T15:00:00.000000000.nc,2020-08-18 15:00:00,2020-08-18 12:00:00,2020,805,3.0,1803,0.04401640544895269
2020-08-19T01:00:00.000000000.nc,2020-08-19 01:00:00,2020-08-19 00:00:00,2020,807,1.0,1989,0.04855719935550022
2020-08-19T17:00:00.000000000.nc,2020-08-19 17:00:00,2020-08-19 18:00:00,2020,810,1.0,1822,0.04448024998779356
2020-08-21T05:00:00.000000000.nc,2020-08-21 05:00:00,2020-08-21 06:00:00,2020,816,1.0,2006,0.04897221815341048
2020-08-22T17:00:00.000000000.nc,2020-08-22 17:00:00,2020-08-22 18:00:00,2020,822,1.0,1322,0.03227381475513891
2020-08-29T10:00:00.000000000.nc,2020-08-29 10:00:00,2020-08-29 12:00:00,2020,849,2.0,1463,0.03571602949074752
2020-08-30T19:00:00.000000000.nc,2020-08-30 19:00:00,2020-08-30 18:00:00,2020,854,1.0,1471,0.035911332454469994
2020-09-01T00:00:00.000000000.nc,2020-09-01 00:00:00,2020-09-01 00:00:00,2020,859,0.0,2139,0.05221912992529661
2020-09-02T17:00:00.000000000.nc,2020-09-02 17:00:00,2020-09-02 18:00:00,2020,866,1.0,2204,0.05380596650554172
2020-09-03T06:00:00.000000000.nc,2020-09-03 06:00:00,2020-09-03 06:00:00,2020,868,0.0,2140,0.052243542795761926
2020-09-03T21:00:00.000000000.nc,2020-09-03 21:00:00,2020-09-03 18:00:00,2020,870,3.0,895,0.021849519066451835
2020-09-06T10:00:00.000000000.nc,2020-09-06 10:00:00,2020-09-06 12:00:00,2020,881,2.0,1702,0.041550705531956444
2020-09-07T07:00:00.000000000.nc,2020-09-07 07:00:00,2020-09-07 06:00:00,2020,884,1.0,1009,0.024632586299497095
2020-09-10T02:00:00.000000000.nc,2020-09-10 02:00:00,2020-09-10 00:00:00,2020,895,2.0,1744,0.04257604609149944
2020-09-10T08:00:00.000000000.nc,2020-09-10 08:00:00,2020-09-10 06:00:00,2020,896,2.0,1956,0.04775157463014501
2020-09-11T01:00:00.000000000.nc,2020-09-11 01:00:00,2020-09-11 00:00:00,2020,899,1.0,1448,0.035349836433767885
2020-09-12T17:00:00.000000000.nc,2020-09-12 17:00:00,2020-09-12 18:00:00,2020,906,1.0,2202,0.053757140764611105
2020-09-15T13:00:00.000000000.nc,2020-09-15 13:00:00,2020-09-15 12:00:00,2020,917,1.0,1437,0.03508129485864948
2020-09-16T16:00:00.000000000.nc,2020-09-16 16:00:00,2020-09-16 18:00:00,2020,922,2.0,2129,0.051975001220643524
2020-09-17T16:00:00.000000000.nc,2020-09-17 16:00:00,2020-09-17 18:00:00,2020,926,2.0,2094,0.051120550754357695
2020-09-19T12:00:00.000000000.nc,2020-09-19 12:00:00,2020-09-19 12:00:00,2020,933,0.0,2374,0.05795615448464431
2020-09-24T02:00:00.000000000.nc,2020-09-24 02:00:00,2020-09-24 00:00:00,2020,951,2.0,1635,0.039915043210780723
2020-09-24T09:00:00.000000000.nc,2020-09-24 09:00:00,2020-09-24 06:00:00,2020,952,3.0,1755,0.04284458766661784
2020-09-24T18:00:00.000000000.nc,2020-09-24 18:00:00,2020-09-24 18:00:00,2020,954,0.0,1521,0.03713197597773546
2020-09-25T18:00:00.000000000.nc,2020-09-25 18:00:00,2020-09-25 18:00:00,2020,958,0.0,824,0.02011620526341487
2020-09-26T11:00:00.000000000.nc,2020-09-26 11:00:00,2020-09-26 12:00:00,2020,961,1.0,1024,0.024998779356476736
2020-09-29T12:00:00.000000000.nc,2020-09-29 12:00:00,2020-09-29 12:00:00,2020,973,0.0,1109,0.027073873346028027
2020-09-30T15:00:00.000000000.nc,2020-09-30 15:00:00,2020-09-30 12:00:00,2020,977,3.0,2854,0.06967433230799278
2020-10-01T09:00:00.000000000.nc,2020-10-01 09:00:00,2020-10-01 06:00:00,2020,980,3.0,2988,0.07294565695034422
2020-10-01T14:00:00.000000000.nc,2020-10-01 14:00:00,2020-10-01 12:00:00,2020,981,2.0,1303,0.031809970216298035
2020-10-03T10:00:00.000000000.nc,2020-10-03 10:00:00,2020-10-03 12:00:00,2020,989,2.0,1953,0.04767833601874909
2020-10-04T13:00:00.000000000.nc,2020-10-04 13:00:00,2020-10-04 12:00:00,2020,993,1.0,1446,0.03530101069283726
2020-10-05T08:00:00.000000000.nc,2020-10-05 08:00:00,2020-10-05 06:00:00,2020,996,2.0,3179,0.0776085152092183
2020-10-05T22:00:00.000000000.nc,2020-10-05 22:00:00,2020-10-06 00:00:00,2020,999,2.0,2273,0.05549045456764806
2020-10-06T05:00:00.000000000.nc,2020-10-06 05:00:00,2020-10-06 06:00:00,2020,1000,1.0,1145,0.027952736682779162
2020-10-07T16:00:00.000000000.nc,2020-10-07 16:00:00,2020-10-07 18:00:00,2020,1006,2.0,806,0.019676773595039304
2020-10-07T18:00:00.000000000.nc,2020-10-07 18:00:00,2020-10-07 18:00:00,2020,1006,0.0,2627,0.06413261071236756
2020-10-08T00:00:00.000000000.nc,2020-10-08 00:00:00,2020-10-08 00:00:00,2020,1007,0.0,1634,0.03989063034031541
2020-10-09T15:00:00.000000000.nc,2020-10-09 15:00:00,2020-10-09 12:00:00,2020,1013,3.0,2078,0.050729944826912746
2020-10-11T04:00:00.000000000.nc,2020-10-11 04:00:00,2020-10-11 06:00:00,2020,1020,2.0,963,0.023509594258092868
2020-10-12T06:00:00.000000000.nc,2020-10-12 06:00:00,2020-10-12 06:00:00,2020,1024,0.0,1092,0.02665885454811777
2020-10-17T18:00:00.000000000.nc,2020-10-17 18:00:00,2020-10-17 18:00:00,2020,1046,0.0,2199,0.053683902153215175
2020-10-21T07:00:00.000000000.nc,2020-10-21 07:00:00,2020-10-21 06:00:00,2020,1060,1.0,1057,0.02580440408183194
2020-10-21T23:00:00.000000000.nc,2020-10-21 23:00:00,2020-10-22 00:00:00,2020,1063,1.0,2226,0.054343049655778526
2020-10-23T03:00:00.000000000.nc,2020-10-23 03:00:00,2020-10-23 00:00:00,2020,1067,3.0,2408,0.05878619208046482
2020-10-24T05:00:00.000000000.nc,2020-10-24 05:00:00,2020-10-24 06:00:00,2020,1072,1.0,1561,0.03810849079634784
2020-10-27T05:00:00.000000000.nc,2020-10-27 05:00:00,2020-10-27 06:00:00,2020,1084,1.0,1432,0.034959230506322936
2020-10-27T23:00:00.000000000.nc,2020-10-27 23:00:00,2020-10-28 00:00:00,2020,1087,1.0,1075,0.02624383575020751
2020-10-29T00:00:00.000000000.nc,2020-10-29 00:00:00,2020-10-29 00:00:00,2020,1091,0.0,1642,0.04008593330403789
2020-11-03T07:00:00.000000000.nc,2020-11-03 07:00:00,2020-11-03 06:00:00,2020,1112,1.0,1027,0.025072017967872662
2020-11-04T00:00:00.000000000.nc,2020-11-04 00:00:00,2020-11-04 00:00:00,2020,1115,0.0,2557,0.06242370977979591
2020-11-05T00:00:00.000000000.nc,2020-11-05 00:00:00,2020-11-05 00:00:00,2020,1119,0.0,2424,0.05917679800790977
2020-11-05T21:00:00.000000000.nc,2020-11-05 21:00:00,2020-11-05 18:00:00,2020,1122,3.0,2308,0.05634490503393389
2020-11-06T06:00:00.000000000.nc,2020-11-06 06:00:00,2020-11-06 06:00:00,2020,1124,0.0,2017,0.04924075972852888
2020-11-07T05:00:00.000000000.nc,2020-11-07 05:00:00,2020-11-07 06:00:00,2020,1128,1.0,650,0.015868365802451052
2020-11-09T06:00:00.000000000.nc,2020-11-09 06:00:00,2020-11-09 06:00:00,2020,1136,0.0,1052,0.025682339729505396
2020-11-11T08:00:00.000000000.nc,2020-11-11 08:00:00,2020-11-11 06:00:00,2020,1144,2.0,2304,0.056247253552072655
2020-11-14T14:00:00.000000000.nc,2020-11-14 14:00:00,2020-11-14 12:00:00,2020,1157,2.0,1937,0.04728773009130414
2020-11-18T14:00:00.000000000.nc,2020-11-18 14:00:00,2020-11-18 12:00:00,2020,1173,2.0,941,0.022972511107856062
2020-11-20T21:00:00.000000000.nc,2020-11-20 21:00:00,2020-11-20 18:00:00,2020,1182,3.0,1897,0.04631121527269176
2020-11-21T06:00:00.000000000.nc,2020-11-21 06:00:00,2020-11-21 06:00:00,2020,1184,0.0,1221,0.02980811483814267
2020-11-21T21:00:00.000000000.nc,2020-11-21 21:00:00,2020-11-21 18:00:00,2020,1186,3.0,2528,0.06171573653630194
2020-11-22T03:00:00.000000000.nc,2020-11-22 03:00:00,2020-11-22 00:00:00,2020,1187,3.0,1880,0.045896196474781506
2020-11-23T12:00:00.000000000.nc,2020-11-23 12:00:00,2020-11-23 12:00:00,2020,1193,0.0,1667,0.04069625506567062
2020-11-24T23:00:00.000000000.nc,2020-11-24 23:00:00,2020-11-25 00:00:00,2020,1199,1.0,1026,0.025047605097407354
2020-11-26T06:00:00.000000000.nc,2020-11-26 06:00:00,2020-11-26 06:00:00,2020,1204,0.0,1918,0.04682388555246326
2020-11-26T17:00:00.000000000.nc,2020-11-26 17:00:00,2020-11-26 18:00:00,2020,1206,1.0,931,0.02272838240320297
2020-11-27T16:00:00.000000000.nc,2020-11-27 16:00:00,2020-11-27 18:00:00,2020,1210,2.0,1093,0.026683267418583078
2020-11-28T21:00:00.000000000.nc,2020-11-28 21:00:00,2020-11-28 18:00:00,2020,1214,3.0,1647,0.04020799765636444
2020-11-29T00:00:00.000000000.nc,2020-11-29 00:00:00,2020-11-29 00:00:00,2020,1215,0.0,1293,0.03156584151164494
2020-12-03T10:00:00.000000000.nc,2020-12-03 10:00:00,2020-12-03 12:00:00,2020,1233,2.0,1233,0.03010106928372638
2020-12-04T10:00:00.000000000.nc,2020-12-04 10:00:00,2020-12-04 12:00:00,2020,1237,2.0,1691,0.04128216395683804
2020-12-04T11:00:00.000000000.nc,2020-12-04 11:00:00,2020-12-04 12:00:00,2020,1237,1.0,940,0.022948098237390753
2020-12-06T19:00:00.000000000.nc,2020-12-06 19:00:00,2020-12-06 18:00:00,2020,1246,1.0,2275,0.05553928030857868
2020-12-06T20:00:00.000000000.nc,2020-12-06 20:00:00,2020-12-06 18:00:00,2020,1246,2.0,1585,0.03869439968751526
2020-12-07T11:00:00.000000000.nc,2020-12-07 11:00:00,2020-12-07 12:00:00,2020,1249,1.0,1365,0.03332356818514721
2020-12-11T10:00:00.000000000.nc,2020-12-11 10:00:00,2020-12-11 12:00:00,2020,1265,2.0,1533,0.03742493042331917
2020-12-12T08:00:00.000000000.nc,2020-12-12 08:00:00,2020-12-12 06:00:00,2020,1268,2.0,2229,0.054416288267174456
2020-12-14T01:00:00.000000000.nc,2020-12-14 01:00:00,2020-12-14 00:00:00,2020,1275,1.0,1985,0.04845954787363898
2020-12-14T02:00:00.000000000.nc,2020-12-14 02:00:00,2020-12-14 00:00:00,2020,1275,2.0,2113,0.051584395293198575
2020-12-14T21:00:00.000000000.nc,2020-12-14 21:00:00,2020-12-14 18:00:00,2020,1278,3.0,1134,0.027684195107660757
2020-12-16T15:00:00.000000000.nc,2020-12-16 15:00:00,2020-12-16 12:00:00,2020,1285,3.0,1458,0.035593965138420974
2020-12-19T10:00:00.000000000.nc,2020-12-19 10:00:00,2020-12-19 12:00:00,2020,1297,2.0,776,0.018944387481080027
2020-12-21T21:00:00.000000000.nc,2020-12-21 21:00:00,2020-12-21 18:00:00,2020,1306,3.0,1307,0.03190762169815927
2020-12-22T12:00:00.000000000.nc,2020-12-22 12:00:00,2020-12-22 12:00:00,2020,1309,0.0,869,0.021214784434353793
2020-12-22T15:00:00.000000000.nc,2020-12-22 15:00:00,2020-12-22 12:00:00,2020,1309,3.0,1987,0.048508373614569604
2020-12-24T23:00:00.000000000.nc,2020-12-24 23:00:00,2020-12-25 00:00:00,2020,1319,1.0,1971,0.048117767687124655
2020-12-25T21:00:00.000000000.nc,2020-12-25 21:00:00,2020-12-25 18:00:00,2020,1322,3.0,881,0.021507738879937503
2020-12-26T09:00:00.000000000.nc,2020-12-26 09:00:00,2020-12-26 06:00:00,2020,1324,3.0,2121,0.051779698256921046
2020-12-26T10:00:00.000000000.nc,2020-12-26 10:00:00,2020-12-26 12:00:00,2020,1325,2.0,1802,0.04399199257848738
2020-12-30T19:00:00.000000000.nc,2020-12-30 19:00:00,2020-12-30 18:00:00,2020,1342,1.0,1572,0.03837703237146624
2020-12-31T07:00:00.000000000.nc,2020-12-31 07:00:00,2020-12-31 06:00:00,2020,1344,1.0,1905,0.04650651823641424
2020-12-31T09:00:00.000000000.nc,2020-12-31 09:00:00,2020-12-31 06:00:00,2020,1344,3.0,1388,0.03388506420584932
2021-01-03T05:00:00.000000000.nc,2021-01-03 05:00:00,2021-01-03 06:00:00,2020,1347,1.0,2355,0.05749230994580343
2021-01-03T20:00:00.000000000.nc,2021-01-03 20:00:00,2021-01-03 18:00:00,2021,11,2.0,2811,0.06862457887798447
2021-01-05T23:00:00.000000000.nc,2021-01-05 23:00:00,2021-01-06 00:00:00,2021,20,1.0,1260,0.03076021678628973
2021-01-07T23:00:00.000000000.nc,2021-01-07 23:00:00,2021-01-08 00:00:00,2021,28,1.0,2226,0.054343049655778526
2021-01-10T16:00:00.000000000.nc,2021-01-10 16:00:00,2021-01-10 18:00:00,2021,39,2.0,1991,0.04860602509643084
2021-01-14T01:00:00.000000000.nc,2021-01-14 01:00:00,2021-01-14 00:00:00,2021,52,1.0,2924,0.07138323324056442
2021-01-14T05:00:00.000000000.nc,2021-01-14 05:00:00,2021-01-14 06:00:00,2021,53,1.0,1640,0.04003710756310727
2021-01-14T22:00:00.000000000.nc,2021-01-14 22:00:00,2021-01-15 00:00:00,2021,56,2.0,2456,0.059958009862799665
2021-01-17T21:00:00.000000000.nc,2021-01-17 21:00:00,2021-01-17 18:00:00,2021,67,3.0,1700,0.04150187979102583
2021-01-18T16:00:00.000000000.nc,2021-01-18 16:00:00,2021-01-18 18:00:00,2021,71,2.0,1195,0.029173380206044628
2021-01-22T21:00:00.000000000.nc,2021-01-22 21:00:00,2021-01-22 18:00:00,2021,87,3.0,2210,0.05395244372833358
2021-01-24T14:00:00.000000000.nc,2021-01-24 14:00:00,2021-01-24 12:00:00,2021,94,2.0,2431,0.05934768810116694
2021-01-25T17:00:00.000000000.nc,2021-01-25 17:00:00,2021-01-25 18:00:00,2021,99,1.0,1242,0.030320785117914164
2021-01-27T01:00:00.000000000.nc,2021-01-27 01:00:00,2021-01-27 00:00:00,2021,104,1.0,2744,0.06698891655680875
2021-01-27T12:00:00.000000000.nc,2021-01-27 12:00:00,2021-01-27 12:00:00,2021,106,0.0,2157,0.05265856159367219
2021-01-27T13:00:00.000000000.nc,2021-01-27 13:00:00,2021-01-27 12:00:00,2021,106,1.0,2450,0.05981153264000781
2021-01-29T02:00:00.000000000.nc,2021-01-29 02:00:00,2021-01-29 00:00:00,2021,112,2.0,2139,0.05221912992529661
2021-02-01T04:00:00.000000000.nc,2021-02-01 04:00:00,2021-02-01 06:00:00,2021,125,2.0,1137,0.027757433719056687
2021-02-02T03:00:00.000000000.nc,2021-02-02 03:00:00,2021-02-02 00:00:00,2021,128,3.0,2350,0.05737024559347688
2021-02-03T19:00:00.000000000.nc,2021-02-03 19:00:00,2021-02-03 18:00:00,2021,135,1.0,2254,0.05502661002880719
2021-02-06T15:00:00.000000000.nc,2021-02-06 15:00:00,2021-02-06 12:00:00,2021,146,3.0,1374,0.03354328401933499
2021-02-09T05:00:00.000000000.nc,2021-02-09 05:00:00,2021-02-09 06:00:00,2021,157,1.0,1186,0.028953664371856844
2021-02-09T17:00:00.000000000.nc,2021-02-09 17:00:00,2021-02-09 18:00:00,2021,159,1.0,1941,0.047385381573165374
2021-02-10T06:00:00.000000000.nc,2021-02-10 06:00:00,2021-02-10 06:00:00,2021,161,0.0,2118,0.05170645964552512
2021-02-10T12:00:00.000000000.nc,2021-02-10 12:00:00,2021-02-10 12:00:00,2021,162,0.0,1722,0.042038962941262636
2021-02-10T18:00:00.000000000.nc,2021-02-10 18:00:00,2021-02-10 18:00:00,2021,163,0.0,1297,0.031663492993506175
2021-02-11T11:00:00.000000000.nc,2021-02-11 11:00:00,2021-02-11 12:00:00,2021,166,1.0,1820,0.044431424246862944
2021-02-12T05:00:00.000000000.nc,2021-02-12 05:00:00,2021-02-12 06:00:00,2021,169,1.0,832,0.020311508227137346
2021-02-13T00:00:00.000000000.nc,2021-02-13 00:00:00,2021-02-13 00:00:00,2021,172,0.0,1250,0.03051608808163664
2021-02-15T09:00:00.000000000.nc,2021-02-15 09:00:00,2021-02-15 06:00:00,2021,181,3.0,1037,0.025316146672525755
2021-02-16T15:00:00.000000000.nc,2021-02-16 15:00:00,2021-02-16 12:00:00,2021,186,3.0,1897,0.04631121527269176
2021-02-17T03:00:00.000000000.nc,2021-02-17 03:00:00,2021-02-17 00:00:00,2021,188,3.0,3360,0.08202724476343928
2021-02-17T17:00:00.000000000.nc,2021-02-17 17:00:00,2021-02-17 18:00:00,2021,191,1.0,2055,0.05016844880621064
2021-02-28T08:00:00.000000000.nc,2021-02-28 08:00:00,2021-02-28 06:00:00,2021,233,2.0,2388,0.05829793467115864
2021-03-04T19:00:00.000000000.nc,2021-03-04 19:00:00,2021-03-04 18:00:00,2021,251,1.0,956,0.023338704164835702
2021-03-06T11:00:00.000000000.nc,2021-03-06 11:00:00,2021-03-06 12:00:00,2021,258,1.0,1218,0.02973487622674674
2021-03-10T06:00:00.000000000.nc,2021-03-10 06:00:00,2021-03-10 06:00:00,2021,273,0.0,1507,0.036790195791221135
2021-03-11T00:00:00.000000000.nc,2021-03-11 00:00:00,2021-03-11 00:00:00,2021,276,0.0,2120,0.05175528538645574
2021-03-12T00:00:00.000000000.nc,2021-03-12 00:00:00,2021-03-12 00:00:00,2021,280,0.0,2136,0.05214589131390069
2021-03-14T05:00:00.000000000.nc,2021-03-14 05:00:00,2021-03-14 06:00:00,2021,289,1.0,1226,0.029930179190469215
2021-03-15T20:00:00.000000000.nc,2021-03-15 20:00:00,2021-03-15 18:00:00,2021,295,2.0,1466,0.03578926810214345
2021-03-16T00:00:00.000000000.nc,2021-03-16 00:00:00,2021-03-16 00:00:00,2021,296,0.0,1992,0.048630437966896145
2021-03-16T08:00:00.000000000.nc,2021-03-16 08:00:00,2021-03-16 06:00:00,2021,297,2.0,1575,0.03845027098286217
2021-03-17T03:00:00.000000000.nc,2021-03-17 03:00:00,2021-03-17 00:00:00,2021,300,3.0,2474,0.06039744153117524
2021-03-18T01:00:00.000000000.nc,2021-03-18 01:00:00,2021-03-18 00:00:00,2021,304,1.0,1213,0.029612811874420195
2021-03-23T04:00:00.000000000.nc,2021-03-23 04:00:00,2021-03-23 06:00:00,2021,325,2.0,1991,0.04860602509643084
2021-03-26T08:00:00.000000000.nc,2021-03-26 08:00:00,2021-03-26 06:00:00,2021,337,2.0,1246,0.030418436599775403
2021-03-26T09:00:00.000000000.nc,2021-03-26 09:00:00,2021-03-26 06:00:00,2021,337,3.0,758,0.01850495581270446
2021-03-28T11:00:00.000000000.nc,2021-03-28 11:00:00,2021-03-28 12:00:00,2021,346,1.0,1368,0.03339680679654314
2021-03-28T15:00:00.000000000.nc,2021-03-28 15:00:00,2021-03-28 12:00:00,2021,346,3.0,1138,0.027781846589521996
2021-03-30T08:00:00.000000000.nc,2021-03-30 08:00:00,2021-03-30 06:00:00,2021,353,2.0,2941,0.07179825203847469
2021-04-04T01:00:00.000000000.nc,2021-04-04 01:00:00,2021-04-04 00:00:00,2021,372,1.0,1821,0.044455837117328256
2021-04-04T05:00:00.000000000.nc,2021-04-04 05:00:00,2021-04-04 06:00:00,2021,373,1.0,1094,0.026707680289048387
2021-04-08T16:00:00.000000000.nc,2021-04-08 16:00:00,2021-04-08 18:00:00,2021,391,2.0,2643,0.0645232166398125
2021-04-08T19:00:00.000000000.nc,2021-04-08 19:00:00,2021-04-08 18:00:00,2021,391,1.0,1262,0.03080904252722035
2021-04-09T00:00:00.000000000.nc,2021-04-09 00:00:00,2021-04-09 00:00:00,2021,392,0.0,2304,0.056247253552072655
2021-04-09T07:00:00.000000000.nc,2021-04-09 07:00:00,2021-04-09 06:00:00,2021,393,1.0,1207,0.02946633465162834
2021-04-10T01:00:00.000000000.nc,2021-04-10 01:00:00,2021-04-10 00:00:00,2021,396,1.0,1014,0.02475465065182364
2021-04-10T13:00:00.000000000.nc,2021-04-10 13:00:00,2021-04-10 12:00:00,2021,398,1.0,2127,0.051926175479712906
2021-04-14T06:00:00.000000000.nc,2021-04-14 06:00:00,2021-04-14 06:00:00,2021,413,0.0,1548,0.03779112348029881
2021-04-14T08:00:00.000000000.nc,2021-04-14 08:00:00,2021-04-14 06:00:00,2021,413,2.0,2300,0.05614960207021141
2021-04-14T22:00:00.000000000.nc,2021-04-14 22:00:00,2021-04-15 00:00:00,2021,416,2.0,1701,0.04152629266149114
2021-04-18T00:00:00.000000000.nc,2021-04-18 00:00:00,2021-04-18 00:00:00,2021,428,0.0,2390,0.058346760412089256
2021-04-19T04:00:00.000000000.nc,2021-04-19 04:00:00,2021-04-19 06:00:00,2021,433,2.0,1399,0.034153605780967725
2021-04-19T18:00:00.000000000.nc,2021-04-19 18:00:00,2021-04-19 18:00:00,2021,435,0.0,1513,0.03693667301401299
2021-04-20T05:00:00.000000000.nc,2021-04-20 05:00:00,2021-04-20 06:00:00,2021,437,1.0,1651,0.04030564913822567
2021-04-20T21:00:00.000000000.nc,2021-04-20 21:00:00,2021-04-20 18:00:00,2021,439,3.0,704,0.017186660807577754
2021-04-29T16:00:00.000000000.nc,2021-04-29 16:00:00,2021-04-29 18:00:00,2021,475,2.0,1278,0.0311996484546653
2021-04-30T13:00:00.000000000.nc,2021-04-30 13:00:00,2021-04-30 12:00:00,2021,478,1.0,1760,0.04296665201894439
2021-04-30T18:00:00.000000000.nc,2021-04-30 18:00:00,2021-04-30 18:00:00,2021,479,0.0,1547,0.037766710609833505
2021-04-30T23:00:00.000000000.nc,2021-04-30 23:00:00,2021-05-01 00:00:00,2021,480,1.0,2074,0.05063229334505151
2021-05-02T22:00:00.000000000.nc,2021-05-02 22:00:00,2021-05-03 00:00:00,2021,488,2.0,2123,0.05182852399785167
2021-05-03T21:00:00.000000000.nc,2021-05-03 21:00:00,2021-05-03 18:00:00,2021,491,3.0,2270,0.05541721595625214
2021-05-04T22:00:00.000000000.nc,2021-05-04 22:00:00,2021-05-05 00:00:00,2021,496,2.0,1815,0.0443093598945364
2021-05-06T03:00:00.000000000.nc,2021-05-06 03:00:00,2021-05-06 00:00:00,2021,500,3.0,2168,0.05292710316879059
2021-05-07T06:00:00.000000000.nc,2021-05-07 06:00:00,2021-05-07 06:00:00,2021,505,0.0,1785,0.04357697378057712
2021-05-10T04:00:00.000000000.nc,2021-05-10 04:00:00,2021-05-10 06:00:00,2021,517,2.0,1823,0.044504662858258874
2021-05-10T13:00:00.000000000.nc,2021-05-10 13:00:00,2021-05-10 12:00:00,2021,518,1.0,2445,0.05968946828768126
2021-05-10T14:00:00.000000000.nc,2021-05-10 14:00:00,2021-05-10 12:00:00,2021,518,2.0,1228,0.029979004931399832
2021-05-12T17:00:00.000000000.nc,2021-05-12 17:00:00,2021-05-12 18:00:00,2021,527,1.0,2386,0.058249108930228014
2021-05-13T17:00:00.000000000.nc,2021-05-13 17:00:00,2021-05-13 18:00:00,2021,531,1.0,1107,0.027025047605097406
2021-05-14T23:00:00.000000000.nc,2021-05-14 23:00:00,2021-05-15 00:00:00,2021,536,1.0,1982,0.048386309262243056
2021-05-16T20:00:00.000000000.nc,2021-05-16 20:00:00,2021-05-16 18:00:00,2021,543,2.0,1627,0.03971974024705825
2021-05-18T17:00:00.000000000.nc,2021-05-18 17:00:00,2021-05-18 18:00:00,2021,551,1.0,2620,0.0639617206191104
2021-05-20T13:00:00.000000000.nc,2021-05-20 13:00:00,2021-05-20 12:00:00,2021,558,1.0,2132,0.052048239832039454
2021-05-20T18:00:00.000000000.nc,2021-05-20 18:00:00,2021-05-20 18:00:00,2021,559,0.0,1350,0.03295737512816757
2021-05-25T00:00:00.000000000.nc,2021-05-25 00:00:00,2021-05-25 00:00:00,2021,576,0.0,2822,0.06889312045310288
2021-05-25T23:00:00.000000000.nc,2021-05-25 23:00:00,2021-05-26 00:00:00,2021,580,1.0,1520,0.037107563107270154
2021-05-26T01:00:00.000000000.nc,2021-05-26 01:00:00,2021-05-26 00:00:00,2021,580,1.0,1624,0.03964650163566232
2021-05-26T05:00:00.000000000.nc,2021-05-26 05:00:00,2021-05-26 06:00:00,2021,581,1.0,2790,0.06811190859821298
2021-05-26T07:00:00.000000000.nc,2021-05-26 07:00:00,2021-05-26 06:00:00,2021,581,1.0,2207,0.053879205116937647
2021-05-26T21:00:00.000000000.nc,2021-05-26 21:00:00,2021-05-26 18:00:00,2021,583,3.0,3155,0.07702260631805087
2021-05-29T16:00:00.000000000.nc,2021-05-29 16:00:00,2021-05-29 18:00:00,2021,595,2.0,3238,0.07904887456667155
2021-05-30T07:00:00.000000000.nc,2021-05-30 07:00:00,2021-05-30 06:00:00,2021,597,1.0,1590,0.038816464039841805
2021-05-31T23:00:00.000000000.nc,2021-05-31 23:00:00,2021-06-01 00:00:00,2021,604,1.0,2729,0.0666227234998291
2021-06-03T07:00:00.000000000.nc,2021-06-03 07:00:00,2021-06-03 06:00:00,2021,613,1.0,2344,0.057223768370685026
2021-06-03T11:00:00.000000000.nc,2021-06-03 11:00:00,2021-06-03 12:00:00,2021,614,1.0,1174,0.02866070992627313
2021-06-04T03:00:00.000000000.nc,2021-06-04 03:00:00,2021-06-04 00:00:00,2021,616,3.0,2411,0.05885943069186075
2021-06-06T14:00:00.000000000.nc,2021-06-06 14:00:00,2021-06-06 12:00:00,2021,626,2.0,2477,0.06047068014257116
2021-06-07T15:00:00.000000000.nc,2021-06-07 15:00:00,2021-06-07 12:00:00,2021,630,3.0,946,0.02309457546018261
2021-06-12T17:00:00.000000000.nc,2021-06-12 17:00:00,2021-06-12 18:00:00,2021,651,1.0,1634,0.03989063034031541
2021-06-13T01:00:00.000000000.nc,2021-06-13 01:00:00,2021-06-13 00:00:00,2021,652,1.0,1426,0.034812753283531075
2021-06-14T07:00:00.000000000.nc,2021-06-14 07:00:00,2021-06-14 06:00:00,2021,657,1.0,1621,0.03957326302426639
2021-06-14T22:00:00.000000000.nc,2021-06-14 22:00:00,2021-06-15 00:00:00,2021,660,2.0,2070,0.050534641863190274
2021-06-16T05:00:00.000000000.nc,2021-06-16 05:00:00,2021-06-16 06:00:00,2021,665,1.0,3168,0.0773399736340999
2021-06-16T13:00:00.000000000.nc,2021-06-16 13:00:00,2021-06-16 12:00:00,2021,666,1.0,2051,0.050070797324349395
2021-06-16T23:00:00.000000000.nc,2021-06-16 23:00:00,2021-06-17 00:00:00,2021,668,1.0,2142,0.05229236853669254
2021-06-22T19:00:00.000000000.nc,2021-06-22 19:00:00,2021-06-22 18:00:00,2021,691,1.0,1687,0.04118451247497681
2021-06-23T21:00:00.000000000.nc,2021-06-23 21:00:00,2021-06-23 18:00:00,2021,695,3.0,1805,0.04406523118988331
2021-06-25T10:00:00.000000000.nc,2021-06-25 10:00:00,2021-06-25 12:00:00,2021,702,2.0,1902,0.04643327962501831
2021-06-26T08:00:00.000000000.nc,2021-06-26 08:00:00,2021-06-26 06:00:00,2021,705,2.0,2370,0.057858503002783064
2021-06-30T00:00:00.000000000.nc,2021-06-30 00:00:00,2021-06-30 00:00:00,2021,720,0.0,1151,0.028099213905571015
2021-07-01T22:00:00.000000000.nc,2021-07-01 22:00:00,2021-07-02 00:00:00,2021,728,2.0,755,0.01843171720130853
2021-07-02T03:00:00.000000000.nc,2021-07-02 03:00:00,2021-07-02 00:00:00,2021,728,3.0,1435,0.03503246911771886
2021-07-02T09:00:00.000000000.nc,2021-07-02 09:00:00,2021-07-02 06:00:00,2021,729,3.0,2675,0.0653044284947024
2021-07-03T01:00:00.000000000.nc,2021-07-03 01:00:00,2021-07-03 00:00:00,2021,732,1.0,2191,0.0534885991894927
2021-07-05T16:00:00.000000000.nc,2021-07-05 16:00:00,2021-07-05 18:00:00,2021,743,2.0,1094,0.026707680289048387
2021-07-05T22:00:00.000000000.nc,2021-07-05 22:00:00,2021-07-06 00:00:00,2021,744,2.0,1304,0.03183438308676334
2021-07-06T11:00:00.000000000.nc,2021-07-06 11:00:00,2021-07-06 12:00:00,2021,746,1.0,1596,0.03896294126263366
2021-07-08T03:00:00.000000000.nc,2021-07-08 03:00:00,2021-07-08 00:00:00,2021,752,3.0,1799,0.04391875396709145
2021-07-09T05:00:00.000000000.nc,2021-07-09 05:00:00,2021-07-09 06:00:00,2021,757,1.0,2286,0.05580782188369709
2021-07-11T00:00:00.000000000.nc,2021-07-11 00:00:00,2021-07-11 00:00:00,2021,764,0.0,1507,0.036790195791221135
2021-07-11T13:00:00.000000000.nc,2021-07-11 13:00:00,2021-07-11 12:00:00,2021,766,1.0,1225,0.029905766320003906
2021-07-15T07:00:00.000000000.nc,2021-07-15 07:00:00,2021-07-15 06:00:00,2021,781,1.0,2188,0.053415360578096774
2021-07-17T11:00:00.000000000.nc,2021-07-17 11:00:00,2021-07-17 12:00:00,2021,790,1.0,2233,0.05451393974903569
2021-07-18T02:00:00.000000000.nc,2021-07-18 02:00:00,2021-07-18 00:00:00,2021,792,2.0,905,0.022093647771104927
2021-07-18T08:00:00.000000000.nc,2021-07-18 08:00:00,2021-07-18 06:00:00,2021,793,2.0,1720,0.04199013720033201
2021-07-18T21:00:00.000000000.nc,2021-07-18 21:00:00,2021-07-18 18:00:00,2021,795,3.0,1149,0.028050388164640398
2021-07-20T22:00:00.000000000.nc,2021-07-20 22:00:00,2021-07-21 00:00:00,2021,804,2.0,1992,0.048630437966896145
2021-07-21T03:00:00.000000000.nc,2021-07-21 03:00:00,2021-07-21 00:00:00,2021,804,3.0,1883,0.045969435086177436
2021-07-23T00:00:00.000000000.nc,2021-07-23 00:00:00,2021-07-23 00:00:00,2021,812,0.0,1078,0.026317074361603437
2021-07-24T14:00:00.000000000.nc,2021-07-24 14:00:00,2021-07-24 12:00:00,2021,818,2.0,1311,0.032005273180020506
2021-07-27T17:00:00.000000000.nc,2021-07-27 17:00:00,2021-07-27 18:00:00,2021,831,1.0,1786,0.04360138665104243
2021-07-29T02:00:00.000000000.nc,2021-07-29 02:00:00,2021-07-29 00:00:00,2021,836,2.0,1761,0.042991064889409694
2021-07-31T22:00:00.000000000.nc,2021-07-31 22:00:00,2021-08-01 00:00:00,2021,848,2.0,1877,0.045822957863385576
2021-08-02T17:00:00.000000000.nc,2021-08-02 17:00:00,2021-08-02 18:00:00,2021,855,1.0,2231,0.054465114008105074
2021-08-03T04:00:00.000000000.nc,2021-08-03 04:00:00,2021-08-03 06:00:00,2021,857,2.0,1441,0.03517894634051072
2021-08-03T05:00:00.000000000.nc,2021-08-03 05:00:00,2021-08-03 06:00:00,2021,857,1.0,1802,0.04399199257848738
2021-08-06T17:00:00.000000000.nc,2021-08-06 17:00:00,2021-08-06 18:00:00,2021,871,1.0,1854,0.04526146184268346
2021-08-06T20:00:00.000000000.nc,2021-08-06 20:00:00,2021-08-06 18:00:00,2021,871,2.0,1666,0.04067184219520531
2021-08-08T01:00:00.000000000.nc,2021-08-08 01:00:00,2021-08-08 00:00:00,2021,876,1.0,992,0.024217567501586837
2021-08-08T07:00:00.000000000.nc,2021-08-08 07:00:00,2021-08-08 06:00:00,2021,877,1.0,1140,0.027830672330452614
2021-08-08T09:00:00.000000000.nc,2021-08-08 09:00:00,2021-08-08 06:00:00,2021,877,3.0,1073,0.02619501000927689
2021-08-11T06:00:00.000000000.nc,2021-08-11 06:00:00,2021-08-11 06:00:00,2021,889,0.0,1480,0.03613104828865778
2021-08-13T20:00:00.000000000.nc,2021-08-13 20:00:00,2021-08-13 18:00:00,2021,899,2.0,2890,0.07055319564474391
2021-08-17T07:00:00.000000000.nc,2021-08-17 07:00:00,2021-08-17 06:00:00,2021,913,1.0,1029,0.02512084370880328
2021-08-18T16:00:00.000000000.nc,2021-08-18 16:00:00,2021-08-18 18:00:00,2021,919,2.0,2221,0.05422098530345198
2021-08-21T09:00:00.000000000.nc,2021-08-21 09:00:00,2021-08-21 06:00:00,2021,929,3.0,931,0.02272838240320297
2021-08-22T15:00:00.000000000.nc,2021-08-22 15:00:00,2021-08-22 12:00:00,2021,934,3.0,1390,0.03393388994677994
2021-08-25T12:00:00.000000000.nc,2021-08-25 12:00:00,2021-08-25 12:00:00,2021,946,0.0,1658,0.04047653923148284
2021-08-27T03:00:00.000000000.nc,2021-08-27 03:00:00,2021-08-27 00:00:00,2021,952,3.0,1663,0.04059860358380939
2021-09-01T12:00:00.000000000.nc,2021-09-01 12:00:00,2021-09-01 12:00:00,2021,974,0.0,2470,0.060299790049313996
2021-09-02T19:00:00.000000000.nc,2021-09-02 19:00:00,2021-09-02 18:00:00,2021,979,1.0,1985,0.04845954787363898
2021-09-06T20:00:00.000000000.nc,2021-09-06 20:00:00,2021-09-06 18:00:00,2021,995,2.0,1665,0.040647429324740005
2021-09-10T03:00:00.000000000.nc,2021-09-10 03:00:00,2021-09-10 00:00:00,2021,1008,3.0,2518,0.061471607831648845
2021-09-10T17:00:00.000000000.nc,2021-09-10 17:00:00,2021-09-10 18:00:00,2021,1011,1.0,2621,0.0639861334895757
2021-09-12T04:00:00.000000000.nc,2021-09-12 04:00:00,2021-09-12 06:00:00,2021,1017,2.0,1856,0.04531028758361408
2021-09-13T15:00:00.000000000.nc,2021-09-13 15:00:00,2021-09-13 12:00:00,2021,1022,3.0,1268,0.030955519750012206
2021-09-19T06:00:00.000000000.nc,2021-09-19 06:00:00,2021-09-19 06:00:00,2021,1045,0.0,1980,0.04833748352131244
2021-09-23T10:00:00.000000000.nc,2021-09-23 10:00:00,2021-09-23 12:00:00,2021,1062,2.0,1669,0.04074508080660124
2021-09-24T12:00:00.000000000.nc,2021-09-24 12:00:00,2021-09-24 12:00:00,2021,1066,0.0,1577,0.038499096723792786
2021-09-25T02:00:00.000000000.nc,2021-09-25 02:00:00,2021-09-25 00:00:00,2021,1068,2.0,1626,0.03969532737659294
2021-09-25T06:00:00.000000000.nc,2021-09-25 06:00:00,2021-09-25 06:00:00,2021,1069,0.0,1937,0.04728773009130414
2021-09-26T14:00:00.000000000.nc,2021-09-26 14:00:00,2021-09-26 12:00:00,2021,1074,2.0,1383,0.033762999853522775
2021-10-01T23:00:00.000000000.nc,2021-10-01 23:00:00,2021-10-02 00:00:00,2021,1096,1.0,1411,0.03444656022655144
2021-10-02T11:00:00.000000000.nc,2021-10-02 11:00:00,2021-10-02 12:00:00,2021,1098,1.0,1748,0.042673697573360675
2021-10-03T01:00:00.000000000.nc,2021-10-03 01:00:00,2021-10-03 00:00:00,2021,1100,1.0,878,0.021434500268541577
2021-10-03T10:00:00.000000000.nc,2021-10-03 10:00:00,2021-10-03 12:00:00,2021,1102,2.0,1372,0.033494458278404374
2021-10-04T13:00:00.000000000.nc,2021-10-04 13:00:00,2021-10-04 12:00:00,2021,1106,1.0,1676,0.040915970899858406
2021-10-05T02:00:00.000000000.nc,2021-10-05 02:00:00,2021-10-05 00:00:00,2021,1108,2.0,1973,0.04816659342805527
2021-10-10T08:00:00.000000000.nc,2021-10-10 08:00:00,2021-10-10 06:00:00,2021,1129,2.0,1762,0.04301547775987501
2021-10-12T03:00:00.000000000.nc,2021-10-12 03:00:00,2021-10-12 00:00:00,2021,1136,3.0,969,0.02365607148088472
2021-10-13T10:00:00.000000000.nc,2021-10-13 10:00:00,2021-10-13 12:00:00,2021,1142,2.0,2049,0.05002197158341878
2021-10-14T22:00:00.000000000.nc,2021-10-14 22:00:00,2021-10-15 00:00:00,2021,1148,2.0,2514,0.06137395634978761
2021-10-17T10:00:00.000000000.nc,2021-10-17 10:00:00,2021-10-17 12:00:00,2021,1158,2.0,800,0.019530296372247447
2021-10-25T02:00:00.000000000.nc,2021-10-25 02:00:00,2021-10-25 00:00:00,2021,1188,2.0,1288,0.03144377715931839
2021-10-25T14:00:00.000000000.nc,2021-10-25 14:00:00,2021-10-25 12:00:00,2021,1190,2.0,2334,0.05697963966603193
2021-10-27T05:00:00.000000000.nc,2021-10-27 05:00:00,2021-10-27 06:00:00,2021,1197,1.0,2875,0.07018700258776427
2021-10-28T03:00:00.000000000.nc,2021-10-28 03:00:00,2021-10-28 00:00:00,2021,1200,3.0,1539,0.03757140764611103
2021-10-28T05:00:00.000000000.nc,2021-10-28 05:00:00,2021-10-28 06:00:00,2021,1201,1.0,2137,0.052170304184365995
2021-10-30T07:00:00.000000000.nc,2021-10-30 07:00:00,2021-10-30 06:00:00,2021,1209,1.0,2816,0.06874664323031102
2021-11-01T05:00:00.000000000.nc,2021-11-01 05:00:00,2021-11-01 06:00:00,2021,1217,1.0,1710,0.04174600849567892
2021-11-03T00:00:00.000000000.nc,2021-11-03 00:00:00,2021-11-03 00:00:00,2021,1224,0.0,1499,0.03659489282749866
2021-11-05T17:00:00.000000000.nc,2021-11-05 17:00:00,2021-11-05 18:00:00,2021,1235,1.0,2044,0.04989990723109223
2021-11-06T16:00:00.000000000.nc,2021-11-06 16:00:00,2021-11-06 18:00:00,2021,1239,2.0,2860,0.06982080953078464
2021-11-07T19:00:00.000000000.nc,2021-11-07 19:00:00,2021-11-07 18:00:00,2021,1243,1.0,1121,0.027366827791611738
2021-11-08T03:00:00.000000000.nc,2021-11-08 03:00:00,2021-11-08 00:00:00,2021,1244,3.0,1665,0.040647429324740005
2021-11-10T22:00:00.000000000.nc,2021-11-10 22:00:00,2021-11-11 00:00:00,2021,1256,2.0,2629,0.06418143645329819
2021-11-11T21:00:00.000000000.nc,2021-11-11 21:00:00,2021-11-11 18:00:00,2021,1259,3.0,1321,0.0322494018846736
2021-11-16T15:00:00.000000000.nc,2021-11-16 15:00:00,2021-11-16 12:00:00,2021,1278,3.0,852,0.020799765636443535
2021-11-18T17:00:00.000000000.nc,2021-11-18 17:00:00,2021-11-18 18:00:00,2021,1287,1.0,2465,0.060177725696987455
2021-11-30T22:00:00.000000000.nc,2021-11-30 22:00:00,2021-12-01 00:00:00,2021,1330,2.0,741,0.0180899370147942
2021-12-01T02:00:00.000000000.nc,2021-12-01 02:00:00,2021-12-01 00:00:00,2021,1330,2.0,1256,0.030662565304428496
2021-12-02T06:00:00.000000000.nc,2021-12-02 06:00:00,2021-12-02 06:00:00,2021,1335,0.0,1168,0.028514232703481274
2021-12-02T22:00:00.000000000.nc,2021-12-02 22:00:00,2021-12-03 00:00:00,2021,1338,2.0,1770,0.04321078072359748
2021-12-05T01:00:00.000000000.nc,2021-12-05 01:00:00,2021-12-05 00:00:00,2021,1346,1.0,1085,0.026487964454860603
2021-12-05T03:00:00.000000000.nc,2021-12-05 03:00:00,2021-12-05 00:00:00,2021,1346,3.0,2281,0.05568575753137054
2021-12-07T05:00:00.000000000.nc,2021-12-07 05:00:00,2021-12-07 06:00:00,2021,1355,1.0,1475,0.036008983936331236
2021-12-13T00:00:00.000000000.nc,2021-12-13 00:00:00,2021-12-13 00:00:00,2021,1378,0.0,748,0.018260827108051363
2021-12-17T00:00:00.000000000.nc,2021-12-17 00:00:00,2021-12-17 00:00:00,2021,1394,0.0,1877,0.045822957863385576
2021-12-19T06:00:00.000000000.nc,2021-12-19 06:00:00,2021-12-19 06:00:00,2021,1403,0.0,2502,0.061081001904203895
2021-12-20T16:00:00.000000000.nc,2021-12-20 16:00:00,2021-12-20 18:00:00,2021,1409,2.0,2602,0.06352228895073483
2021-12-21T00:00:00.000000000.nc,2021-12-21 00:00:00,2021-12-21 00:00:00,2021,1410,0.0,1169,0.028538645573946586
2021-12-23T22:00:00.000000000.nc,2021-12-23 22:00:00,2021-12-24 00:00:00,2021,1422,2.0,2626,0.06410819784190225
2021-12-27T09:00:00.000000000.nc,2021-12-27 09:00:00,2021-12-27 06:00:00,2021,1435,3.0,1935,0.04723890435037352
2021-12-27T12:00:00.000000000.nc,2021-12-27 12:00:00,2021-12-27 12:00:00,2021,1436,0.0,1036,0.025291733802060446
2021-12-30T02:00:00.000000000.nc,2021-12-30 02:00:00,2021-12-30 00:00:00,2021,1446,2.0,1775,0.043332845075924026
2021-12-30T13:00:00.000000000.nc,2021-12-30 13:00:00,2021-12-30 12:00:00,2021,1448,1.0,1751,0.042746936184756605
2021-12-31T04:00:00.000000000.nc,2021-12-31 04:00:00,2021-12-31 06:00:00,2021,1451,2.0,2363,0.057687612909525905
