PC,feature,mean_corr,mean_abs_corr,max_abs_corr
1,fractional_lsm,-0.741558129000369,0.741558129000369,0.801121031232096
1,binary_land,-0.7297022383329244,0.7297022383329244,0.7884185299597776
4,latitude,0.5932793102568084,0.5932793102568084,0.6810288714019705
1,elevation,-0.4669565508092095,0.4669565508092095,0.5099396681869914
3,u850,-0.461603400421363,0.461603400421363,0.5657534739305098
3,t850,0.46013444391164066,0.46013444391164066,0.5983429093266833
1,2t,0.4425132542640939,0.4425132542640939,0.5975669030723839
1,q850,0.41664526985201983,0.41664526985201983,0.5404278966589793
2,q850,-0.4019229878695809,0.4019229878695809,0.5435367059554781
3,2t,0.4006015772393961,0.4006015772393961,0.5419218916832452
3,z500,0.394972591977299,0.394972591977299,0.5438316311435293
5,t850,-0.38419767793447185,0.38419767793447185,0.5960247530120195
9,u850,0.3778576605537139,0.3778576605537139,0.5336877504696851
7,latitude,0.3514675003397141,0.3514675003397141,0.4642450391055804
5,z500,-0.3467340396728319,0.3467340396728319,0.5902686993591278
2,msl,0.3408894962610091,0.3408894962610091,0.4287196352102737
3,q850,0.33200757967876504,0.33200757967876504,0.486796040357227
1,z500,0.33173592685805087,0.33173592685805087,0.4911893876025112
10,v850,0.3130992012632614,0.3130992012632614,0.49221164041750437
5,2t,-0.3120440544527912,0.3120440544527912,0.5475082099754387
11,v850,0.30684537209079027,0.30684537209079027,0.39703152352954624
18,elevation,0.28677434165196375,0.28677434165196375,0.38426749847727926
10,u850,-0.28508423038896463,0.28508423038896463,0.44950372044381237
7,msl,0.27677473836300404,0.27677473836300404,0.4208259587187004
1,t850,0.2698896475829133,0.2698896475829133,0.45660821746655883
6,msl,-0.2606704751867461,0.2606704751867461,0.40528724223267576
12,msl,-0.2606150269459503,0.2606150269459503,0.4103867004980258
38,sin_local_time,-0.23510007419583526,0.23510007419583526,0.4020603021787455
4,msl,0.22405960564929353,0.22405960564929353,0.42634061521363775
4,z500,0.22334239248796106,0.22334239248796106,0.40268935878916146
1,cos_longitude,-0.21833670119926607,0.21833670119926607,0.31809580491910205
4,t850,0.20777011108141913,0.21073930864615653,0.4447795515929857
31,sin_local_time,0.20739091654555428,0.20739091654555428,0.37169278971175534
8,fractional_lsm,-0.20519416128662854,0.20519416128662854,0.33463958320523596
5,latitude,0.17881299929277172,0.20372976796001957,0.4372777206616051
8,binary_land,-0.20294295407676258,0.20294295407676258,0.33067504937295406
5,q850,-0.2015246244673707,0.20225644456389247,0.45691051580616393
2,fractional_lsm,-0.20069047571235515,0.20069047571235515,0.30942916123856373
18,u850,-0.197310438012208,0.197310438012208,0.3213076977790964
2,binary_land,-0.19598516246241027,0.19598516246241027,0.3033281746579844
19,sin_local_time,-0.19439861015678533,0.194782083938989,0.37328622209311035
20,elevation,0.19417795498009222,0.19417795498009222,0.3251413698560468
36,sin_local_time,0.1931100925926825,0.1931100925926825,0.29979487701187574
34,sin_local_time,-0.19165002031830633,0.19165002031830633,0.33839305785973905
25,t850,-0.18847479792875285,0.18847479792875285,0.29020143331497794
25,v850,0.18724301237715996,0.18724301237715996,0.2912831233100847
21,elevation,0.18709837590993889,0.18709837590993889,0.29884718850081
26,latitude,-0.1851275615262421,0.18515463412682523,0.382558092440859
15,u850,0.18368743237028096,0.18391251870121672,0.3932516439043432
15,v850,0.1814781564284894,0.1814781564284894,0.2747630002593724
25,z500,-0.1811448368426648,0.1811448368426648,0.2782990790238487
29,cos_local_time,0.1801458292297437,0.18024056738456376,0.3804415474005996
8,q850,-0.17905656911749063,0.17905656911749063,0.31956773641379344
7,z500,0.1771642141687143,0.17723982157381654,0.3583947038618814
23,elevation,-0.17618873643666386,0.17618873643666386,0.2674238846552467
17,fractional_lsm,-0.17589745017987263,0.17598866420489576,0.34248661961482835
1,cos_local_time,-0.0058624610768414805,0.17485659515919763,0.3180957967362354
17,binary_land,-0.1747953216225606,0.1748500438055965,0.33925762291863415
25,2t,-0.17398061031875067,0.17398061031875067,0.2878297438279799
22,v850,-0.17279129088842163,0.17279129088842163,0.28617477539621106
15,elevation,0.17189086945006404,0.17189086945006404,0.308058999313298
1,sin_local_time,0.012442305390047287,0.17002134154630077,0.30400694104693426
12,u850,-0.16887119339579434,0.16901936945655888,0.3597474161767323
4,q850,0.15799488803922107,0.16868645132791016,0.39113167006183386
46,sin_local_time,-0.166500392484984,0.166500392484984,0.2980997343015028
17,elevation,-0.16629665505685426,0.16629665505685426,0.287422982746551
33,z500,0.1660091051681631,0.16603541498083718,0.29895436905871453
23,latitude,0.16586506174182977,0.16586506174182977,0.24459205205699786
24,v850,0.16444481511427894,0.16444481511427894,0.2607740221085966
7,fractional_lsm,0.16327972202711605,0.16404308202654652,0.4137852288688205
10,msl,0.16389239382693063,0.16394159556209395,0.32874782121641466
16,u850,-0.16286205658761962,0.1629567343733796,0.3210211858315604
2,sin_longitude,-0.16267182421074888,0.16267182421074888,0.2750134469913097
7,binary_land,0.1591174849784475,0.16008600645687474,0.40593042169471827
15,q850,-0.14636483501257277,0.15974723715715783,0.45253560692719275
13,elevation,-0.15876108772688113,0.15876259432040685,0.3029044213640472
8,latitude,-0.1580241764092325,0.15810332970845167,0.3453862843449614
29,latitude,0.05781920843367952,0.1570136968121448,0.34745577692592233
16,t850,-0.15307259002484325,0.15406068958068034,0.39649522915282875
15,2t,-0.14160983026056595,0.1531586632462061,0.38648147608680344
34,z500,-0.15090172055381895,0.15090172055381895,0.297854646844886
35,latitude,0.1490163233792391,0.1508528246808584,0.33771243758142905
17,sin_local_time,0.1485476267891662,0.1485713335185656,0.31741519802325885
11,q850,0.14771519935468722,0.14771519935468722,0.2847318096043531
16,2t,-0.13800413782817053,0.14761130497240257,0.409428081252151
17,q850,-0.147267853311086,0.14751399721598704,0.29636750669359335
22,u850,0.14681213593081927,0.14681213593081927,0.25914995915640393
38,cos_longitude,0.05495933374758608,0.1464424072403492,0.40206029639956037
31,cos_longitude,0.05164556517801871,0.1463269139806646,0.3419534066224717
28,msl,0.14529113417325182,0.1454955653922864,0.350621817084196
6,fractional_lsm,-0.14186811053593834,0.14376284035305453,0.260904612859482
4,2t,0.10923308958615392,0.14267014872453107,0.3287740330572039
31,sin_longitude,0.06507688042494476,0.1421051121523131,0.3716927896773311
6,binary_land,-0.1397767543519257,0.14157122436517847,0.2591298970269913
33,msl,0.1400454386126173,0.14063479837974358,0.27248818594046403
18,fractional_lsm,0.13691057235367451,0.13892552807779845,0.3124905450178907
28,v850,-0.13839462642367806,0.13839462642367806,0.2436391153575531
18,v850,-0.13826068827671523,0.13826068827671523,0.2484897061569932
16,fractional_lsm,-0.061080744294458506,0.13758499162415255,0.32757191724599677
18,binary_land,0.13562973355582056,0.13758217789921365,0.30947579188671465
13,fractional_lsm,-0.13650224716148432,0.13665788449756497,0.34922548368665096
15,z500,-0.06952923449727376,0.13636253500673223,0.31560751196433284
16,binary_land,-0.06282675460595515,0.13553402582057242,0.32449389819166724
30,sin_longitude,0.03785244990490494,0.13501789526270688,0.28619377359230114
18,msl,0.1300344584174584,0.13495317671467774,0.33435526052383197
36,cos_longitude,-0.017974092361454117,0.1348259716279687,0.2975035861665865
42,latitude,-0.08941641381196232,0.13459440814128582,0.33535138241877643
33,t850,0.13383253348268426,0.13407619901963802,0.292191897491604
42,t850,-0.11313643107776762,0.13355767220874745,0.34169669258166363
6,v850,0.13311087435806432,0.13311087435806432,0.25613845651387307
34,q850,-0.13229819145318322,0.13302869029478884,0.33296985097191484
11,z500,0.12903410303191806,0.13298529474229476,0.3467576840500474
1,latitude,-0.13172899158245047,0.13264045301476662,0.28160996987075143
13,binary_land,-0.13245052557461556,0.13262723435686713,0.3426854552591936
30,cos_local_time,0.13253707537725937,0.13259862309410056,0.2861937867648045
1,msl,0.11666179769713979,0.13252734431601498,0.36331612656214807
27,elevation,-0.13252679625127356,0.13252679625127356,0.21767261006938932
15,t850,-0.10302343834740606,0.13252354019752327,0.34198521759381534
11,elevation,-0.13245222422490108,0.13245222422490108,0.22904026104220404
34,sin_longitude,-0.03767860137321523,0.13222748006440363,0.33839305377509776
38,sin_longitude,0.01809063250616062,0.13216941792607287,0.3195418971287895
11,2t,0.13092471162511346,0.1320889589609646,0.32406137486068165
34,t850,-0.1315929711976293,0.13190840006551346,0.3142644931716866
6,latitude,-0.12833295983678988,0.13171911983705037,0.2930498314323175
13,v850,-0.13051651692781474,0.13051651692781474,0.25972866426979835
27,sin_local_time,-0.12974501814684164,0.13050835075755604,0.3122625479981429
41,2t,-0.12314416720504898,0.1302173947546298,0.29821298293162457
25,sin_local_time,0.12960644913113464,0.12967175432743544,0.2755798334041606
19,sin_longitude,-0.08342225133427042,0.12937126284853964,0.37328622351525914
7,elevation,0.12854159287384442,0.12854159287384442,0.2321356297660046
8,2t,-0.12783535335175802,0.12783535335175802,0.2915759533089055
12,elevation,0.12773185909795162,0.1277397997259981,0.2494816297428397
14,elevation,-0.12681787756082832,0.12689701640648754,0.28584338609681115
36,latitude,0.009334616368217112,0.1268170750608695,0.3146786932311796
1,u850,-0.12674264035063615,0.12674361427086847,0.2527357437570053
7,2t,0.12374438322567918,0.12669301568562027,0.2974964256302599
1,sin_longitude,-0.12654122724571817,0.12654122724571817,0.2148851084714768
6,z500,-0.1232766154478365,0.1260227268017878,0.33101014870150847
16,z500,-0.07579704263047009,0.12562821654849474,0.34440322509831894
27,cos_longitude,0.027250524348747147,0.1252800703645638,0.3122625466334015
4,u850,-0.12427081113985809,0.12428534617134372,0.24648324941909266
19,cos_longitude,0.002268984036664318,0.12412043839174795,0.30929162619855244
36,sin_longitude,-0.00424582139765095,0.12373632464331323,0.29979489105926604
30,sin_local_time,-0.1231414381331317,0.12325302719956202,0.2789233523517514
29,sin_longitude,-0.08077546070606807,0.1231950260576703,0.38044154427344445
36,z500,0.11305731360878611,0.12227396957260211,0.29944412439781976
33,2t,0.12120670380013245,0.12188896864648996,0.294418576945117
7,sin_local_time,0.12024892505639687,0.1216023707438148,0.29275270641324885
19,2t,0.12117048676600353,0.12141162470063223,0.29626691883338413
7,t850,0.11313802924543426,0.12133269002453072,0.3087061718947799
36,t850,0.11117383609374493,0.12110687694325081,0.30193443772209355
9,v850,0.12095535485482384,0.12098047964487797,0.2222388132141151
27,2t,0.11847767151900652,0.1209030373491022,0.2823167277345709
29,cos_longitude,0.02241060324537217,0.12087442008528546,0.2973977088475229
30,cos_longitude,-0.020144162086862566,0.12083375416731433,0.25362815868411565
18,latitude,-0.054367941199762786,0.12070143602285321,0.3111784241330217
27,latitude,0.10576191137148588,0.12039713565555478,0.28980235712421937
11,t850,0.11345374624609575,0.11962198310374728,0.31145822042237015
15,latitude,0.03701706478985384,0.11935199091512645,0.27607355210635026
40,latitude,0.04011304147415446,0.11880820273775561,0.2737280997284753
2,elevation,-0.11759518760067536,0.11759518760067536,0.16952470939659536
9,sin_local_time,0.11128729036572517,0.11705180286103052,0.3201770453383141
14,sin_local_time,0.11692749746290512,0.11692749746290512,0.2980857144542619
10,2t,-0.08894036945216341,0.1168793700522534,0.37683699221511
25,q850,-0.11679616664738919,0.11683733615288705,0.2326097730752128
12,z500,-0.1052612488526072,0.11638516598455788,0.32637991474102923
13,cos_longitude,-0.11422583049137887,0.11617534976111109,0.34135632295052953
42,2t,-0.10148587568527491,0.11606412944968798,0.29112718228690665
32,cos_local_time,0.11512894872435162,0.11560393958077819,0.24935576171498441
28,z500,0.10502269051562012,0.11549842593395278,0.3387370642018188
27,sin_longitude,-0.060305557941056465,0.1153019691542114,0.31093552019524784
25,elevation,0.11526275109582888,0.11526275109582888,0.2374680171126545
31,binary_land,0.1146055857636036,0.1146055857636036,0.28651372997020075
50,z500,0.10958251353950564,0.11453719683840563,0.31091805064387074
16,cos_longitude,-0.07595570514754582,0.11429544198427039,0.28397588943415075
42,z500,-0.07995157038982668,0.11429376889932065,0.2936678679378857
31,fractional_lsm,0.11415287673638268,0.11415287673638268,0.28941641729483736
21,cos_local_time,0.1133052011342125,0.11378589917593807,0.27330658419244047
25,cos_longitude,-0.012661613753462886,0.11328305026767817,0.25322643150826174
24,q850,-0.10131889253889584,0.11310858649589701,0.3710795110577418
13,t850,-0.10330854473599321,0.11266318459579605,0.33338475703219944
33,q850,0.07468806528478578,0.11260649997696892,0.296061170693395
5,cos_longitude,-0.11119473722885266,0.11216601460898054,0.2615713460095449
17,sin_longitude,0.0025302401273770672,0.11213971766458616,0.27234811080352045
32,cos_longitude,0.030092020195886235,0.11179846080832634,0.24935576759470848
25,msl,-0.11136213297573724,0.11141077013601625,0.23878762387481992
41,latitude,0.10998156200554715,0.11132534822180769,0.29854274706911216
35,q850,0.09221865085463408,0.11123459537529527,0.35356563458037205
9,sin_longitude,0.06297063025288233,0.11065601787265526,0.32017704905225125
25,sin_longitude,-0.03930557434719274,0.11056877003867112,0.27557983512328393
12,latitude,0.024789866390666496,0.11056741754991302,0.2783381923535069
7,u850,-0.10985503008749072,0.11041373389540453,0.25645994895726265
42,cos_local_time,0.10997715922387905,0.11018675523360974,0.23388278940394416
27,cos_local_time,0.10779961079239095,0.11007368745600651,0.29789719257742514
2,u850,-0.10801356579703071,0.10989713506932829,0.25191729011467634
50,msl,0.10895055448450804,0.10946744144063762,0.24060634970876613
23,v850,-0.10934420677383525,0.10938566251041612,0.228615598252756
41,t850,-0.09046776857951967,0.10938343455269589,0.28795177063519417
30,msl,-0.10513517359572173,0.10848765291821262,0.2660112270093661
32,sin_longitude,0.0041382345342684,0.1082986819660117,0.22596514605588622
7,sin_longitude,0.04090279107251888,0.1082618391393613,0.2862824718203368
34,cos_longitude,0.013268066897825732,0.10823689291308994,0.28762600512027453
15,fractional_lsm,0.005953613858925864,0.1078004515726658,0.2681224936150011
26,msl,-0.09804518175755571,0.1074813234850614,0.3039581177274946
46,sin_longitude,0.01782352878940423,0.10737152595973302,0.26544404950188416
40,cos_local_time,0.10413079275018232,0.10716978397028715,0.33505437611346506
5,msl,-0.1049986334845252,0.10715510479529279,0.22733222619526627
2,sin_local_time,-0.006254300283972252,0.10691655900386555,0.27204619327726726
2,cos_local_time,-0.0032700633063776994,0.10677435085468893,0.2750134308378143
3,fractional_lsm,0.10545962448467584,0.10617329948660238,0.2531352136377847
46,cos_longitude,-0.02469777646720374,0.10585511771156057,0.2980997248014967
15,binary_land,0.006289172060952339,0.10583428549153348,0.262120213996091
12,2t,-0.0671146632141827,0.10582633066529877,0.3082562809430808
13,2t,-0.08258867905489031,0.10570080207839708,0.31619588014682665
16,sin_local_time,0.10435928025399666,0.1052924306543673,0.2839758839267014
27,z500,0.09824457374241734,0.10502838278821357,0.27812411557102695
34,2t,-0.10340359633579115,0.104587030662029,0.2676921994209067
32,sin_local_time,0.10442829110780356,0.1044932049938674,0.21915666353211935
14,latitude,0.10380513862631584,0.10387021304550044,0.23898035297504697
17,cos_longitude,0.0038422805615557754,0.1037015214604391,0.31741520397515355
42,cos_longitude,-0.032757593495391535,0.10232004970913547,0.23388278518223765
40,sin_longitude,0.0721902704648549,0.10183595581667501,0.3350543821024385
3,binary_land,0.10080637971650873,0.10171084707825453,0.2462029117292299
12,sin_longitude,-0.09833268380378915,0.10135035065696821,0.2560515160341087
30,q850,-0.10122746195465893,0.10128687288636143,0.24950759153169205
8,u850,0.10109533084969524,0.10116612836402736,0.2147424737125274
18,z500,0.0917157625898254,0.10112402111362859,0.2618292055147096
48,msl,-0.1005560548142165,0.10100270715436037,0.22053565892664614
2,z500,0.09732095272743103,0.10085697168853779,0.2395920688648685
19,t850,0.09687221267799918,0.10028697360741226,0.2798888579175293
13,sin_local_time,0.020996451384283844,0.10011925953966405,0.34135631709055747
13,z500,-0.07879561153737223,0.09999587260932123,0.32377376969972127
10,t850,-0.06003900146804416,0.09917792280637594,0.32279266848514143
32,latitude,-0.05506470198275641,0.09910412410930708,0.25281869527444817
21,sin_longitude,0.005701584872710732,0.09905544836775151,0.27330657240985046
50,t850,0.09137103769276328,0.09881633416074098,0.2732860147657205
4,sin_longitude,-0.09754729260627179,0.09828745193510927,0.21591383168451322
35,z500,0.09234011732036349,0.09824167373546455,0.2881528306018493
9,q850,0.014945144967289775,0.09763539600908207,0.24260347394645063
35,2t,0.09347125774422015,0.09748656936037549,0.28124957877253076
8,elevation,-0.09727795756979127,0.09727795756979127,0.1583251521278863
49,latitude,-0.0026960023438408103,0.09724697304675488,0.24497204118850555
38,latitude,0.01141182456436689,0.09719705287930483,0.21492493861958561
19,z500,0.09551112218934935,0.09709554719359427,0.2668896118857767
9,t850,-0.04477473560452112,0.09686534850530971,0.3199041220492049
21,t850,0.09137431243656413,0.09650748861206766,0.29199452770431483
18,sin_local_time,0.09253327051019206,0.09640687120148493,0.24362487032856653
21,latitude,-0.04445456131068339,0.09561086734599793,0.2598411051426512
33,sin_local_time,-0.09223766155381266,0.09519051651182804,0.24553040039343138
13,q850,-0.07349515238645667,0.0951669269457427,0.2933176056376854
27,t850,0.08907417862343861,0.09477166246662405,0.2585451558751018
7,q850,-0.0627774077742805,0.09475105269789773,0.28142486058028815
33,latitude,0.060124711960149506,0.09464135136676723,0.28137839891589683
24,msl,-0.09401344862752098,0.09461379573612856,0.23118364249943843
23,sin_local_time,-0.09412045496760482,0.0945401693601955,0.22310293297892758
27,q850,0.09128357050808023,0.09452578213944834,0.2885402039944115
9,z500,-0.026304747153369137,0.09433936391367358,0.28250820088099077
25,cos_local_time,-0.09322941451555461,0.09418006557482854,0.23084786212283154
26,2t,0.08462289339928629,0.09359816317924498,0.2890992279331795
36,2t,0.07393141184667038,0.09340218814647508,0.2476344149039005
16,q850,-0.020601591186922123,0.09251255612422646,0.27204606447475455
34,msl,-0.0919477864318725,0.09244236823776364,0.2379289671445457
46,z500,0.018899361708682557,0.09230381222011924,0.23378437006174702
15,msl,0.033742497921025925,0.09216092168583241,0.2749640873341956
45,q850,-0.000977503003562581,0.09180006357019124,0.2943829516839469
18,q850,0.08338334348480632,0.0917237870641871,0.299397145996312
13,cos_local_time,-0.005692140945683931,0.09134436861571175,0.2630069383753308
24,cos_local_time,0.08716871843470335,0.09114651901053196,0.28620754510984503
50,q850,0.07536724571996366,0.09102512244449487,0.2530336397662411
24,sin_longitude,0.0447860338375398,0.09049580063135368,0.2862075300265036
26,t850,0.07853564829124039,0.09038421391416204,0.27728635968401355
20,2t,-0.03656206073443291,0.09000054855214804,0.23334689518317528
36,fractional_lsm,0.03276552826712316,0.08993819904677752,0.23600137598139773
10,z500,-0.00017903045349059997,0.0896275569812425,0.28188505927124347
41,cos_local_time,0.0745985271246451,0.08957773644927361,0.29038569226646926
28,fractional_lsm,0.058350906030436446,0.08952410204153866,0.22138930781167931
10,latitude,0.08123022015098219,0.08925890434823369,0.2594787526425877
49,2t,0.0822534336265875,0.08908352136781063,0.25755349286245666
46,2t,0.01631045552774894,0.08906861607374636,0.22189052320336702
14,2t,0.04579555877155708,0.08896400837747342,0.2657714050890771
9,cos_longitude,0.025143379933271152,0.08875466608602736,0.2904569358807702
26,sin_longitude,0.06385766231279145,0.08849384541746384,0.27333917239216027
39,u850,0.08147710228082722,0.08845340530263877,0.25608523080635315
5,u850,-0.08360808414658648,0.0884061078060526,0.286354179231658
36,binary_land,0.03295295434983332,0.08837116352231877,0.2309882112172966
21,q850,0.07282312758202777,0.08830807632046729,0.27669387841617565
46,msl,0.03914093513030577,0.08818025513685565,0.3027804549949345
46,t850,0.0066584835538830095,0.08795727448083993,0.22691514362760767
28,binary_land,0.058074491465502254,0.08787983099455254,0.2205121599620286
37,sin_longitude,-0.07796224296533395,0.0878678001370921,0.2660141771377825
26,v850,-0.08754006703425862,0.0877718534149673,0.20710271725168272
24,cos_longitude,0.0076173000920667245,0.08757519946148973,0.22543461752561894
7,cos_longitude,0.02912242502744204,0.0874611327909706,0.29275273158043624
40,cos_longitude,-0.02867694487002741,0.08740939241693489,0.2375563758629159
24,z500,-0.07134262017949092,0.08736091976858482,0.2996438061750308
11,latitude,-0.06403052482979825,0.087256949506401,0.20371711236458856
37,latitude,-0.010951726680595698,0.08710832981783775,0.2335633391071654
21,cos_longitude,-0.015461298385868408,0.08700878321306653,0.2555832679743575
24,sin_local_time,-0.08462113388578464,0.08692448308891354,0.22543460039178756
9,2t,-0.01817840826540342,0.08681934790168468,0.2883956553707946
28,latitude,0.014904035363133795,0.08639463555201855,0.24474034808098324
8,sin_local_time,0.08474522796271909,0.08628731737381343,0.21366413223841788
24,latitude,-0.0033088520983814147,0.0862688867046714,0.23960875484640207
43,z500,0.07098652987705344,0.08607341393115366,0.2584678534012434
46,q850,0.03557604096551254,0.08595761999392067,0.28046656612773735
26,sin_local_time,-0.05858745498229056,0.08582791520903398,0.25166333892289516
16,elevation,-0.03760351056388923,0.08574493297070988,0.21310439091191585
35,msl,0.08072928711802199,0.08530636399839345,0.21747336578044177
28,t850,0.061871414506970486,0.08522847106074947,0.27309305159763597
20,q850,0.04179874652980038,0.08518991912541969,0.26977675449451327
16,cos_local_time,0.005854876450327865,0.08515621373213124,0.2460563794691179
17,latitude,-0.051905635013535664,0.08507417353023351,0.3123993420236725
6,elevation,0.08477843540298262,0.08477843540298262,0.184354048392658
36,msl,0.06051433615441083,0.08464912322712945,0.278002829167716
41,z500,-0.05213957365407116,0.08410934385806638,0.2423354410787985
32,q850,0.058774260829718816,0.08399616514812931,0.23799701690435082
20,z500,0.06388285481135898,0.08390720921827065,0.26621045463157433
50,2t,0.07367467513556947,0.08363774019977524,0.24337353079004298
20,latitude,0.0127674418230102,0.08338276438149338,0.19828405916326922
35,t850,0.07099501355377877,0.08334020630973779,0.30695879111250196
21,z500,0.07794649953596933,0.0833179169211124,0.3115688199869207
42,sin_longitude,0.003847058514987325,0.08306246492435845,0.2014927757725071
10,q850,0.030993818840568756,0.08298214995040436,0.2389659474311933
37,cos_local_time,0.035782260692087633,0.0828841505916863,0.26601417075645395
49,t850,0.06734769590752554,0.08287838105354348,0.2467589055216258
49,q850,0.011716665449575094,0.08278793151803505,0.21490737786853814
42,q850,-0.013460061776976555,0.08267089591873501,0.2762182341854391
45,t850,0.03646779891557176,0.0826169903300972,0.2707107699660909
23,msl,-0.07732153545016461,0.08248759520074868,0.29986433915376515
14,q850,0.015977675592209112,0.0824388379428479,0.2012309291332104
9,cos_local_time,-0.06245746656467831,0.0823588850260465,0.2838304550301099
6,sin_local_time,0.078429411598851,0.08230080077939725,0.24963745299422319
32,t850,-0.042939264662576505,0.08227281506757816,0.2701967733329114
5,cos_local_time,0.022560139091749552,0.08226654299899151,0.261571354304445
16,msl,0.013622510252054505,0.0820815363922656,0.2232971784839148
40,sin_local_time,0.060560661909996774,0.08207556569549568,0.271656271407155
32,z500,-0.011759596546668364,0.08162340703466733,0.25936541795992757
46,latitude,0.024608484055541814,0.08146965803261984,0.19128371197752833
12,v850,0.026256589308652812,0.0812154841469138,0.22499935051157438
31,cos_local_time,-0.06611681297978447,0.08104111328128322,0.26240276080630914
43,t850,0.06820773829716129,0.08097837435845022,0.209959524219396
12,cos_local_time,0.004484712195672398,0.08096524577048571,0.25605151474397914
44,msl,-0.08034473826501697,0.08048171943124678,0.19551787023018904
18,sin_longitude,-0.05840218614429141,0.0804156168296455,0.2436248890846862
35,v850,0.0801553267815893,0.0803550845355706,0.19892334187867236
45,z500,-0.0017692052736623684,0.08023530107101151,0.20987035718775393
14,t850,0.023132816011073927,0.07999304218953378,0.25626702320736416
46,binary_land,0.07664616456697873,0.07988173915269994,0.21587975477047588
32,2t,-0.026427712881800618,0.07982864983304808,0.24919155770617016
41,cos_longitude,-0.046129131718282396,0.07976596707039625,0.2903856970002562
14,sin_longitude,-0.024716032411985,0.07943336718790639,0.29808571262365996
33,sin_longitude,-0.03116593401098202,0.07932865246716234,0.23224495937159614
30,binary_land,-0.07207866062379026,0.07927108845086099,0.20079376680409655
6,2t,-0.05598764292472573,0.0792094775307621,0.24160807819611838
30,fractional_lsm,-0.07071166849631504,0.0791510347883631,0.2018126686240638
49,u850,0.06585370109471961,0.07903020670126917,0.22522115316395747
29,fractional_lsm,0.03272326946991367,0.07886325894149174,0.244749694536329
42,fractional_lsm,-0.07406898295472095,0.07862577979675711,0.22955533336476072
5,elevation,0.07853930167569567,0.07856148646963783,0.18247213277709584
17,msl,-0.050160216505161725,0.07841296388742605,0.30092933862150606
29,binary_land,0.03643764255716969,0.07815817454978682,0.24462337298951087
46,fractional_lsm,0.07387693164942184,0.07804409959122867,0.21546958223944376
47,q850,0.059713625479336084,0.07801239159757123,0.22892464399787066
43,msl,0.06365068811460568,0.07738612674178769,0.278450018707708
26,cos_local_time,0.06319260263853028,0.07715160979218418,0.2733391854132267
27,u850,0.07093118288916028,0.07708728622272493,0.2733344854047131
42,binary_land,-0.07227831376944739,0.07698754622499,0.22470177425236426
9,fractional_lsm,-0.043813205685416724,0.07698673142789311,0.2368735968020534
43,2t,0.07004215159447286,0.0767982590685927,0.2210458066174666
44,2t,0.048472401938116166,0.07671104451658346,0.21897743137907316
14,cos_longitude,-0.015633544678612343,0.07666306022524669,0.21604525309467545
44,latitude,0.07625457366100498,0.07662509129822775,0.17846407091568361
15,sin_local_time,-0.04144756488717505,0.07657934369410609,0.23420773148195673
44,t850,0.028630698841612935,0.07635703680138572,0.21387375996027752
16,sin_longitude,0.012341020362333678,0.07615320473123849,0.22025546411014044
8,z500,-0.07494860697845848,0.07605527575140777,0.22185535311259486
10,sin_local_time,-0.06732320226089114,0.07597036047648546,0.2921791482466852
44,elevation,-0.07568914769574293,0.07587593814382977,0.16351151749741788
20,t850,0.03929175937925646,0.07576834553884103,0.2640275119860635
9,latitude,0.06306166960312765,0.0756989025379518,0.23365242544495132
43,latitude,0.013768021090691772,0.07566028640965934,0.20276089755899854
18,cos_longitude,0.0018536477379367687,0.07534433850503433,0.22946148347085893
13,sin_longitude,-0.06136490397724102,0.07528827481569761,0.2630069240412696
9,binary_land,-0.04285190533320548,0.0752687913869148,0.23199747907945084
6,sin_longitude,0.0119000954638812,0.07523299144471943,0.2383590425088553
42,sin_local_time,-0.07397965342291847,0.07519575669666104,0.20531727792367166
38,msl,0.0468020423025565,0.07515338811778184,0.23103480926079517
15,cos_longitude,-0.0355962998420204,0.07509832711307925,0.23420773291374752
49,z500,0.040608557479500824,0.07504935249359222,0.23148543253279882
4,elevation,-0.07503019261436537,0.07503075198030071,0.13439072434992605
14,z500,0.005397571449816596,0.07486491913842717,0.22953929983510335
37,msl,-0.04978404914092178,0.07464651812760308,0.219481916150593
26,cos_longitude,0.03852781082660825,0.07448567834172314,0.25166335337938867
23,q850,-0.0361680891819199,0.07436558245291242,0.2260308974042838
40,fractional_lsm,-0.044190555612225485,0.07434931962699784,0.24144784501517969
40,t850,0.06304607141443476,0.07434464742989773,0.24619425166235842
7,cos_local_time,-0.06265325919440162,0.07412060344058659,0.250210494126982
29,elevation,-0.07233111522087388,0.07408678248941106,0.18053416770864733
45,2t,0.04948721606790108,0.0740790427272094,0.2714381092989783
10,sin_longitude,0.04263431665864714,0.07391392251923053,0.29217916301301117
40,msl,-0.004583233688209914,0.07379352771351924,0.21656660772065398
23,cos_longitude,0.010808942033602125,0.07347312565122846,0.20599116447979293
12,t850,-0.0021500094674466027,0.07300976153679749,0.23788974765311263
24,2t,-0.0446341444452631,0.07299395373105047,0.2917022330186761
5,sin_local_time,-0.007435082445723754,0.07287674061271779,0.24271022341001047
28,2t,0.03508699712888992,0.07267239209811788,0.25221045044394186
40,binary_land,-0.04282116789712218,0.0725233066958389,0.23734171117945124
20,sin_longitude,0.022353904361686477,0.07249851682302312,0.22027742077502663
5,fractional_lsm,-0.008290511949973697,0.07243196598009875,0.17846682170807895
23,sin_longitude,0.025381396080589487,0.07232214228242112,0.22310293327419398
21,sin_local_time,-0.06985816297346928,0.07227833013515009,0.20561180941921928
11,sin_longitude,-0.039417256919767545,0.07210043331922893,0.2717083629161825
5,binary_land,-0.00641724437608099,0.07170142272190638,0.1747194873619926
14,fractional_lsm,-0.02492025483370307,0.07168961200534284,0.25619191330216606
26,z500,0.042829691988373046,0.07164815566109746,0.23019614212915382
20,cos_local_time,0.05669448903848698,0.071584766886817,0.22027742199563657
21,fractional_lsm,0.04763613477305573,0.07129326466674837,0.22293901886147846
2,t850,-0.06800678034096223,0.07129104969985614,0.24599984152525847
10,cos_longitude,-0.006063280602289399,0.07124568751845417,0.25442468914252636
30,elevation,0.07118492503339602,0.071196180381644,0.16164424183668924
33,cos_longitude,0.017627848873171384,0.07113075985397099,0.24553040408877086
50,latitude,0.020577516150365478,0.07081324166924277,0.1891225708566829
4,cos_local_time,0.028421998151215492,0.07063955188197801,0.21591384024376764
45,u850,0.06929151255056079,0.07061422552101773,0.18542085458718846
24,t850,-0.029883242957173813,0.07048224369478187,0.27199257437454305
36,q850,0.0606887187223089,0.07040448945955946,0.2323802852886523
27,msl,0.046874498889648626,0.07036574705801332,0.21491231954882486
14,binary_land,-0.02746960550796373,0.07031637106269578,0.2548816212934353
8,cos_longitude,0.0032119062832081193,0.07021767083265423,0.2136641133561652
27,binary_land,0.05677857970502778,0.07006995778100408,0.232267999847655
8,sin_longitude,0.025122442316790953,0.06961610300518048,0.2069681762445059
4,sin_local_time,-0.02606903963398704,0.06923324029751537,0.20418428856202092
10,cos_local_time,0.06121162873099261,0.06918925161715533,0.2843483766921649
27,fractional_lsm,0.05452504128186259,0.06915900360532751,0.23357185552729423
21,binary_land,0.04467146342670459,0.06905927833040194,0.21819459652543682
47,sin_longitude,0.010622070960713591,0.06890350073634205,0.21939522554393676
28,sin_longitude,-0.030279041494545175,0.06858162022813111,0.20764200768445265
12,q850,0.026737412284589174,0.06853403832967127,0.22939118485212973
18,2t,-0.024161141409182827,0.06837181346011748,0.20488090295699227
49,cos_local_time,-0.0637108426492514,0.06813204358329915,0.20724836514640477
11,sin_local_time,0.04088865655071193,0.06752040077309851,0.2717083655606705
13,msl,-0.053531026360721816,0.06745949003090666,0.22229222625713027
17,u850,0.06202580694504897,0.0673829952335396,0.19838180991273222
12,sin_local_time,0.012238984124277456,0.06730778102343288,0.23289726655765422
17,cos_local_time,-0.06103653362421021,0.06726991247312837,0.20080212246726753
25,latitude,-0.04629352345479549,0.06726905579413829,0.1778374551325596
45,msl,-0.05391673108067926,0.06721777206230403,0.2129257500967018
30,latitude,-0.054025460629341514,0.06718828580549892,0.18969490400006825
47,sin_local_time,-0.05825501235890187,0.06714272947327515,0.21939522246883164
41,sin_longitude,0.021440113268457628,0.06710582246355849,0.2752383052368947
49,sin_longitude,0.017560854196513247,0.06709189111436684,0.2072483575243093
16,v850,-0.056785835911423464,0.06705691609290658,0.21065093563993664
29,msl,-0.010813417916993594,0.06663147382107985,0.19056071851337558
26,q850,0.052534980848426546,0.06643600406441998,0.23532048643773062
39,v850,-0.06590529484645746,0.06636782975943473,0.15242993783708664
32,fractional_lsm,0.013955738801768766,0.06613717428388984,0.23678262350566157
40,z500,0.03977117810779051,0.06606710147203368,0.21876742346526876
48,cos_longitude,0.01840718092820567,0.06591875927384534,0.18039855888412637
39,2t,-0.04478381322443602,0.06590041167533298,0.21890861537588335
8,t850,-0.06373832407103447,0.06569187459697923,0.2353936821848109
12,fractional_lsm,0.027483000942377055,0.06564799198127076,0.2024018153094181
28,sin_local_time,0.05923021226827553,0.06553901399697279,0.17912540664838672
3,msl,-0.04637711196887298,0.06545288913221495,0.20433947348717807
36,cos_local_time,-0.06115731127745385,0.06545221523500654,0.21761785895044733
21,msl,0.027928941149741975,0.0653680363965948,0.22138947264708406
38,fractional_lsm,-0.03276343698577356,0.06530510034811957,0.19582779100370293
47,msl,0.031733224236078515,0.06530054243545921,0.17775257683568804
38,binary_land,-0.036114230423100274,0.06520463265918922,0.19735084219336343
38,2t,0.0479361907715256,0.06517468223200906,0.22480211839858616
32,binary_land,0.013119219565896513,0.06503787178161703,0.23053002780272008
12,binary_land,0.026272922531187296,0.06465410265767052,0.19964917030386198
13,latitude,0.03897106871395402,0.06454396215992055,0.18700311743496933
47,z500,0.049462561768623646,0.06427865964671416,0.1968992180265962
28,elevation,0.055900691199364985,0.06423171951692452,0.17074839076841253
48,cos_local_time,0.059347345025896114,0.06417841847979788,0.2109837811013147
10,fractional_lsm,0.031231657525478594,0.06409908130818096,0.2162611241404721
29,sin_local_time,-0.0091131610102794,0.06382888268052576,0.18241552536495134
10,binary_land,0.030627756161522638,0.06379879388447278,0.2136623181148616
6,t850,-0.02463523445025872,0.06379150068122857,0.2188018018806006
45,latitude,0.017027548681188526,0.06359379923972397,0.214611123860416
44,q850,-0.04700336538688493,0.06331387447737306,0.18331282615312547
32,msl,0.004345482329428299,0.06280700511989236,0.21228306566121047
20,fractional_lsm,-0.03141614323469791,0.06269442873156167,0.20257760675961137
42,u850,0.03225494938215422,0.06251093242687084,0.21523423057601657
18,t850,0.030388459866050266,0.062196687585628296,0.24764567057239226
2,v850,0.059739342444842095,0.06218934646064339,0.16580225304630408
20,binary_land,-0.03253194496463701,0.06203255182059626,0.19908237136839183
17,2t,0.05565341094810432,0.062015004732782784,0.19423249477853935
6,cos_longitude,-0.002719852887663663,0.061738649258162207,0.24963744995628576
22,z500,-0.05184968356699527,0.061736485452493405,0.16822901543176974
3,sin_longitude,0.05375855067792014,0.06166140417598135,0.19940007083564595
33,fractional_lsm,0.05034597643634022,0.06158286035382695,0.17294197234614034
37,sin_local_time,0.05010672065009088,0.06139275401965752,0.25501206087846084
33,binary_land,0.049618583299533676,0.06107894514034292,0.17126395695000526
6,u850,0.05260035584630844,0.06079641630509239,0.2028463838731747
39,t850,-0.02505713213766588,0.06053328112946215,0.1976531710310037
43,elevation,-0.05628755775872568,0.06048395446492205,0.1649647046554875
33,u850,-0.04964837794625491,0.06044265095568828,0.22077342064296557
43,q850,0.021444114986415543,0.060208977967200566,0.197517043187075
14,u850,-0.02460736113400768,0.06015272658954813,0.23169141475288907
37,2t,-0.053149901267273966,0.060151384895223765,0.2329452774947511
20,sin_local_time,-0.05349484371928235,0.06008807720330351,0.20811121924402626
38,t850,0.04011328319291921,0.05999548932821359,0.2218969474951908
17,z500,-0.04806233358458372,0.059678313689530416,0.20233810807675834
37,z500,-0.057389682175379014,0.0596770917299128,0.18719319928407357
28,cos_local_time,-0.028793603933154218,0.05956111880545933,0.2076420070065384
34,fractional_lsm,-0.008430212595559707,0.05955621806505532,0.15506492465245572
11,cos_local_time,0.027093694582375722,0.059531558576388637,0.21119496159130038
29,q850,0.00854737030357776,0.059463732581322815,0.2109913022053718
47,cos_local_time,0.04718730924511598,0.05943126815307674,0.21290966606726036
22,2t,-0.04649995582752207,0.05942613049846139,0.17067032871368829
18,cos_local_time,-0.03711773763767815,0.05935308562261492,0.18549135175013468
20,cos_longitude,-0.02508344663277828,0.05917432858740795,0.2153309088264939
39,fractional_lsm,0.05397329074839344,0.0590618824118176,0.20091387360669946
39,binary_land,0.05381531762455249,0.05876306939546781,0.19885300579675072
19,cos_local_time,0.031984700751843696,0.058709624508344445,0.22927010328172615
23,2t,0.04721834790058272,0.05833381311627935,0.18989058569334255
41,u850,-0.033012085979144484,0.05824790435315573,0.19733521917887448
19,msl,0.05555779475187268,0.0581770753390354,0.18596894297816716
42,msl,-0.019852144959637934,0.05815086158494979,0.1866879547153363
34,binary_land,-0.008469692259350212,0.057896990977396354,0.15075330752249136
21,v850,-0.05536258920445189,0.05776209051548932,0.17699323180959992
47,2t,0.04772369052528671,0.05774410085671147,0.2034844445954626
23,z500,-0.048199019937078105,0.05771811829706082,0.17712968019987113
47,fractional_lsm,0.02854967114433765,0.05767054034315386,0.18075543486496226
47,cos_longitude,-0.017498371316102646,0.057670496459003344,0.17958893409089516
50,sin_local_time,0.0562751402910942,0.05758512710925766,0.17234692501442866
41,sin_local_time,-0.01676341460651935,0.05729405417237192,0.215869678397096
13,u850,-0.02688784120505796,0.057226537921246746,0.20011050369543823
19,u850,0.04555349360460183,0.05700740254352604,0.19686892982312365
19,q850,0.03809973245713051,0.05690588817612026,0.20329892633216004
48,sin_local_time,-0.05075824983111098,0.056693472695771074,0.17699936675806946
47,t850,0.044693598698507586,0.0565212253581855,0.2176362686943005
28,cos_longitude,0.018135456563045056,0.056518512023701346,0.17912540487868786
44,z500,-0.021574439073435262,0.05643747807673726,0.17577604951145206
37,cos_longitude,-0.03921713639430007,0.05640910442334746,0.2037878488452707
45,sin_longitude,0.014267497627045224,0.05639378092618569,0.21385729625476352
37,q850,-0.005746351301565218,0.05626440738526734,0.1590808198060026
38,z500,0.03779649587488992,0.0562499530217129,0.18606999768319749
46,v850,0.05428007977605302,0.056189620056353896,0.17762041657233635
37,fractional_lsm,0.008992355980087338,0.056157273422487594,0.16787642527474222
37,binary_land,0.012961082918015194,0.056082231700575046,0.16892811518288756
39,msl,0.040539346266912246,0.056080637079279815,0.21706456449364236
32,elevation,-0.0342257395484868,0.05597081931200198,0.16158697522956372
39,q850,-0.03378840804756577,0.05594133752113285,0.18623438250044094
23,t850,-0.028291288266545846,0.055673596202371174,0.16804564603048608
47,binary_land,0.026223974850775943,0.055661254758085255,0.1752634032455586
39,latitude,-0.030855397222153257,0.05558381008906697,0.14952977337548343
38,elevation,-0.05487604457862241,0.05540874881534727,0.1636885039531768
28,q850,0.03440945091915179,0.05535874067408735,0.18255222796660642
33,cos_local_time,0.03462906488060079,0.05526889272505059,0.19905475460804323
41,msl,0.015825828326892315,0.05511617776840346,0.17788837623156842
35,sin_longitude,0.04780069649721032,0.055021246487086846,0.20877928669596318
48,sin_longitude,0.034389563762305446,0.054953131279796286,0.2109837693348034
11,cos_longitude,-0.004131847353783164,0.05495152591668183,0.1728935570084023
30,z500,-0.04649895767891692,0.05492473104159618,0.2224311882697343
15,sin_longitude,-0.014024339269164642,0.05489750671274686,0.15760625586786128
16,latitude,0.0019317383386271323,0.054853942031312455,0.17971817463177525
31,latitude,0.03887017025539287,0.05478205322941107,0.1479108576135837
6,cos_local_time,-0.034976048828964504,0.05467084283054804,0.2195265399613428
40,2t,0.03576056040553853,0.05429198683658758,0.20891083315472952
22,msl,-0.04960245800482805,0.05428052281469945,0.16125786143634005
6,q850,-0.04143144642675118,0.054176056031318774,0.18873025688161263
34,u850,0.04322543878862188,0.0541484047447576,0.22247529001096428
49,v850,-0.052984843903083854,0.05403297935670355,0.14887245338625144
19,fractional_lsm,-0.0066084982468894255,0.05399430855196188,0.17869983462629982
19,elevation,-0.0455561739407528,0.053929416627914714,0.17059464934598423
22,t850,-0.04052556396165601,0.05382199499554513,0.16639955278246402
24,fractional_lsm,0.0385454455803312,0.05376479710891767,0.1803601351064522
35,sin_local_time,-0.004879848141289718,0.05373822119775162,0.20877928246675997
39,z500,-0.009854369053421136,0.05371005747585837,0.1968045425582567
29,t850,-0.0017324250904078766,0.053588638062358536,0.19343977613580216
8,cos_local_time,0.036725213872096284,0.053546456288160064,0.1956717494981395
3,cos_local_time,-0.03640413628196795,0.053486945730544334,0.21876801339089982
24,binary_land,0.038566423492802024,0.05342653129315718,0.18005402673941687
15,cos_local_time,0.03637253389825922,0.05341649061557912,0.1591755846396831
21,2t,0.0010788814453674043,0.05341178076600281,0.20189489922728504
36,elevation,-0.041510596529166895,0.053366279845497216,0.18787767735936758
24,elevation,0.04629520421787998,0.05319532607568528,0.14510359252012556
49,msl,-0.024158093742193135,0.053056425391521604,0.17167462535457673
37,t850,-0.03563251829399862,0.053016577184591726,0.2119986356617709
31,q850,-0.02752700169837063,0.05289232391227839,0.21781935223738746
5,v850,0.050239283428252374,0.05247462359083304,0.1789723622715917
45,cos_local_time,0.03314332223911778,0.05239070133296682,0.18692108797024065
19,binary_land,-0.0034139936845759325,0.05238257846190395,0.1785356461018699
45,sin_local_time,0.02436733246905592,0.052263573447981194,0.2138573001036632
2,2t,-0.04481926106266667,0.05225548643481891,0.1988980495136128
29,2t,-0.008990742469643395,0.05193308177409258,0.18109851275189442
41,q850,-0.008829913754748701,0.051367678038997076,0.18496392242200968
23,cos_local_time,0.04327498342703021,0.05125510385035154,0.17522473581970424
40,q850,-0.014470177204161048,0.05106631177992561,0.15303537194902977
2,cos_longitude,0.041980832600671605,0.051019079718105445,0.18746828872816226
20,msl,0.035605666735899856,0.05090072588130474,0.16558306333411216
23,u850,0.036228580599824464,0.050592865908115604,0.19340292996918448
35,cos_local_time,-0.016904862379756396,0.050567329158936636,0.16694715897235865
43,fractional_lsm,0.010559968995378819,0.05032575374681123,0.18131958504516874
34,latitude,-0.02548197473132406,0.05020011011167324,0.20748137212553827
45,fractional_lsm,-0.03662290828262261,0.049854924036103324,0.16815990497556343
22,elevation,0.04857978760407983,0.04978310917864565,0.1407353959921434
43,binary_land,0.012766303553516996,0.049718324800093916,0.18041719556505226
3,sin_local_time,0.003815536812840885,0.04943097001157314,0.19625201864443398
47,v850,0.04830974746864914,0.049420071954558595,0.13099610795463873
22,q850,-0.0070425661246105485,0.049389531894456794,0.16996954926039504
35,cos_longitude,-0.04063058239396062,0.04928430201044333,0.17011041219406994
45,binary_land,-0.036464186053282104,0.049258062846972504,0.16739384901045273
34,cos_local_time,0.002368574775996839,0.04881435482958384,0.2126679225760133
49,cos_longitude,-0.0034690462196388105,0.04879613698584707,0.19066461557181474
35,binary_land,0.033105208516905224,0.04859499326125097,0.1646839178157182
28,u850,-0.028347777447382684,0.0483585982507634,0.21112003512228503
35,fractional_lsm,0.03140755881038793,0.04832992114891721,0.16647310395340922
45,cos_longitude,0.014425737962066877,0.04826049455707658,0.2004280983674911
46,u850,-0.01618527819276979,0.04810336757280752,0.17544206580958135
41,fractional_lsm,0.009716435057301773,0.048059546961029244,0.16783268607403556
50,cos_longitude,0.021432465114437138,0.04796628620225329,0.1723469204898492
49,sin_local_time,-0.03525271767413957,0.047755985140784656,0.18253883374311208
22,sin_longitude,0.035046099515815034,0.047698989411998106,0.17710511556182268
41,binary_land,0.011462762989136418,0.04752343922490674,0.164409608012043
49,fractional_lsm,-0.039738952795181436,0.047411131434751896,0.14913104755693474
29,z500,-0.016203459252150446,0.04722186890863022,0.15441300645291986
25,fractional_lsm,-0.027887399176411434,0.047142421161877106,0.19041133203076435
49,binary_land,-0.039973299000982676,0.04710776201742686,0.14656065292268097
22,cos_local_time,-0.00743719675460448,0.0470946662434576,0.1771051214244212
20,u850,-0.00818647557828396,0.04692442723076466,0.18507071545717751
12,cos_longitude,0.009330710438144355,0.04692267265634628,0.19864379327488477
36,u850,-0.03137643387019369,0.04689101358315005,0.18115557031085044
22,latitude,0.013665833380352283,0.04683727765839001,0.14127712701985873
31,t850,-0.035611881346572984,0.04681464061776538,0.16571526923759836
33,elevation,0.04407245815653654,0.04674778737325062,0.1497676657180249
46,cos_local_time,0.0026657710097587922,0.04672625169846884,0.15549133587315542
11,u850,0.03030412345709783,0.04644299227119708,0.1993521078491732
41,elevation,0.04244888308227341,0.0461064931882358,0.1474707449701626
25,binary_land,-0.025178658833052703,0.04604805840565254,0.1843887580440995
42,v850,-0.031240027048632626,0.04595292526955162,0.15736148937271865
35,u850,0.03692076852809523,0.04590420798641648,0.20007652239252946
44,u850,0.03322960180776287,0.04519003559417625,0.16808869131467952
26,fractional_lsm,0.014354684840730407,0.045186480670393846,0.14984693361687285
31,2t,-0.03314792798018669,0.04514664007817235,0.14685763163726254
37,elevation,-0.03616689397996469,0.045143989627561304,0.14572420222303534
38,u850,-0.01869330643560408,0.04508283041839093,0.16812832530407057
8,msl,0.01205311779325425,0.04487437995242044,0.1787165540147876
31,u850,-0.021497939923780986,0.04477954314883524,0.19469553957656288
26,binary_land,0.013385066698308617,0.04476751175272199,0.14674314649202372
11,fractional_lsm,0.025746715456119666,0.04461437414410555,0.17706214028713468
29,v850,-0.036736296798487916,0.04428033988020616,0.136952636012318
47,latitude,0.00258673023444116,0.04405625565401226,0.1374715964675036
42,elevation,-0.04334417839543171,0.043851600511301596,0.12310287561679359
11,msl,0.013009324929605786,0.04371283068523976,0.21000883634044223
11,binary_land,0.02479584464349473,0.04358562693387651,0.17566021256438252
40,elevation,-0.031111720553329444,0.043579554238131035,0.17580461835151728
38,cos_local_time,-0.005763647529656383,0.04351174866146671,0.1455358013291161
4,v850,-0.04049864516736552,0.04350060761740246,0.13370368489294163
2,latitude,-0.02924747424517026,0.043448882632821643,0.15468608812290136
3,elevation,0.020798620616260786,0.04344824881990081,0.1300067075584646
48,z500,-0.03440113171597583,0.043438905220068276,0.14833560988888825
29,u850,-0.026203777398165498,0.04342948243070901,0.164361882790718
32,v850,0.021275769972919363,0.04319710089989295,0.16010202033471352
5,sin_longitude,-0.00019380284531798745,0.04297726947576917,0.18120308133185836
33,v850,0.03789477369222525,0.042867920210732775,0.1540253628281745
9,msl,-0.021881739292617858,0.042753419173117126,0.16392307573360895
38,q850,-0.019587465666191968,0.042568205683904646,0.18192538235784664
23,fractional_lsm,-0.03179320294095981,0.04253631202374892,0.16319498118321024
24,u850,-0.009286253230035046,0.04241896854258667,0.1747237444092085
25,u850,0.013569550569886402,0.042185515856622086,0.16344401437872585
40,u850,-0.02485560766891284,0.04167581432936747,0.1891482509745013
47,u850,-0.009738312908395573,0.04163468753668038,0.1604633731135648
3,v850,0.023048302221575726,0.04159723369339688,0.11732932155652727
4,cos_longitude,-0.0076322125559706334,0.041585339348873276,0.1440495451087666
23,binary_land,-0.03041279242056534,0.04146408874541591,0.15906608616780357
22,sin_local_time,0.035251188788017085,0.041275472099400475,0.15222633161603089
3,cos_longitude,0.010957849503544666,0.041256511688801206,0.2187680160836401
9,elevation,-0.01653670498353616,0.041240213777949584,0.14818087622240053
17,t850,-0.0037692254351840743,0.0407560412644126,0.13698649830403117
22,cos_longitude,-0.014633703110245628,0.040671151551208574,0.1539488763190414
50,sin_longitude,-0.00038672080826046773,0.04065950607291892,0.12891161751242095
4,fractional_lsm,-0.029454595214530428,0.04046525553348105,0.13394803516495732
39,sin_longitude,0.0011728336297546881,0.04045338883917364,0.14765884668831972
39,cos_local_time,0.03089651828891508,0.0403854058162132,0.147658845012299
50,u850,-0.0022292783053267005,0.040297088077601025,0.1394159767339164
3,latitude,-0.004273887915605076,0.039847158704814006,0.1319223093591735
49,elevation,-0.03389082053438641,0.0396402268006643,0.11452753192801501
4,binary_land,-0.027430424510485548,0.03950812230252881,0.13039931985423917
45,elevation,-0.02911440153068418,0.0394997464591577,0.11478195680199002
37,v850,-0.028894300031284723,0.03942523012364955,0.17227207483837975
44,sin_longitude,-0.015253690622456734,0.03918484849645924,0.15727896818905993
14,cos_local_time,0.026414901659236018,0.03916892467925329,0.16656205726797654
44,fractional_lsm,0.023916607073745103,0.039165155041171566,0.15410583747854992
44,sin_local_time,0.027362154782164493,0.03908340002232972,0.1748932562739033
32,u850,0.011101484315491478,0.038961560376064214,0.14388743674924223
44,binary_land,0.024475073098436897,0.03890131192693684,0.15260995440699218
38,v850,0.034667503168943924,0.038861042515810185,0.1364551326697135
50,fractional_lsm,-0.016296144053870205,0.038414314127982616,0.14666330725255208
20,v850,0.03503428263745976,0.03841062271843004,0.15941885988554136
50,binary_land,-0.017186424553286027,0.038338839728106484,0.14452846245377413
43,cos_local_time,-0.021937431523275656,0.03832624308280724,0.1722943924309081
31,z500,-0.023386651093140427,0.03821560081424602,0.12465377166508836
44,cos_local_time,-0.006637128487473349,0.038163126948321795,0.1572789710359113
44,cos_longitude,0.004732546161082206,0.038061677072650034,0.17489325423717375
45,v850,-0.021477317389420398,0.037734528455393504,0.1127689485260133
47,elevation,0.010010562919519928,0.0376681072163481,0.1185890692756275
39,sin_local_time,0.01761011951417481,0.0375111569433686,0.14104611395156802
39,cos_longitude,0.013887319874698588,0.03744317303562297,0.1342877230598642
46,elevation,0.0320503860573695,0.03735612836482586,0.1191873666858407
48,u850,0.020489848486743137,0.037276983683896564,0.1533508949417425
37,u850,-0.014723383284605958,0.036936330290351656,0.14557538620491844
43,sin_longitude,0.006087663771026412,0.03685474176645152,0.1722943947059786
21,u850,-0.007730095548130071,0.036323330677566004,0.14285093060013243
19,latitude,0.02760611207845075,0.03630275119493427,0.12921058814866915
22,fractional_lsm,-0.018958671706641037,0.03553753659174106,0.1387340589559407
30,u850,-0.0053938838166661006,0.0352850060674752,0.1435041633780623
17,v850,0.007324218431676786,0.03512378180533102,0.14153069542286237
50,elevation,0.027522906214322573,0.035072637955574186,0.14119289174411767
48,q850,0.005723348135945737,0.034991892111809274,0.13635328593215804
22,binary_land,-0.018712915783830494,0.03492073161827125,0.1369509764834181
44,v850,0.018555976122448338,0.03483596758021086,0.14469841943905995
26,u850,0.013082199086067208,0.03411370385002654,0.1814804427972472
43,v850,-0.0021636836351124388,0.0339435186517605,0.13006229125795743
48,latitude,-0.021543983304345714,0.033247916585346385,0.12673351096084137
14,msl,-0.010589365142541352,0.03323857426921208,0.12868237468952334
31,elevation,-0.026448605697597983,0.033001492979790194,0.11131935887719482
40,v850,-0.016990952395336198,0.03284088211096593,0.1269948209021114
7,v850,0.01577542778614146,0.03271865192183632,0.14879015056159992
43,u850,-0.018024598451906616,0.032641690715470004,0.14076808851446632
19,v850,0.01982806630465784,0.03249537689167109,0.14923907337148828
30,t850,-0.0021318972182606177,0.03230935046259839,0.16214298576910577
27,v850,0.01876126198853087,0.0323018292313934,0.11585707494803112
31,msl,0.018737039799289916,0.03211824204691474,0.15952555864175247
43,cos_longitude,0.018184193041206317,0.031957296525326084,0.1223835821483434
10,elevation,0.009758990369619622,0.03148145110717153,0.12577768898403718
34,elevation,-0.0053024332949168865,0.031148257631750505,0.11699300368984661
50,cos_local_time,-0.009987878055619806,0.031040667572691413,0.12055881973061305
30,2t,-0.013380245929790964,0.030578659176705422,0.15574811238791647
39,elevation,0.02514716390110391,0.030574341492781484,0.1383296978123116
43,sin_local_time,0.00276472983597429,0.0304857945248007,0.13005007585159903
48,binary_land,-0.02356108981984752,0.029988505589069937,0.11200426338352802
1,v850,0.016026857795590706,0.02987629809534267,0.13013444280137226
48,fractional_lsm,-0.022320358400725236,0.029618047989435216,0.1129643587057792
34,v850,-0.0003782124652241847,0.029506850811332253,0.11152140298533339
30,v850,-0.009852385106763603,0.028798950308751556,0.1371565926193092
48,t850,0.003940858055331065,0.028677791771307984,0.11557566754008645
36,v850,0.018395530534664015,0.028345260229523325,0.11918681134224221
26,elevation,0.020361465693126798,0.02757559399076097,0.10727852052808189
48,2t,1.3573578333618154e-05,0.02688266315842863,0.11619323260336877
8,v850,0.013299610202594018,0.026686790354898092,0.10137849273819269
35,elevation,0.007982638470804385,0.026658349838933733,0.09904701313391429
31,v850,-0.0008441580797179273,0.02616844998332802,0.11362829927511496
14,v850,-0.001562398721204047,0.026104612636946023,0.10625682242886203
50,v850,-0.010737183098376128,0.025014027967883563,0.10273484046712471
41,v850,0.009271799147883718,0.024321203356507504,0.09249528821563999
48,v850,-0.00554332485691733,0.023455997118851775,0.08927161107537113
48,elevation,-0.0004016147313597622,0.017242856391244066,0.07777724119799555
