PC,pc_summary,seasonal_feature,correlation,abs_correlation
1,global_mean_score,sin_year,-0.008954833082834167,0.008954833082834167
1,global_mean_score,cos_year,-0.36156508002271504,0.36156508002271504
1,global_mean_score,sin_day,0.11824153158753839,0.11824153158753839
1,global_mean_score,cos_day,-0.09276946243340335,0.09276946243340335
1,global_mean_score,month,0.019907338205410584,0.019907338205410584
1,global_mean_score,dayofyear,0.016581551621975697,0.016581551621975697
1,global_mean_score,hour,0.3570529360076942,0.3570529360076942
1,global_absmean_score,sin_year,0.3545613472681146,0.3545613472681146
1,global_absmean_score,cos_year,0.29582352899968134,0.29582352899968134
1,global_absmean_score,sin_day,-0.04534988578577447,0.04534988578577447
1,global_absmean_score,cos_day,0.04047648992215717,0.04047648992215717
1,global_absmean_score,month,-0.17161421726636866,0.17161421726636866
1,global_absmean_score,dayofyear,-0.17301175206290584,0.17301175206290584
1,global_absmean_score,hour,0.2789502972889072,0.2789502972889072
1,global_std_score,sin_year,0.3347816265021411,0.3347816265021411
1,global_std_score,cos_year,0.39451930036411575,0.39451930036411575
1,global_std_score,sin_day,-0.09391765543006322,0.09391765543006322
1,global_std_score,cos_day,0.041953974289685995,0.041953974289685995
1,global_std_score,month,-0.15728449053518248,0.15728449053518248
1,global_std_score,dayofyear,-0.15647466214453423,0.15647466214453423
1,global_std_score,hour,0.28856024035827427,0.28856024035827427
2,global_mean_score,sin_year,-0.20526427784086948,0.20526427784086948
2,global_mean_score,cos_year,0.43190211194340217,0.43190211194340217
2,global_mean_score,sin_day,-0.009459651890848528,0.009459651890848528
2,global_mean_score,cos_day,0.0007413124475159585,0.0007413124475159585
2,global_mean_score,month,0.07467466318227539,0.07467466318227539
2,global_mean_score,dayofyear,0.07639676262701363,0.07639676262701363
2,global_mean_score,hour,-0.249079065680512,0.249079065680512
2,global_absmean_score,sin_year,-0.4443808633560592,0.4443808633560592
2,global_absmean_score,cos_year,0.14486202587256983,0.14486202587256983
2,global_absmean_score,sin_day,-0.05854046046798043,0.05854046046798043
2,global_absmean_score,cos_day,-0.006673910096686872,0.006673910096686872
2,global_absmean_score,month,0.34296138916126395,0.34296138916126395
2,global_absmean_score,dayofyear,0.343366319180994,0.343366319180994
2,global_absmean_score,hour,0.40029012635831374,0.40029012635831374
2,global_std_score,sin_year,-0.41805051285110295,0.41805051285110295
2,global_std_score,cos_year,0.21532392046911406,0.21532392046911406
2,global_std_score,sin_day,-0.05544774457971822,0.05544774457971822
2,global_std_score,cos_day,-0.0020763136260657745,0.0020763136260657745
2,global_std_score,month,0.3333181385063338,0.3333181385063338
2,global_std_score,dayofyear,0.3339074381974665,0.3339074381974665
2,global_std_score,hour,0.3958560448942026,0.3958560448942026
3,global_mean_score,sin_year,0.016094706307843223,0.016094706307843223
3,global_mean_score,cos_year,0.05654292844627026,0.05654292844627026
3,global_mean_score,sin_day,-0.09582801228724665,0.09582801228724665
3,global_mean_score,cos_day,0.08076641364303284,0.08076641364303284
3,global_mean_score,month,0.0021792969109919952,0.0021792969109919952
3,global_mean_score,dayofyear,0.0010744315837873187,0.0010744315837873187
3,global_mean_score,hour,0.4320737904587875,0.4320737904587875
3,global_absmean_score,sin_year,-0.2459362650185268,0.2459362650185268
3,global_absmean_score,cos_year,-0.3008952034159614,0.3008952034159614
3,global_absmean_score,sin_day,-0.22313816820894658,0.22313816820894658
3,global_absmean_score,cos_day,0.15646957488293586,0.15646957488293586
3,global_absmean_score,month,0.3106617408581922,0.3106617408581922
3,global_absmean_score,dayofyear,0.30599235474882014,0.30599235474882014
3,global_absmean_score,hour,0.22507892768601276,0.22507892768601276
3,global_std_score,sin_year,-0.298429980942858,0.298429980942858
3,global_std_score,cos_year,-0.36154623978873024,0.36154623978873024
3,global_std_score,sin_day,-0.22236913724217025,0.22236913724217025
3,global_std_score,cos_day,0.18895009552394249,0.18895009552394249
3,global_std_score,month,0.3385714833011119,0.3385714833011119
3,global_std_score,dayofyear,0.333090154212388,0.333090154212388
3,global_std_score,hour,0.1824232317107609,0.1824232317107609
4,global_mean_score,sin_year,-0.49205135013151025,0.49205135013151025
4,global_mean_score,cos_year,-0.7952220916215376,0.7952220916215376
4,global_mean_score,sin_day,-0.14516181518938526,0.14516181518938526
4,global_mean_score,cos_day,0.07408957329721551,0.07408957329721551
4,global_mean_score,month,0.4071877508138959,0.4071877508138959
4,global_mean_score,dayofyear,0.40336147139480394,0.40336147139480394
4,global_mean_score,hour,0.15689199227185283,0.15689199227185283
4,global_absmean_score,sin_year,-0.19753623434774567,0.19753623434774567
4,global_absmean_score,cos_year,-0.8839600315330204,0.8839600315330204
4,global_absmean_score,sin_day,0.0008613225895120142,0.0008613225895120142
4,global_absmean_score,cos_day,0.013533197856512016,0.013533197856512016
4,global_absmean_score,month,0.15556636736418822,0.15556636736418822
4,global_absmean_score,dayofyear,0.1527552435037145,0.1527552435037145
4,global_absmean_score,hour,-0.040563074202814284,0.040563074202814284
4,global_std_score,sin_year,-0.17000426323760676,0.17000426323760676
4,global_std_score,cos_year,-0.8832171805080572,0.8832171805080572
4,global_std_score,sin_day,0.004773267230481164,0.004773267230481164
4,global_std_score,cos_day,0.012750022573254062,0.012750022573254062
4,global_std_score,month,0.15781592292636354,0.15781592292636354
4,global_std_score,dayofyear,0.15507169161368387,0.15507169161368387
4,global_std_score,hour,-0.058846458794994276,0.058846458794994276
5,global_mean_score,sin_year,0.12087535791282299,0.12087535791282299
5,global_mean_score,cos_year,0.519443045921226,0.519443045921226
5,global_mean_score,sin_day,0.12948510356511217,0.12948510356511217
5,global_mean_score,cos_day,-0.14426985497139042,0.14426985497139042
5,global_mean_score,month,-0.14434168372857048,0.14434168372857048
5,global_mean_score,dayofyear,-0.15203890318689603,0.15203890318689603
5,global_mean_score,hour,-0.09724779567982475,0.09724779567982475
5,global_absmean_score,sin_year,0.5694496067907192,0.5694496067907192
5,global_absmean_score,cos_year,0.7119872071710659,0.7119872071710659
5,global_absmean_score,sin_day,-0.0068938415020122915,0.0068938415020122915
5,global_absmean_score,cos_day,0.08180428487290657,0.08180428487290657
5,global_absmean_score,month,-0.49172601691022366,0.49172601691022366
5,global_absmean_score,dayofyear,-0.4929232183625026,0.4929232183625026
5,global_absmean_score,hour,-0.04398023958031144,0.04398023958031144
5,global_std_score,sin_year,0.5430268693793044,0.5430268693793044
5,global_std_score,cos_year,0.7149293381101011,0.7149293381101011
5,global_std_score,sin_day,0.010762491289745322,0.010762491289745322
5,global_std_score,cos_day,0.0877778048577376,0.0877778048577376
5,global_std_score,month,-0.46578418224202583,0.46578418224202583
5,global_std_score,dayofyear,-0.46756318119232204,0.46756318119232204
5,global_std_score,hour,-0.0704982311352448,0.0704982311352448
6,global_mean_score,sin_year,-0.18098357897110393,0.18098357897110393
6,global_mean_score,cos_year,-0.24965078826203974,0.24965078826203974
6,global_mean_score,sin_day,0.36762373232902823,0.36762373232902823
6,global_mean_score,cos_day,0.02166362583573065,0.02166362583573065
6,global_mean_score,month,0.17412948310385193,0.17412948310385193
6,global_mean_score,dayofyear,0.17439512209299374,0.17439512209299374
6,global_mean_score,hour,-0.5892425406926618,0.5892425406926618
6,global_absmean_score,sin_year,-0.4602082510547727,0.4602082510547727
6,global_absmean_score,cos_year,-0.5309290843721404,0.5309290843721404
6,global_absmean_score,sin_day,0.021576545655427076,0.021576545655427076
6,global_absmean_score,cos_day,0.03640156867912146,0.03640156867912146
6,global_absmean_score,month,0.44241872356290074,0.44241872356290074
6,global_absmean_score,dayofyear,0.44515053814776856,0.44515053814776856
6,global_absmean_score,hour,-0.0022577500430951076,0.0022577500430951076
6,global_std_score,sin_year,-0.49223220893469344,0.49223220893469344
6,global_std_score,cos_year,-0.5480539703301186,0.5480539703301186
6,global_std_score,sin_day,0.05789568483065274,0.05789568483065274
6,global_std_score,cos_day,0.040172877801644406,0.040172877801644406
6,global_std_score,month,0.47389739661802904,0.47389739661802904
6,global_std_score,dayofyear,0.47565282310914486,0.47565282310914486
6,global_std_score,hour,-0.07974824531251386,0.07974824531251386
7,global_mean_score,sin_year,0.02013364101335115,0.02013364101335115
7,global_mean_score,cos_year,-0.5244794737268356,0.5244794737268356
7,global_mean_score,sin_day,0.3191108166376412,0.3191108166376412
7,global_mean_score,cos_day,-0.05941933426036729,0.05941933426036729
7,global_mean_score,month,0.05535894125163619,0.05535894125163619
7,global_mean_score,dayofyear,0.056987766070638296,0.056987766070638296
7,global_mean_score,hour,-0.49450509779791263,0.49450509779791263
7,global_absmean_score,sin_year,-0.34308060525090195,0.34308060525090195
7,global_absmean_score,cos_year,0.4870718491100649,0.4870718491100649
7,global_absmean_score,sin_day,0.5681067819756034,0.5681067819756034
7,global_absmean_score,cos_day,0.090909931870024,0.090909931870024
7,global_absmean_score,month,0.30362077190643794,0.30362077190643794
7,global_absmean_score,dayofyear,0.2986668703117403,0.2986668703117403
7,global_absmean_score,hour,-0.4254733376193161,0.4254733376193161
7,global_std_score,sin_year,-0.37471791539929455,0.37471791539929455
7,global_std_score,cos_year,0.3695379954564799,0.3695379954564799
7,global_std_score,sin_day,0.6621087039939803,0.6621087039939803
7,global_std_score,cos_day,0.10394288597304858,0.10394288597304858
7,global_std_score,month,0.3612732316549184,0.3612732316549184
7,global_std_score,dayofyear,0.35720966932097314,0.35720966932097314
7,global_std_score,hour,-0.5279248366914885,0.5279248366914885
8,global_mean_score,sin_year,0.6125871264690128,0.6125871264690128
8,global_mean_score,cos_year,0.47667921904825195,0.47667921904825195
8,global_mean_score,sin_day,-0.017472202116547268,0.017472202116547268
8,global_mean_score,cos_day,0.22322081197211,0.22322081197211
8,global_mean_score,month,-0.5481985236470285,0.5481985236470285
8,global_mean_score,dayofyear,-0.544954894919381,0.544954894919381
8,global_mean_score,hour,-0.13859659217224904,0.13859659217224904
8,global_absmean_score,sin_year,-0.18049358252450942,0.18049358252450942
8,global_absmean_score,cos_year,-0.5736558956478249,0.5736558956478249
8,global_absmean_score,sin_day,0.21279898504819192,0.21279898504819192
8,global_absmean_score,cos_day,-0.15365798331939257,0.15365798331939257
8,global_absmean_score,month,0.11458703499808824,0.11458703499808824
8,global_absmean_score,dayofyear,0.1119986485253992,0.1119986485253992
8,global_absmean_score,hour,-0.13577503258566836,0.13577503258566836
8,global_std_score,sin_year,-0.056988573366156946,0.056988573366156946
8,global_std_score,cos_year,-0.46530563541559894,0.46530563541559894
8,global_std_score,sin_day,0.24193142180330787,0.24193142180330787
8,global_std_score,cos_day,-0.09639795531003137,0.09639795531003137
8,global_std_score,month,0.05102533394175733,0.05102533394175733
8,global_std_score,dayofyear,0.050220265806359264,0.050220265806359264
8,global_std_score,hour,-0.22537863975841949,0.22537863975841949
9,global_mean_score,sin_year,-0.4486253086916947,0.4486253086916947
9,global_mean_score,cos_year,-0.25556770034982607,0.25556770034982607
9,global_mean_score,sin_day,0.15573653444402366,0.15573653444402366
9,global_mean_score,cos_day,-0.0650229573020213,0.0650229573020213
9,global_mean_score,month,0.31540893230361694,0.31540893230361694
9,global_mean_score,dayofyear,0.31552602371768146,0.31552602371768146
9,global_mean_score,hour,-0.3748016832401536,0.3748016832401536
9,global_absmean_score,sin_year,0.3531340689281647,0.3531340689281647
9,global_absmean_score,cos_year,-0.09922130911117248,0.09922130911117248
9,global_absmean_score,sin_day,-0.1440625716791616,0.1440625716791616
9,global_absmean_score,cos_day,0.32472075614382273,0.32472075614382273
9,global_absmean_score,month,-0.32729329358670123,0.32729329358670123
9,global_absmean_score,dayofyear,-0.32224365516423004,0.32224365516423004
9,global_absmean_score,hour,-0.2806180709075174,0.2806180709075174
9,global_std_score,sin_year,0.3914923201145135,0.3914923201145135
9,global_std_score,cos_year,-0.06653520784806764,0.06653520784806764
9,global_std_score,sin_day,-0.12450901089001842,0.12450901089001842
9,global_std_score,cos_day,0.3348904112629307,0.3348904112629307
9,global_std_score,month,-0.3500134424924848,0.3500134424924848
9,global_std_score,dayofyear,-0.3447227836612086,0.3447227836612086
9,global_std_score,hour,-0.2700119272332507,0.2700119272332507
10,global_mean_score,sin_year,-0.10194251262446279,0.10194251262446279
10,global_mean_score,cos_year,-0.12552819352982358,0.12552819352982358
10,global_mean_score,sin_day,0.20773433205725664,0.20773433205725664
10,global_mean_score,cos_day,0.15244563055095747,0.15244563055095747
10,global_mean_score,month,0.026067475528227947,0.026067475528227947
10,global_mean_score,dayofyear,0.02431134359474018,0.02431134359474018
10,global_mean_score,hour,0.12677754090848461,0.12677754090848461
10,global_absmean_score,sin_year,0.03178768967694171,0.03178768967694171
10,global_absmean_score,cos_year,-0.06854418883723373,0.06854418883723373
10,global_absmean_score,sin_day,-0.1802714017869527,0.1802714017869527
10,global_absmean_score,cos_day,-0.13390085412164304,0.13390085412164304
10,global_absmean_score,month,-0.06337032178023926,0.06337032178023926
10,global_absmean_score,dayofyear,-0.05837442931106195,0.05837442931106195
10,global_absmean_score,hour,0.25301978401385705,0.25301978401385705
10,global_std_score,sin_year,-0.032381964663676356,0.032381964663676356
10,global_std_score,cos_year,-0.08775234680619219,0.08775234680619219
10,global_std_score,sin_day,-0.18706562349340064,0.18706562349340064
10,global_std_score,cos_day,-0.07529563797468043,0.07529563797468043
10,global_std_score,month,-0.021514861713733884,0.021514861713733884
10,global_std_score,dayofyear,-0.014307885024356266,0.014307885024356266
10,global_std_score,hour,0.1661672857050418,0.1661672857050418
11,global_mean_score,sin_year,-0.21856886897152572,0.21856886897152572
11,global_mean_score,cos_year,-0.5851114558522503,0.5851114558522503
11,global_mean_score,sin_day,0.014743970491434373,0.014743970491434373
11,global_mean_score,cos_day,-0.01195405924483892,0.01195405924483892
11,global_mean_score,month,0.2528672706984765,0.2528672706984765
11,global_mean_score,dayofyear,0.2511549354152704,0.2511549354152704
11,global_mean_score,hour,-0.2695183563139246,0.2695183563139246
11,global_absmean_score,sin_year,0.35933744475220614,0.35933744475220614
11,global_absmean_score,cos_year,0.5214072299127872,0.5214072299127872
11,global_absmean_score,sin_day,-0.03616711483227919,0.03616711483227919
11,global_absmean_score,cos_day,-0.08427191097058073,0.08427191097058073
11,global_absmean_score,month,-0.31850450428604654,0.31850450428604654
11,global_absmean_score,dayofyear,-0.31442624339634007,0.31442624339634007
11,global_absmean_score,hour,-0.03660452448264113,0.03660452448264113
11,global_std_score,sin_year,0.37332454254272895,0.37332454254272895
11,global_std_score,cos_year,0.5949686658502766,0.5949686658502766
11,global_std_score,sin_day,-0.01706207100059815,0.01706207100059815
11,global_std_score,cos_day,-0.03151749132344111,0.03151749132344111
11,global_std_score,month,-0.3113654595600708,0.3113654595600708
11,global_std_score,dayofyear,-0.307487055373015,0.307487055373015
11,global_std_score,hour,-0.04919069207235795,0.04919069207235795
12,global_mean_score,sin_year,0.077298595928415,0.077298595928415
12,global_mean_score,cos_year,-0.09927457293804799,0.09927457293804799
12,global_mean_score,sin_day,0.01269092262365105,0.01269092262365105
12,global_mean_score,cos_day,0.022449112337835815,0.022449112337835815
12,global_mean_score,month,0.06631972459148598,0.06631972459148598
12,global_mean_score,dayofyear,0.06766567275567958,0.06766567275567958
12,global_mean_score,hour,-0.4194777764161199,0.4194777764161199
12,global_absmean_score,sin_year,-0.10695044720587835,0.10695044720587835
12,global_absmean_score,cos_year,0.6407484888895663,0.6407484888895663
12,global_absmean_score,sin_day,0.02616316157163122,0.02616316157163122
12,global_absmean_score,cos_day,0.008197473270345704,0.008197473270345704
12,global_absmean_score,month,-0.008403971011754822,0.008403971011754822
12,global_absmean_score,dayofyear,-0.015864051845965493,0.015864051845965493
12,global_absmean_score,hour,0.14996095104234755,0.14996095104234755
12,global_std_score,sin_year,-0.14385003328254053,0.14385003328254053
12,global_std_score,cos_year,0.6590402416841675,0.6590402416841675
12,global_std_score,sin_day,0.026898057410055406,0.026898057410055406
12,global_std_score,cos_day,-0.002911877312329975,0.002911877312329975
12,global_std_score,month,0.037190819591146194,0.037190819591146194
12,global_std_score,dayofyear,0.029960937864921662,0.029960937864921662
12,global_std_score,hour,0.1362646147002046,0.1362646147002046
13,global_mean_score,sin_year,0.24989608707890565,0.24989608707890565
13,global_mean_score,cos_year,0.4010689126226175,0.4010689126226175
13,global_mean_score,sin_day,-0.0856259698435148,0.0856259698435148
13,global_mean_score,cos_day,0.06443723653837032,0.06443723653837032
13,global_mean_score,month,-0.0963374673558645,0.0963374673558645
13,global_mean_score,dayofyear,-0.09292222088522148,0.09292222088522148
13,global_mean_score,hour,0.38603055025102584,0.38603055025102584
13,global_absmean_score,sin_year,-0.2688399672420219,0.2688399672420219
13,global_absmean_score,cos_year,-0.5219692993993044,0.5219692993993044
13,global_absmean_score,sin_day,-0.15139257950723115,0.15139257950723115
13,global_absmean_score,cos_day,-0.07631530425336372,0.07631530425336372
13,global_absmean_score,month,0.199543097766243,0.199543097766243
13,global_absmean_score,dayofyear,0.1923378155300724,0.1923378155300724
13,global_absmean_score,hour,0.012318266458438434,0.012318266458438434
13,global_std_score,sin_year,-0.2672113214786782,0.2672113214786782
13,global_std_score,cos_year,-0.5756454426335711,0.5756454426335711
13,global_std_score,sin_day,-0.08845310932258171,0.08845310932258171
13,global_std_score,cos_day,-0.044730791231872215,0.044730791231872215
13,global_std_score,month,0.17873245429909854,0.17873245429909854
13,global_std_score,dayofyear,0.17031875306044192,0.17031875306044192
13,global_std_score,hour,-0.08508308864070073,0.08508308864070073
14,global_mean_score,sin_year,0.17421166089130868,0.17421166089130868
14,global_mean_score,cos_year,0.2368211847630372,0.2368211847630372
14,global_mean_score,sin_day,0.2702198218984403,0.2702198218984403
14,global_mean_score,cos_day,0.0761871959729808,0.0761871959729808
14,global_mean_score,month,-0.15325000965818297,0.15325000965818297
14,global_mean_score,dayofyear,-0.15378351046664604,0.15378351046664604
14,global_mean_score,hour,0.18513731983132667,0.18513731983132667
14,global_absmean_score,sin_year,-0.0904306805116354,0.0904306805116354
14,global_absmean_score,cos_year,-0.5087939835137958,0.5087939835137958
14,global_absmean_score,sin_day,-0.12288809498258728,0.12288809498258728
14,global_absmean_score,cos_day,0.14203567712750642,0.14203567712750642
14,global_absmean_score,month,0.07404834956129845,0.07404834956129845
14,global_absmean_score,dayofyear,0.07189243656674424,0.07189243656674424
14,global_absmean_score,hour,-0.23209444620925263,0.23209444620925263
14,global_std_score,sin_year,-0.07047756121352017,0.07047756121352017
14,global_std_score,cos_year,-0.4998924614271009,0.4998924614271009
14,global_std_score,sin_day,-0.48874361244312936,0.48874361244312936
14,global_std_score,cos_day,0.2739753451248822,0.2739753451248822
14,global_std_score,month,0.09342294858084796,0.09342294858084796
14,global_std_score,dayofyear,0.09138467130264871,0.09138467130264871
14,global_std_score,hour,-0.03319844240397535,0.03319844240397535
15,global_mean_score,sin_year,0.201432318982643,0.201432318982643
15,global_mean_score,cos_year,0.15117710134020967,0.15117710134020967
15,global_mean_score,sin_day,-0.06130847975872589,0.06130847975872589
15,global_mean_score,cos_day,-0.019460803285265397,0.019460803285265397
15,global_mean_score,month,-0.13550831015041506,0.13550831015041506
15,global_mean_score,dayofyear,-0.13353785694264417,0.13353785694264417
15,global_mean_score,hour,0.4793381177711699,0.4793381177711699
15,global_absmean_score,sin_year,0.27802817895524656,0.27802817895524656
15,global_absmean_score,cos_year,-0.033010686602433,0.033010686602433
15,global_absmean_score,sin_day,0.14639364048748937,0.14639364048748937
15,global_absmean_score,cos_day,0.09185371342445565,0.09185371342445565
15,global_absmean_score,month,-0.3521478072418221,0.3521478072418221
15,global_absmean_score,dayofyear,-0.3499791091643091,0.3499791091643091
15,global_absmean_score,hour,-0.1752675543728472,0.1752675543728472
15,global_std_score,sin_year,0.23263619864434623,0.23263619864434623
15,global_std_score,cos_year,0.004203722266260987,0.004203722266260987
15,global_std_score,sin_day,0.4185659372204222,0.4185659372204222
15,global_std_score,cos_day,0.011603491271220895,0.011603491271220895
15,global_std_score,month,-0.336037448058897,0.336037448058897
15,global_std_score,dayofyear,-0.33121902540215364,0.33121902540215364
15,global_std_score,hour,-0.31430410643810086,0.31430410643810086
16,global_mean_score,sin_year,-0.032212858795584276,0.032212858795584276
16,global_mean_score,cos_year,0.21470074377704362,0.21470074377704362
16,global_mean_score,sin_day,-0.0011635647228627802,0.0011635647228627802
16,global_mean_score,cos_day,0.00645043923871103,0.00645043923871103
16,global_mean_score,month,0.016726066737008036,0.016726066737008036
16,global_mean_score,dayofyear,0.017962399741110226,0.017962399741110226
16,global_mean_score,hour,-0.4380325157108003,0.4380325157108003
16,global_absmean_score,sin_year,0.5749695213022319,0.5749695213022319
16,global_absmean_score,cos_year,0.11391792016772023,0.11391792016772023
16,global_absmean_score,sin_day,-0.027846925202357094,0.027846925202357094
16,global_absmean_score,cos_day,-0.04437418325066106,0.04437418325066106
16,global_absmean_score,month,-0.4014445692080498,0.4014445692080498
16,global_absmean_score,dayofyear,-0.4024158476298275,0.4024158476298275
16,global_absmean_score,hour,0.14261006325969783,0.14261006325969783
16,global_std_score,sin_year,0.6863322188011678,0.6863322188011678
16,global_std_score,cos_year,0.1761163634392467,0.1761163634392467
16,global_std_score,sin_day,-0.06949191401035336,0.06949191401035336
16,global_std_score,cos_day,-0.09689080609543506,0.09689080609543506
16,global_std_score,month,-0.4658675354133803,0.4658675354133803
16,global_std_score,dayofyear,-0.46426875145898283,0.46426875145898283
16,global_std_score,hour,0.2101919998973344,0.2101919998973344
17,global_mean_score,sin_year,0.011631851611341138,0.011631851611341138
17,global_mean_score,cos_year,-0.11044541234209741,0.11044541234209741
17,global_mean_score,sin_day,0.03787609769533852,0.03787609769533852
17,global_mean_score,cos_day,0.07122629044026971,0.07122629044026971
17,global_mean_score,month,0.07363287137955227,0.07363287137955227
17,global_mean_score,dayofyear,0.0707171550600409,0.0707171550600409
17,global_mean_score,hour,-0.4885268220901497,0.4885268220901497
17,global_absmean_score,sin_year,0.1489406009885326,0.1489406009885326
17,global_absmean_score,cos_year,0.5398210850801313,0.5398210850801313
17,global_absmean_score,sin_day,0.2851730128025066,0.2851730128025066
17,global_absmean_score,cos_day,-0.017960300110031063,0.017960300110031063
17,global_absmean_score,month,-0.16356419316368373,0.16356419316368373
17,global_absmean_score,dayofyear,-0.15835565429243226,0.15835565429243226
17,global_absmean_score,hour,-0.13765063217941978,0.13765063217941978
17,global_std_score,sin_year,0.12356391264667654,0.12356391264667654
17,global_std_score,cos_year,0.5588488140967581,0.5588488140967581
17,global_std_score,sin_day,0.34217563450807026,0.34217563450807026
17,global_std_score,cos_day,-0.05919405343632887,0.05919405343632887
17,global_std_score,month,-0.15493833265473564,0.15493833265473564
17,global_std_score,dayofyear,-0.14838411503030194,0.14838411503030194
17,global_std_score,hour,-0.14555410544322764,0.14555410544322764
18,global_mean_score,sin_year,-0.03441677355587348,0.03441677355587348
18,global_mean_score,cos_year,-0.07012963020884179,0.07012963020884179
18,global_mean_score,sin_day,0.09965490386408934,0.09965490386408934
18,global_mean_score,cos_day,-0.03323394193068448,0.03323394193068448
18,global_mean_score,month,0.01836373784524211,0.01836373784524211
18,global_mean_score,dayofyear,0.01638602455220369,0.01638602455220369
18,global_mean_score,hour,0.3909439850798103,0.3909439850798103
18,global_absmean_score,sin_year,-0.060865966664983534,0.060865966664983534
18,global_absmean_score,cos_year,0.21914909081474584,0.21914909081474584
18,global_absmean_score,sin_day,-0.02039072440156241,0.02039072440156241
18,global_absmean_score,cos_day,0.05869410786110622,0.05869410786110622
18,global_absmean_score,month,0.08250912107798652,0.08250912107798652
18,global_absmean_score,dayofyear,0.08064627621448776,0.08064627621448776
18,global_absmean_score,hour,-0.1872907917322794,0.1872907917322794
18,global_std_score,sin_year,-0.13762935404172844,0.13762935404172844
18,global_std_score,cos_year,0.19188124237084903,0.19188124237084903
18,global_std_score,sin_day,-0.16951810922727098,0.16951810922727098
18,global_std_score,cos_day,0.006411826842035015,0.006411826842035015
18,global_std_score,month,0.1452030358173851,0.1452030358173851
18,global_std_score,dayofyear,0.14300933345722763,0.14300933345722763
18,global_std_score,hour,-0.04717867445041112,0.04717867445041112
19,global_mean_score,sin_year,0.060518670885460674,0.060518670885460674
19,global_mean_score,cos_year,0.29194480708193704,0.29194480708193704
19,global_mean_score,sin_day,0.04799324681588559,0.04799324681588559
19,global_mean_score,cos_day,-0.1998611553499818,0.1998611553499818
19,global_mean_score,month,0.13297769474582258,0.13297769474582258
19,global_mean_score,dayofyear,0.12981448438431722,0.12981448438431722
19,global_mean_score,hour,-0.23627929145097512,0.23627929145097512
19,global_absmean_score,sin_year,0.14936456701440598,0.14936456701440598
19,global_absmean_score,cos_year,0.22396679961443366,0.22396679961443366
19,global_absmean_score,sin_day,-0.09261015133877346,0.09261015133877346
19,global_absmean_score,cos_day,0.5590896704517659,0.5590896704517659
19,global_absmean_score,month,-0.13723885301766883,0.13723885301766883
19,global_absmean_score,dayofyear,-0.13707448051140503,0.13707448051140503
19,global_absmean_score,hour,-0.16832499138629026,0.16832499138629026
19,global_std_score,sin_year,0.12496982874708343,0.12496982874708343
19,global_std_score,cos_year,0.2445984900071446,0.2445984900071446
19,global_std_score,sin_day,-0.05426198968014718,0.05426198968014718
19,global_std_score,cos_day,0.5741363221507562,0.5741363221507562
19,global_std_score,month,-0.11663005692777591,0.11663005692777591
19,global_std_score,dayofyear,-0.11655115060846062,0.11655115060846062
19,global_std_score,hour,-0.21128843846262052,0.21128843846262052
20,global_mean_score,sin_year,-0.08407200968037686,0.08407200968037686
20,global_mean_score,cos_year,0.12233722213925033,0.12233722213925033
20,global_mean_score,sin_day,-0.07819396940041312,0.07819396940041312
20,global_mean_score,cos_day,0.13853222374052582,0.13853222374052582
20,global_mean_score,month,0.01102304264522678,0.01102304264522678
20,global_mean_score,dayofyear,0.01073872842753567,0.01073872842753567
20,global_mean_score,hour,-0.4597993800614701,0.4597993800614701
20,global_absmean_score,sin_year,0.04932594124737427,0.04932594124737427
20,global_absmean_score,cos_year,-0.1709445007010722,0.1709445007010722
20,global_absmean_score,sin_day,-0.2514113463949543,0.2514113463949543
20,global_absmean_score,cos_day,-0.07802679844787712,0.07802679844787712
20,global_absmean_score,month,-0.05349881807903637,0.05349881807903637
20,global_absmean_score,dayofyear,-0.061820470405084496,0.061820470405084496
20,global_absmean_score,hour,0.222716541116123,0.222716541116123
20,global_std_score,sin_year,-0.0561292026481323,0.0561292026481323
20,global_std_score,cos_year,0.012697365518352577,0.012697365518352577
20,global_std_score,sin_day,-0.37761994017711,0.37761994017711
20,global_std_score,cos_day,-0.24073037677699016,0.24073037677699016
20,global_std_score,month,0.01768526017545399,0.01768526017545399
20,global_std_score,dayofyear,0.008441431369016464,0.008441431369016464
20,global_std_score,hour,0.3416138697917197,0.3416138697917197
21,global_mean_score,sin_year,0.5381270047480368,0.5381270047480368
21,global_mean_score,cos_year,0.28967354077619295,0.28967354077619295
21,global_mean_score,sin_day,-0.10833870776384746,0.10833870776384746
21,global_mean_score,cos_day,0.21853503767220114,0.21853503767220114
21,global_mean_score,month,-0.36169953446675257,0.36169953446675257
21,global_mean_score,dayofyear,-0.35663165325730356,0.35663165325730356
21,global_mean_score,hour,-0.37119572758508496,0.37119572758508496
21,global_absmean_score,sin_year,0.3430585539439272,0.3430585539439272
21,global_absmean_score,cos_year,0.17381306427975832,0.17381306427975832
21,global_absmean_score,sin_day,-0.027640132963855268,0.027640132963855268
21,global_absmean_score,cos_day,-0.27662065652388396,0.27662065652388396
21,global_absmean_score,month,-0.09536129570031003,0.09536129570031003
21,global_absmean_score,dayofyear,-0.08562229742249117,0.08562229742249117
21,global_absmean_score,hour,0.09542399538929347,0.09542399538929347
21,global_std_score,sin_year,0.33157524023575224,0.33157524023575224
21,global_std_score,cos_year,0.19673758499969027,0.19673758499969027
21,global_std_score,sin_day,-0.032330111041318804,0.032330111041318804
21,global_std_score,cos_day,-0.345419048711116,0.345419048711116
21,global_std_score,month,-0.08031177503530713,0.08031177503530713
21,global_std_score,dayofyear,-0.07110797625142806,0.07110797625142806
21,global_std_score,hour,0.15850931713694255,0.15850931713694255
22,global_mean_score,sin_year,0.22437334978510926,0.22437334978510926
22,global_mean_score,cos_year,0.27075725501996367,0.27075725501996367
22,global_mean_score,sin_day,0.37676484265958565,0.37676484265958565
22,global_mean_score,cos_day,-0.06671739135840789,0.06671739135840789
22,global_mean_score,month,-0.08125468313876097,0.08125468313876097
22,global_mean_score,dayofyear,-0.07491213288681824,0.07491213288681824
22,global_mean_score,hour,0.07001838460580402,0.07001838460580402
22,global_absmean_score,sin_year,0.10626610046541198,0.10626610046541198
22,global_absmean_score,cos_year,-0.0347524610917527,0.0347524610917527
22,global_absmean_score,sin_day,0.17816685712273359,0.17816685712273359
22,global_absmean_score,cos_day,0.1650856264834852,0.1650856264834852
22,global_absmean_score,month,-0.14967873538313634,0.14967873538313634
22,global_absmean_score,dayofyear,-0.1488792009527984,0.1488792009527984
22,global_absmean_score,hour,-0.4659211114735596,0.4659211114735596
22,global_std_score,sin_year,0.1437277175957298,0.1437277175957298
22,global_std_score,cos_year,-0.008932954054885799,0.008932954054885799
22,global_std_score,sin_day,0.1581037549786586,0.1581037549786586
22,global_std_score,cos_day,0.14576891299660424,0.14576891299660424
22,global_std_score,month,-0.1796846811608296,0.1796846811608296
22,global_std_score,dayofyear,-0.1795547986748469,0.1795547986748469
22,global_std_score,hour,-0.4277900035708974,0.4277900035708974
23,global_mean_score,sin_year,-0.23371417756153218,0.23371417756153218
23,global_mean_score,cos_year,0.008042893946969045,0.008042893946969045
23,global_mean_score,sin_day,0.05489618293343071,0.05489618293343071
23,global_mean_score,cos_day,0.0628769792492278,0.0628769792492278
23,global_mean_score,month,0.14585308181708936,0.14585308181708936
23,global_mean_score,dayofyear,0.14539732883637388,0.14539732883637388
23,global_mean_score,hour,0.34789281830072794,0.34789281830072794
23,global_absmean_score,sin_year,0.09757169978031262,0.09757169978031262
23,global_absmean_score,cos_year,0.7338710451579258,0.7338710451579258
23,global_absmean_score,sin_day,-0.05862477134687655,0.05862477134687655
23,global_absmean_score,cos_day,-0.05177773354200334,0.05177773354200334
23,global_absmean_score,month,-0.06204957813457935,0.06204957813457935
23,global_absmean_score,dayofyear,-0.05148204829015131,0.05148204829015131
23,global_absmean_score,hour,0.17245006442734007,0.17245006442734007
23,global_std_score,sin_year,0.09764773360066847,0.09764773360066847
23,global_std_score,cos_year,0.7455824724321256,0.7455824724321256
23,global_std_score,sin_day,-0.07915684287252545,0.07915684287252545
23,global_std_score,cos_day,-0.023782484118702756,0.023782484118702756
23,global_std_score,month,-0.052730250213311645,0.052730250213311645
23,global_std_score,dayofyear,-0.04164141528136191,0.04164141528136191
23,global_std_score,hour,0.16822948122322345,0.16822948122322345
24,global_mean_score,sin_year,0.03577758493779153,0.03577758493779153
24,global_mean_score,cos_year,-0.0452448384567989,0.0452448384567989
24,global_mean_score,sin_day,0.12673205000765356,0.12673205000765356
24,global_mean_score,cos_day,0.01211721992475547,0.01211721992475547
24,global_mean_score,month,-0.07332004142949303,0.07332004142949303
24,global_mean_score,dayofyear,-0.07486879881990205,0.07486879881990205
24,global_mean_score,hour,0.348258267572363,0.348258267572363
24,global_absmean_score,sin_year,-0.21941347228000477,0.21941347228000477
24,global_absmean_score,cos_year,0.3408714260086148,0.3408714260086148
24,global_absmean_score,sin_day,-0.0020230738320270373,0.0020230738320270373
24,global_absmean_score,cos_day,-0.07264327259743478,0.07264327259743478
24,global_absmean_score,month,0.24641463099585215,0.24641463099585215
24,global_absmean_score,dayofyear,0.24043422721141805,0.24043422721141805
24,global_absmean_score,hour,0.019655766796411383,0.019655766796411383
24,global_std_score,sin_year,-0.2326536466659194,0.2326536466659194
24,global_std_score,cos_year,0.35744838197597745,0.35744838197597745
24,global_std_score,sin_day,-0.25588379693737484,0.25588379693737484
24,global_std_score,cos_day,-0.05118810163065439,0.05118810163065439
24,global_std_score,month,0.26491611486367594,0.26491611486367594
24,global_std_score,dayofyear,0.2594473756733188,0.2594473756733188
24,global_std_score,hour,0.09642009256519318,0.09642009256519318
25,global_mean_score,sin_year,0.06464410369035294,0.06464410369035294
25,global_mean_score,cos_year,0.31067470239567113,0.31067470239567113
25,global_mean_score,sin_day,0.056180972873577116,0.056180972873577116
25,global_mean_score,cos_day,-0.01733898257487797,0.01733898257487797
25,global_mean_score,month,0.03672128498430517,0.03672128498430517
25,global_mean_score,dayofyear,0.03981195944234188,0.03981195944234188
25,global_mean_score,hour,0.35703166251426516,0.35703166251426516
25,global_absmean_score,sin_year,-0.05234398884876616,0.05234398884876616
25,global_absmean_score,cos_year,-0.05392202660583891,0.05392202660583891
25,global_absmean_score,sin_day,-0.4141777584635533,0.4141777584635533
25,global_absmean_score,cos_day,0.05699179586596865,0.05699179586596865
25,global_absmean_score,month,0.15396049718753596,0.15396049718753596
25,global_absmean_score,dayofyear,0.15757159110016206,0.15757159110016206
25,global_absmean_score,hour,0.08295117353670084,0.08295117353670084
25,global_std_score,sin_year,-0.03754407048532083,0.03754407048532083
25,global_std_score,cos_year,-0.06618864290455104,0.06618864290455104
25,global_std_score,sin_day,-0.4401691143371171,0.4401691143371171
25,global_std_score,cos_day,0.017322606884564863,0.017322606884564863
25,global_std_score,month,0.14686149896074907,0.14686149896074907
25,global_std_score,dayofyear,0.15037222543395726,0.15037222543395726
25,global_std_score,hour,0.1430429855753924,0.1430429855753924
26,global_mean_score,sin_year,-0.14520245628179337,0.14520245628179337
26,global_mean_score,cos_year,-0.2237547847845964,0.2237547847845964
26,global_mean_score,sin_day,0.37352446658060057,0.37352446658060057
26,global_mean_score,cos_day,0.2385800739561437,0.2385800739561437
26,global_mean_score,month,-0.15546270487049066,0.15546270487049066
26,global_mean_score,dayofyear,-0.15248264311989018,0.15248264311989018
26,global_mean_score,hour,-0.5454400211808345,0.5454400211808345
26,global_absmean_score,sin_year,0.2085877128595143,0.2085877128595143
26,global_absmean_score,cos_year,0.5217144911929579,0.5217144911929579
26,global_absmean_score,sin_day,-0.014509900154720317,0.014509900154720317
26,global_absmean_score,cos_day,-0.02321009210403564,0.02321009210403564
26,global_absmean_score,month,-0.297493002011539,0.297493002011539
26,global_absmean_score,dayofyear,-0.3024935302760165,0.3024935302760165
26,global_absmean_score,hour,-0.1097376993901869,0.1097376993901869
26,global_std_score,sin_year,0.2084057210969066,0.2084057210969066
26,global_std_score,cos_year,0.5094697827409078,0.5094697827409078
26,global_std_score,sin_day,-0.020823637148065288,0.020823637148065288
26,global_std_score,cos_day,-0.050690867643511814,0.050690867643511814
26,global_std_score,month,-0.2970319201856081,0.2970319201856081
26,global_std_score,dayofyear,-0.3028811213738021,0.3028811213738021
26,global_std_score,hour,-0.09494579350867799,0.09494579350867799
27,global_mean_score,sin_year,0.14004784400897358,0.14004784400897358
27,global_mean_score,cos_year,0.1527131665176513,0.1527131665176513
27,global_mean_score,sin_day,-0.13461684438881522,0.13461684438881522
27,global_mean_score,cos_day,0.2037168295093477,0.2037168295093477
27,global_mean_score,month,-0.12790748858119175,0.12790748858119175
27,global_mean_score,dayofyear,-0.12486218485551771,0.12486218485551771
27,global_mean_score,hour,-0.3926116504668596,0.3926116504668596
27,global_absmean_score,sin_year,-0.39496704891033624,0.39496704891033624
27,global_absmean_score,cos_year,-0.16452320093892678,0.16452320093892678
27,global_absmean_score,sin_day,-0.04351477254224395,0.04351477254224395
27,global_absmean_score,cos_day,0.49136762417481794,0.49136762417481794
27,global_absmean_score,month,0.3750800000200098,0.3750800000200098
27,global_absmean_score,dayofyear,0.3770817189401452,0.3770817189401452
27,global_absmean_score,hour,-0.3652263856058157,0.3652263856058157
27,global_std_score,sin_year,-0.3895595186392682,0.3895595186392682
27,global_std_score,cos_year,-0.144871714489616,0.144871714489616
27,global_std_score,sin_day,-0.059788251509641975,0.059788251509641975
27,global_std_score,cos_day,0.44481025976074406,0.44481025976074406
27,global_std_score,month,0.37755340781364566,0.37755340781364566
27,global_std_score,dayofyear,0.3799998419752136,0.3799998419752136
27,global_std_score,hour,-0.3429417101681311,0.3429417101681311
28,global_mean_score,sin_year,-0.09247791956996042,0.09247791956996042
28,global_mean_score,cos_year,-0.07610116281763135,0.07610116281763135
28,global_mean_score,sin_day,0.19680529488985926,0.19680529488985926
28,global_mean_score,cos_day,-0.055522138777956545,0.055522138777956545
28,global_mean_score,month,-0.036202452307033166,0.036202452307033166
28,global_mean_score,dayofyear,-0.03874328237259033,0.03874328237259033
28,global_mean_score,hour,0.3126557351363805,0.3126557351363805
28,global_absmean_score,sin_year,-0.051727726578268345,0.051727726578268345
28,global_absmean_score,cos_year,0.17035958069429283,0.17035958069429283
28,global_absmean_score,sin_day,0.20889113933954198,0.20889113933954198
28,global_absmean_score,cos_day,0.09617538773602871,0.09617538773602871
28,global_absmean_score,month,0.10161657386515219,0.10161657386515219
28,global_absmean_score,dayofyear,0.10435873699912701,0.10435873699912701
28,global_absmean_score,hour,-0.3887915627931539,0.3887915627931539
28,global_std_score,sin_year,-0.02031381794290806,0.02031381794290806
28,global_std_score,cos_year,0.23377007297439953,0.23377007297439953
28,global_std_score,sin_day,0.04163756525046301,0.04163756525046301
28,global_std_score,cos_day,0.05880223585128538,0.05880223585128538
28,global_std_score,month,0.07272496003301322,0.07272496003301322
28,global_std_score,dayofyear,0.07605730485771453,0.07605730485771453
28,global_std_score,hour,-0.2779603120493261,0.2779603120493261
29,global_mean_score,sin_year,-0.2357706481658373,0.2357706481658373
29,global_mean_score,cos_year,-0.21807467323929378,0.21807467323929378
29,global_mean_score,sin_day,0.03293187045121969,0.03293187045121969
29,global_mean_score,cos_day,0.28138931812508694,0.28138931812508694
29,global_mean_score,month,0.27639349787395984,0.27639349787395984
29,global_mean_score,dayofyear,0.27736869730887287,0.27736869730887287
29,global_mean_score,hour,-0.5768343413159037,0.5768343413159037
29,global_absmean_score,sin_year,-0.16786122533517517,0.16786122533517517
29,global_absmean_score,cos_year,-0.09915163038864784,0.09915163038864784
29,global_absmean_score,sin_day,0.45732139485480694,0.45732139485480694
29,global_absmean_score,cos_day,0.008913553379379192,0.008913553379379192
29,global_absmean_score,month,-0.1561207420436142,0.1561207420436142
29,global_absmean_score,dayofyear,-0.15914613937353186,0.15914613937353186
29,global_absmean_score,hour,-0.3833627815072932,0.3833627815072932
29,global_std_score,sin_year,-0.18489797422610219,0.18489797422610219
29,global_std_score,cos_year,-0.12681310686651023,0.12681310686651023
29,global_std_score,sin_day,0.4893541152349583,0.4893541152349583
29,global_std_score,cos_day,-0.08461798096539137,0.08461798096539137
29,global_std_score,month,-0.1256148375723808,0.1256148375723808
29,global_std_score,dayofyear,-0.1291644707653966,0.1291644707653966
29,global_std_score,hour,-0.3371033986211591,0.3371033986211591
30,global_mean_score,sin_year,-0.2960477282563598,0.2960477282563598
30,global_mean_score,cos_year,0.278639751015461,0.278639751015461
30,global_mean_score,sin_day,-0.1844730854205813,0.1844730854205813
30,global_mean_score,cos_day,0.12348949928524011,0.12348949928524011
30,global_mean_score,month,0.09476341035186893,0.09476341035186893
30,global_mean_score,dayofyear,0.09076693186723929,0.09076693186723929
30,global_mean_score,hour,-0.2718274555200522,0.2718274555200522
30,global_absmean_score,sin_year,0.11315740517474927,0.11315740517474927
30,global_absmean_score,cos_year,0.26101132717424064,0.26101132717424064
30,global_absmean_score,sin_day,-0.17852125185799425,0.17852125185799425
30,global_absmean_score,cos_day,-0.2364452268578936,0.2364452268578936
30,global_absmean_score,month,-0.059357165385924386,0.059357165385924386
30,global_absmean_score,dayofyear,-0.055572182928842175,0.055572182928842175
30,global_absmean_score,hour,0.025856319481491707,0.025856319481491707
30,global_std_score,sin_year,0.08630676391512535,0.08630676391512535
30,global_std_score,cos_year,0.22889939438304877,0.22889939438304877
30,global_std_score,sin_day,-0.21265641859210463,0.21265641859210463
30,global_std_score,cos_day,-0.24169684978011882,0.24169684978011882
30,global_std_score,month,-0.03860650310912769,0.03860650310912769
30,global_std_score,dayofyear,-0.034348656231898166,0.034348656231898166
30,global_std_score,hour,0.06585299337142146,0.06585299337142146
31,global_mean_score,sin_year,0.22417786135435883,0.22417786135435883
31,global_mean_score,cos_year,0.46004405393111725,0.46004405393111725
31,global_mean_score,sin_day,-0.2536380401070231,0.2536380401070231
31,global_mean_score,cos_day,0.034450663652877384,0.034450663652877384
31,global_mean_score,month,-0.1709169926955388,0.1709169926955388
31,global_mean_score,dayofyear,-0.16919364714209637,0.16919364714209637
31,global_mean_score,hour,-0.18199726134991523,0.18199726134991523
31,global_absmean_score,sin_year,0.07735033076684063,0.07735033076684063
31,global_absmean_score,cos_year,0.26719472330878674,0.26719472330878674
31,global_absmean_score,sin_day,0.36066284430501044,0.36066284430501044
31,global_absmean_score,cos_day,0.2733243399198575,0.2733243399198575
31,global_absmean_score,month,-0.005515587333571715,0.005515587333571715
31,global_absmean_score,dayofyear,-0.0024310802322607475,0.0024310802322607475
31,global_absmean_score,hour,-0.2844137565209456,0.2844137565209456
31,global_std_score,sin_year,0.08405841937536808,0.08405841937536808
31,global_std_score,cos_year,0.33149252616774255,0.33149252616774255
31,global_std_score,sin_day,0.2802055223493835,0.2802055223493835
31,global_std_score,cos_day,0.27293130341911925,0.27293130341911925
31,global_std_score,month,-0.004294751459192121,0.004294751459192121
31,global_std_score,dayofyear,-0.0015641131380044135,0.0015641131380044135
31,global_std_score,hour,-0.2689618389242502,0.2689618389242502
32,global_mean_score,sin_year,0.12189207705679066,0.12189207705679066
32,global_mean_score,cos_year,0.27694538857788975,0.27694538857788975
32,global_mean_score,sin_day,-0.08261104164629371,0.08261104164629371
32,global_mean_score,cos_day,0.1455303682924669,0.1455303682924669
32,global_mean_score,month,-0.09555268632131349,0.09555268632131349
32,global_mean_score,dayofyear,-0.095145832886553,0.095145832886553
32,global_mean_score,hour,0.3684766965629755,0.3684766965629755
32,global_absmean_score,sin_year,-0.05323612298364662,0.05323612298364662
32,global_absmean_score,cos_year,-0.14788917620545508,0.14788917620545508
32,global_absmean_score,sin_day,0.09791923178578377,0.09791923178578377
32,global_absmean_score,cos_day,0.4391773625247868,0.4391773625247868
32,global_absmean_score,month,0.03315163925582537,0.03315163925582537
32,global_absmean_score,dayofyear,0.03390459513887555,0.03390459513887555
32,global_absmean_score,hour,-0.43223422076294,0.43223422076294
32,global_std_score,sin_year,-0.05237871898228398,0.05237871898228398
32,global_std_score,cos_year,-0.05014512683469421,0.05014512683469421
32,global_std_score,sin_day,0.10839340336184146,0.10839340336184146
32,global_std_score,cos_day,0.5469719186818065,0.5469719186818065
32,global_std_score,month,0.04547730780475281,0.04547730780475281
32,global_std_score,dayofyear,0.04690284661189053,0.04690284661189053
32,global_std_score,hour,-0.47143153055148806,0.47143153055148806
33,global_mean_score,sin_year,-0.30033254793748354,0.30033254793748354
33,global_mean_score,cos_year,-0.429486546174285,0.429486546174285
33,global_mean_score,sin_day,0.04736447975664512,0.04736447975664512
33,global_mean_score,cos_day,0.09637799839120151,0.09637799839120151
33,global_mean_score,month,0.22849391235450456,0.22849391235450456
33,global_mean_score,dayofyear,0.22617604866687765,0.22617604866687765
33,global_mean_score,hour,-0.4462221208392605,0.4462221208392605
33,global_absmean_score,sin_year,-0.33555119155096297,0.33555119155096297
33,global_absmean_score,cos_year,0.26117309350711615,0.26117309350711615
33,global_absmean_score,sin_day,-0.040999829866495266,0.040999829866495266
33,global_absmean_score,cos_day,0.28648382897363767,0.28648382897363767
33,global_absmean_score,month,0.2594275041046204,0.2594275041046204
33,global_absmean_score,dayofyear,0.26930641125259686,0.26930641125259686
33,global_absmean_score,hour,-0.1333593289573097,0.1333593289573097
33,global_std_score,sin_year,-0.3160245358516566,0.3160245358516566
33,global_std_score,cos_year,0.2895694685955932,0.2895694685955932
33,global_std_score,sin_day,0.0037232631836151466,0.0037232631836151466
33,global_std_score,cos_day,0.21828018633263852,0.21828018633263852
33,global_std_score,month,0.26251442479666687,0.26251442479666687
33,global_std_score,dayofyear,0.2714992579001603,0.2714992579001603
33,global_std_score,hour,-0.1371384104081451,0.1371384104081451
34,global_mean_score,sin_year,-0.008636308942332152,0.008636308942332152
34,global_mean_score,cos_year,-0.538568842213439,0.538568842213439
34,global_mean_score,sin_day,-0.22077147249725,0.22077147249725
34,global_mean_score,cos_day,-0.5097621520822563,0.5097621520822563
34,global_mean_score,month,-0.005075188201947422,0.005075188201947422
34,global_mean_score,dayofyear,-0.00034221579173597766,0.00034221579173597766
34,global_mean_score,hour,0.4149482399371845,0.4149482399371845
34,global_absmean_score,sin_year,0.19577028441425295,0.19577028441425295
34,global_absmean_score,cos_year,-0.23871627894413797,0.23871627894413797
34,global_absmean_score,sin_day,0.32359975488515264,0.32359975488515264
34,global_absmean_score,cos_day,0.2527286097500274,0.2527286097500274
34,global_absmean_score,month,-0.16583466750598336,0.16583466750598336
34,global_absmean_score,dayofyear,-0.15996563137383776,0.15996563137383776
34,global_absmean_score,hour,-0.2664167205367404,0.2664167205367404
34,global_std_score,sin_year,0.197625095803923,0.197625095803923
34,global_std_score,cos_year,-0.24592151759232558,0.24592151759232558
34,global_std_score,sin_day,0.31630221143562515,0.31630221143562515
34,global_std_score,cos_day,0.24745748537605902,0.24745748537605902
34,global_std_score,month,-0.16789012312397783,0.16789012312397783
34,global_std_score,dayofyear,-0.1630271168422171,0.1630271168422171
34,global_std_score,hour,-0.25550347764739156,0.25550347764739156
35,global_mean_score,sin_year,0.043742137636219945,0.043742137636219945
35,global_mean_score,cos_year,-0.01993284192467883,0.01993284192467883
35,global_mean_score,sin_day,-0.3149354715336667,0.3149354715336667
35,global_mean_score,cos_day,0.042157786099453094,0.042157786099453094
35,global_mean_score,month,-0.21062291312223352,0.21062291312223352
35,global_mean_score,dayofyear,-0.20846076602490496,0.20846076602490496
35,global_mean_score,hour,-0.15705982420783118,0.15705982420783118
35,global_absmean_score,sin_year,-0.08984302278193046,0.08984302278193046
35,global_absmean_score,cos_year,0.09574715713544638,0.09574715713544638
35,global_absmean_score,sin_day,0.0017350837340838175,0.0017350837340838175
35,global_absmean_score,cos_day,0.06399610914737357,0.06399610914737357
35,global_absmean_score,month,0.012000761830499368,0.012000761830499368
35,global_absmean_score,dayofyear,0.01182695584984133,0.01182695584984133
35,global_absmean_score,hour,-0.1597398289612424,0.1597398289612424
35,global_std_score,sin_year,-0.01514603229862352,0.01514603229862352
35,global_std_score,cos_year,0.1404951227310583,0.1404951227310583
35,global_std_score,sin_day,-0.0663572855231636,0.0663572855231636
35,global_std_score,cos_day,0.03775564521516444,0.03775564521516444
35,global_std_score,month,-0.04656259191271187,0.04656259191271187
35,global_std_score,dayofyear,-0.045135339765580935,0.045135339765580935
35,global_std_score,hour,-0.103475202954987,0.103475202954987
36,global_mean_score,sin_year,0.3961488577458751,0.3961488577458751
36,global_mean_score,cos_year,0.1652061521107381,0.1652061521107381
36,global_mean_score,sin_day,0.4487642184361075,0.4487642184361075
36,global_mean_score,cos_day,0.014078715549014067,0.014078715549014067
36,global_mean_score,month,-0.33207279025710995,0.33207279025710995
36,global_mean_score,dayofyear,-0.32897953074855657,0.32897953074855657
36,global_mean_score,hour,-0.029426760117427564,0.029426760117427564
36,global_absmean_score,sin_year,-0.11499888885323954,0.11499888885323954
36,global_absmean_score,cos_year,0.024685511747515196,0.024685511747515196
36,global_absmean_score,sin_day,0.5113941605137923,0.5113941605137923
36,global_absmean_score,cos_day,-0.029248650327833848,0.029248650327833848
36,global_absmean_score,month,0.14024516524787448,0.14024516524787448
36,global_absmean_score,dayofyear,0.1452031902114529,0.1452031902114529
36,global_absmean_score,hour,-0.5285333339540383,0.5285333339540383
36,global_std_score,sin_year,-0.10430342619870107,0.10430342619870107
36,global_std_score,cos_year,-0.01230467366642304,0.01230467366642304
36,global_std_score,sin_day,0.4764675160205551,0.4764675160205551
36,global_std_score,cos_day,-0.03678660514249613,0.03678660514249613
36,global_std_score,month,0.1304373417743109,0.1304373417743109
36,global_std_score,dayofyear,0.13498597062452303,0.13498597062452303
36,global_std_score,hour,-0.5242110308554357,0.5242110308554357
37,global_mean_score,sin_year,-0.31647599917912156,0.31647599917912156
37,global_mean_score,cos_year,-0.0050266453225433485,0.0050266453225433485
37,global_mean_score,sin_day,0.6139094086799555,0.6139094086799555
37,global_mean_score,cos_day,-0.06758468243943691,0.06758468243943691
37,global_mean_score,month,0.24415011927163738,0.24415011927163738
37,global_mean_score,dayofyear,0.2451330749614529,0.2451330749614529
37,global_mean_score,hour,-0.37397155045629515,0.37397155045629515
37,global_absmean_score,sin_year,0.06912918223293751,0.06912918223293751
37,global_absmean_score,cos_year,0.21885327690838804,0.21885327690838804
37,global_absmean_score,sin_day,0.1123605506744603,0.1123605506744603
37,global_absmean_score,cos_day,-0.3601969299296598,0.3601969299296598
37,global_absmean_score,month,-0.0623999020411543,0.0623999020411543
37,global_absmean_score,dayofyear,-0.05982838173994157,0.05982838173994157
37,global_absmean_score,hour,-0.1062194015723544,0.1062194015723544
37,global_std_score,sin_year,0.05733913464504907,0.05733913464504907
37,global_std_score,cos_year,0.19538831790621924,0.19538831790621924
37,global_std_score,sin_day,0.11487919428389666,0.11487919428389666
37,global_std_score,cos_day,-0.35998076370286186,0.35998076370286186
37,global_std_score,month,-0.051514597919072425,0.051514597919072425
37,global_std_score,dayofyear,-0.04813793913303532,0.04813793913303532
37,global_std_score,hour,-0.11722901140129603,0.11722901140129603
38,global_mean_score,sin_year,0.18095463786158344,0.18095463786158344
38,global_mean_score,cos_year,-0.040162212070026564,0.040162212070026564
38,global_mean_score,sin_day,0.7103761108558442,0.7103761108558442
38,global_mean_score,cos_day,-0.459971179329582,0.459971179329582
38,global_mean_score,month,-0.016449928761731805,0.016449928761731805
38,global_mean_score,dayofyear,-0.013804672673752577,0.013804672673752577
38,global_mean_score,hour,-0.17037398812968613,0.17037398812968613
38,global_absmean_score,sin_year,-0.12738530696956932,0.12738530696956932
38,global_absmean_score,cos_year,0.0657042406462411,0.0657042406462411
38,global_absmean_score,sin_day,0.22602804287860287,0.22602804287860287
38,global_absmean_score,cos_day,-0.684526876086545,0.684526876086545
38,global_absmean_score,month,0.06240118153313317,0.06240118153313317
38,global_absmean_score,dayofyear,0.06348062606164802,0.06348062606164802
38,global_absmean_score,hour,0.1932282586216034,0.1932282586216034
38,global_std_score,sin_year,-0.14777211413344063,0.14777211413344063
38,global_std_score,cos_year,0.07905041050613398,0.07905041050613398
38,global_std_score,sin_day,0.23867138853564215,0.23867138853564215
38,global_std_score,cos_day,-0.733223703406377,0.733223703406377
38,global_std_score,month,0.08958907791031241,0.08958907791031241
38,global_std_score,dayofyear,0.09058915224068095,0.09058915224068095
38,global_std_score,hour,0.1778849098962108,0.1778849098962108
39,global_mean_score,sin_year,-0.14790125372029334,0.14790125372029334
39,global_mean_score,cos_year,0.16249924126047663,0.16249924126047663
39,global_mean_score,sin_day,0.5752854114534859,0.5752854114534859
39,global_mean_score,cos_day,0.3206605241261351,0.3206605241261351
39,global_mean_score,month,0.3442757672287628,0.3442757672287628
39,global_mean_score,dayofyear,0.3454985028296966,0.3454985028296966
39,global_mean_score,hour,-0.49819150207832785,0.49819150207832785
39,global_absmean_score,sin_year,0.11970823116409021,0.11970823116409021
39,global_absmean_score,cos_year,0.2259481618338064,0.2259481618338064
39,global_absmean_score,sin_day,0.311204414753987,0.311204414753987
39,global_absmean_score,cos_day,0.10948904463273287,0.10948904463273287
39,global_absmean_score,month,-0.0747086234675091,0.0747086234675091
39,global_absmean_score,dayofyear,-0.06786903983571725,0.06786903983571725
39,global_absmean_score,hour,-0.2688634094080797,0.2688634094080797
39,global_std_score,sin_year,0.1324131211631033,0.1324131211631033
39,global_std_score,cos_year,0.23363720831429835,0.23363720831429835
39,global_std_score,sin_day,0.2647820083195362,0.2647820083195362
39,global_std_score,cos_day,0.1314991699124362,0.1314991699124362
39,global_std_score,month,-0.08858129735015476,0.08858129735015476
39,global_std_score,dayofyear,-0.08059943838813965,0.08059943838813965
39,global_std_score,hour,-0.2731165117794935,0.2731165117794935
40,global_mean_score,sin_year,0.5268436204601981,0.5268436204601981
40,global_mean_score,cos_year,-0.0680788758234799,0.0680788758234799
40,global_mean_score,sin_day,-0.1877829979534332,0.1877829979534332
40,global_mean_score,cos_day,0.16815086617775107,0.16815086617775107
40,global_mean_score,month,-0.6180252047133249,0.6180252047133249
40,global_mean_score,dayofyear,-0.6168680044292818,0.6168680044292818
40,global_mean_score,hour,0.19376352081057255,0.19376352081057255
40,global_absmean_score,sin_year,0.3400969335771743,0.3400969335771743
40,global_absmean_score,cos_year,0.3630971580487736,0.3630971580487736
40,global_absmean_score,sin_day,-0.3457330735007504,0.3457330735007504
40,global_absmean_score,cos_day,0.30521357186079356,0.30521357186079356
40,global_absmean_score,month,-0.37035682344814586,0.37035682344814586
40,global_absmean_score,dayofyear,-0.3700874179563454,0.3700874179563454
40,global_absmean_score,hour,0.04456745755159379,0.04456745755159379
40,global_std_score,sin_year,0.35152957493963244,0.35152957493963244
40,global_std_score,cos_year,0.32661902234435214,0.32661902234435214
40,global_std_score,sin_day,-0.3067070591619124,0.3067070591619124
40,global_std_score,cos_day,0.3006594266928697,0.3006594266928697
40,global_std_score,month,-0.3741626333481848,0.3741626333481848
40,global_std_score,dayofyear,-0.3747379900260204,0.3747379900260204
40,global_std_score,hour,0.005800511164386382,0.005800511164386382
41,global_mean_score,sin_year,0.3260396537342396,0.3260396537342396
41,global_mean_score,cos_year,0.17692861279030117,0.17692861279030117
41,global_mean_score,sin_day,0.2967730762362709,0.2967730762362709
41,global_mean_score,cos_day,0.17446995187615316,0.17446995187615316
41,global_mean_score,month,-0.2550828763781874,0.2550828763781874
41,global_mean_score,dayofyear,-0.2527110515172649,0.2527110515172649
41,global_mean_score,hour,-0.6432477401141848,0.6432477401141848
41,global_absmean_score,sin_year,-0.05335991675891032,0.05335991675891032
41,global_absmean_score,cos_year,0.14705090989640193,0.14705090989640193
41,global_absmean_score,sin_day,-0.5077116718023885,0.5077116718023885
41,global_absmean_score,cos_day,-0.26050127921550087,0.26050127921550087
41,global_absmean_score,month,-0.045136213988671375,0.045136213988671375
41,global_absmean_score,dayofyear,-0.039879050963981665,0.039879050963981665
41,global_absmean_score,hour,0.40484134879946476,0.40484134879946476
41,global_std_score,sin_year,-0.0520881142394566,0.0520881142394566
41,global_std_score,cos_year,0.15883911034002,0.15883911034002
41,global_std_score,sin_day,-0.47454708956649955,0.47454708956649955
41,global_std_score,cos_day,-0.3270479460638208,0.3270479460638208
41,global_std_score,month,-0.038195735485079936,0.038195735485079936
41,global_std_score,dayofyear,-0.033273855334827525,0.033273855334827525
41,global_std_score,hour,0.42332166006876887,0.42332166006876887
42,global_mean_score,sin_year,0.6297627788797627,0.6297627788797627
42,global_mean_score,cos_year,0.18524435257480804,0.18524435257480804
42,global_mean_score,sin_day,0.3487342665858061,0.3487342665858061
42,global_mean_score,cos_day,0.18765903381766585,0.18765903381766585
42,global_mean_score,month,-0.3845384925249306,0.3845384925249306
42,global_mean_score,dayofyear,-0.3842377134730111,0.3842377134730111
42,global_mean_score,hour,-0.5226404624526555,0.5226404624526555
42,global_absmean_score,sin_year,-0.23080563987367433,0.23080563987367433
42,global_absmean_score,cos_year,-0.3036784892944647,0.3036784892944647
42,global_absmean_score,sin_day,-0.04673698373088613,0.04673698373088613
42,global_absmean_score,cos_day,-0.47637254453896916,0.47637254453896916
42,global_absmean_score,month,0.20590465850947573,0.20590465850947573
42,global_absmean_score,dayofyear,0.20732141155226785,0.20732141155226785
42,global_absmean_score,hour,0.1134006723993734,0.1134006723993734
42,global_std_score,sin_year,-0.2314883953873085,0.2314883953873085
42,global_std_score,cos_year,-0.29439234091112004,0.29439234091112004
42,global_std_score,sin_day,-0.039923105063436486,0.039923105063436486
42,global_std_score,cos_day,-0.47485830556017533,0.47485830556017533
42,global_std_score,month,0.20535489288571587,0.20535489288571587
42,global_std_score,dayofyear,0.20581624334217433,0.20581624334217433
42,global_std_score,hour,0.10272099437867563,0.10272099437867563
43,global_mean_score,sin_year,0.6415462470245458,0.6415462470245458
43,global_mean_score,cos_year,0.1336321613834911,0.1336321613834911
43,global_mean_score,sin_day,0.28235037407640484,0.28235037407640484
43,global_mean_score,cos_day,-0.15409057549708752,0.15409057549708752
43,global_mean_score,month,-0.4615851106888402,0.4615851106888402
43,global_mean_score,dayofyear,-0.4585659463536651,0.4585659463536651
43,global_mean_score,hour,-0.30272726206880607,0.30272726206880607
43,global_absmean_score,sin_year,0.17771516608521357,0.17771516608521357
43,global_absmean_score,cos_year,0.6052349730693476,0.6052349730693476
43,global_absmean_score,sin_day,0.032637611179642326,0.032637611179642326
43,global_absmean_score,cos_day,-0.06235567899186777,0.06235567899186777
43,global_absmean_score,month,-0.23807771091346586,0.23807771091346586
43,global_absmean_score,dayofyear,-0.23488586965104977,0.23488586965104977
43,global_absmean_score,hour,-0.10613870831739168,0.10613870831739168
43,global_std_score,sin_year,0.16449664916522552,0.16449664916522552
43,global_std_score,cos_year,0.6256631522880819,0.6256631522880819
43,global_std_score,sin_day,0.06148802780260022,0.06148802780260022
43,global_std_score,cos_day,-0.04249929423780583,0.04249929423780583
43,global_std_score,month,-0.23367498113101148,0.23367498113101148
43,global_std_score,dayofyear,-0.2309376814353467,0.2309376814353467
43,global_std_score,hour,-0.14184579071366032,0.14184579071366032
44,global_mean_score,sin_year,-0.34009788974475325,0.34009788974475325
44,global_mean_score,cos_year,0.02770900942987523,0.02770900942987523
44,global_mean_score,sin_day,-0.08897505986069387,0.08897505986069387
44,global_mean_score,cos_day,0.0030587134444813474,0.0030587134444813474
44,global_mean_score,month,0.31976045602615205,0.31976045602615205
44,global_mean_score,dayofyear,0.3148979868250573,0.3148979868250573
44,global_mean_score,hour,0.4301679045064412,0.4301679045064412
44,global_absmean_score,sin_year,-0.2798291683895575,0.2798291683895575
44,global_absmean_score,cos_year,-0.1653022816985668,0.1653022816985668
44,global_absmean_score,sin_day,-0.24504097880709858,0.24504097880709858
44,global_absmean_score,cos_day,-0.03307093982213011,0.03307093982213011
44,global_absmean_score,month,0.2893638938048221,0.2893638938048221
44,global_absmean_score,dayofyear,0.2831821897920044,0.2831821897920044
44,global_absmean_score,hour,0.14398755060654916,0.14398755060654916
44,global_std_score,sin_year,-0.32202516225563366,0.32202516225563366
44,global_std_score,cos_year,-0.22466665344075062,0.22466665344075062
44,global_std_score,sin_day,-0.25288629597051054,0.25288629597051054
44,global_std_score,cos_day,-0.02217193162030359,0.02217193162030359
44,global_std_score,month,0.3427558889993198,0.3427558889993198
44,global_std_score,dayofyear,0.3348008896793332,0.3348008896793332
44,global_std_score,hour,0.18551299763669163,0.18551299763669163
45,global_mean_score,sin_year,-0.35706978200011963,0.35706978200011963
45,global_mean_score,cos_year,-0.5219567399797111,0.5219567399797111
45,global_mean_score,sin_day,-0.10037066738461423,0.10037066738461423
45,global_mean_score,cos_day,-0.16307299468857056,0.16307299468857056
45,global_mean_score,month,0.0774643827435045,0.0774643827435045
45,global_mean_score,dayofyear,0.07794469339570323,0.07794469339570323
45,global_mean_score,hour,0.2436929927920881,0.2436929927920881
45,global_absmean_score,sin_year,-0.16429774642563094,0.16429774642563094
45,global_absmean_score,cos_year,-0.3262422462614214,0.3262422462614214
45,global_absmean_score,sin_day,-0.03666934789429423,0.03666934789429423
45,global_absmean_score,cos_day,0.10747297817536694,0.10747297817536694
45,global_absmean_score,month,-0.035290265742838604,0.035290265742838604
45,global_absmean_score,dayofyear,-0.03900305595042141,0.03900305595042141
45,global_absmean_score,hour,-0.06370724832555709,0.06370724832555709
45,global_std_score,sin_year,-0.19463985514204973,0.19463985514204973
45,global_std_score,cos_year,-0.3041760752462772,0.3041760752462772
45,global_std_score,sin_day,-0.04207541043432155,0.04207541043432155
45,global_std_score,cos_day,0.11389621405268013,0.11389621405268013
45,global_std_score,month,-0.036279605917827105,0.036279605917827105
45,global_std_score,dayofyear,-0.03971604373036164,0.03971604373036164
45,global_std_score,hour,-0.09971026135527303,0.09971026135527303
46,global_mean_score,sin_year,0.26102106843345774,0.26102106843345774
46,global_mean_score,cos_year,0.1246057004965135,0.1246057004965135
46,global_mean_score,sin_day,0.08660261923344925,0.08660261923344925
46,global_mean_score,cos_day,-0.0008890620635644809,0.0008890620635644809
46,global_mean_score,month,-0.4114217546397819,0.4114217546397819
46,global_mean_score,dayofyear,-0.4092552738099136,0.4092552738099136
46,global_mean_score,hour,-0.37216192143604865,0.37216192143604865
46,global_absmean_score,sin_year,0.24251382022051698,0.24251382022051698
46,global_absmean_score,cos_year,0.3211773792693848,0.3211773792693848
46,global_absmean_score,sin_day,0.19611860595902422,0.19611860595902422
46,global_absmean_score,cos_day,0.2302950428033627,0.2302950428033627
46,global_absmean_score,month,-0.14521771495895142,0.14521771495895142
46,global_absmean_score,dayofyear,-0.14633171729660835,0.14633171729660835
46,global_absmean_score,hour,-0.07777496473415675,0.07777496473415675
46,global_std_score,sin_year,0.27717061277181004,0.27717061277181004
46,global_std_score,cos_year,0.2935943899180332,0.2935943899180332
46,global_std_score,sin_day,0.21572925182569125,0.21572925182569125
46,global_std_score,cos_day,0.24793914291654437,0.24793914291654437
46,global_std_score,month,-0.1782757785651378,0.1782757785651378
46,global_std_score,dayofyear,-0.17950271921370756,0.17950271921370756
46,global_std_score,hour,-0.09631606045135757,0.09631606045135757
47,global_mean_score,sin_year,-0.5911046126999902,0.5911046126999902
47,global_mean_score,cos_year,-0.36594909308456186,0.36594909308456186
47,global_mean_score,sin_day,-0.19996216204525885,0.19996216204525885
47,global_mean_score,cos_day,0.3522724311724988,0.3522724311724988
47,global_mean_score,month,0.5611560108996957,0.5611560108996957
47,global_mean_score,dayofyear,0.5568871021063794,0.5568871021063794
47,global_mean_score,hour,0.04230731592243437,0.04230731592243437
47,global_absmean_score,sin_year,-0.14994869623168516,0.14994869623168516
47,global_absmean_score,cos_year,-0.04582637095583931,0.04582637095583931
47,global_absmean_score,sin_day,0.09842826739502751,0.09842826739502751
47,global_absmean_score,cos_day,0.31430728629198473,0.31430728629198473
47,global_absmean_score,month,0.11711988619840742,0.11711988619840742
47,global_absmean_score,dayofyear,0.11249502826347837,0.11249502826347837
47,global_absmean_score,hour,0.007298193540924627,0.007298193540924627
47,global_std_score,sin_year,-0.18141423638842014,0.18141423638842014
47,global_std_score,cos_year,-0.046320058142334676,0.046320058142334676
47,global_std_score,sin_day,0.09856351847097759,0.09856351847097759
47,global_std_score,cos_day,0.3667553632106431,0.3667553632106431
47,global_std_score,month,0.1708205294694852,0.1708205294694852
47,global_std_score,dayofyear,0.16585685368437064,0.16585685368437064
47,global_std_score,hour,-0.04335746240425549,0.04335746240425549
48,global_mean_score,sin_year,0.20719061860531018,0.20719061860531018
48,global_mean_score,cos_year,-0.3688766412644417,0.3688766412644417
48,global_mean_score,sin_day,0.14858797622848272,0.14858797622848272
48,global_mean_score,cos_day,0.0966118808597831,0.0966118808597831
48,global_mean_score,month,-0.26884574640388464,0.26884574640388464
48,global_mean_score,dayofyear,-0.2687691975497085,0.2687691975497085
48,global_mean_score,hour,0.1738156361225017,0.1738156361225017
48,global_absmean_score,sin_year,0.29393345732285203,0.29393345732285203
48,global_absmean_score,cos_year,0.06766727221411571,0.06766727221411571
48,global_absmean_score,sin_day,-0.16838066044980804,0.16838066044980804
48,global_absmean_score,cos_day,0.2119025879156571,0.2119025879156571
48,global_absmean_score,month,-0.308871141107865,0.308871141107865
48,global_absmean_score,dayofyear,-0.3104430587739853,0.3104430587739853
48,global_absmean_score,hour,-0.20570536877123202,0.20570536877123202
48,global_std_score,sin_year,0.3020078719173522,0.3020078719173522
48,global_std_score,cos_year,0.05317484896101888,0.05317484896101888
48,global_std_score,sin_day,-0.18250069197027885,0.18250069197027885
48,global_std_score,cos_day,0.2008778804141929,0.2008778804141929
48,global_std_score,month,-0.3235180168681458,0.3235180168681458
48,global_std_score,dayofyear,-0.3255581009400833,0.3255581009400833
48,global_std_score,hour,-0.1868029886744307,0.1868029886744307
49,global_mean_score,sin_year,-0.41584441798253374,0.41584441798253374
49,global_mean_score,cos_year,-0.5924564629551514,0.5924564629551514
49,global_mean_score,sin_day,-0.14502298157282223,0.14502298157282223
49,global_mean_score,cos_day,-0.025553324751102877,0.025553324751102877
49,global_mean_score,month,0.08712509429064627,0.08712509429064627
49,global_mean_score,dayofyear,0.08750504081267357,0.08750504081267357
49,global_mean_score,hour,0.14313085186374622,0.14313085186374622
49,global_absmean_score,sin_year,0.11537694786453703,0.11537694786453703
49,global_absmean_score,cos_year,0.35157260043530747,0.35157260043530747
49,global_absmean_score,sin_day,0.08455512056759174,0.08455512056759174
49,global_absmean_score,cos_day,0.05630446939721369,0.05630446939721369
49,global_absmean_score,month,-0.004531844704145695,0.004531844704145695
49,global_absmean_score,dayofyear,0.00022767313221941967,0.00022767313221941967
49,global_absmean_score,hour,-0.21493015995818707,0.21493015995818707
49,global_std_score,sin_year,0.14519325412140713,0.14519325412140713
49,global_std_score,cos_year,0.3802255895934262,0.3802255895934262
49,global_std_score,sin_day,0.09319366698518092,0.09319366698518092
49,global_std_score,cos_day,0.053794870904263506,0.053794870904263506
49,global_std_score,month,-0.04910830574907616,0.04910830574907616
49,global_std_score,dayofyear,-0.04348437096254332,0.04348437096254332
49,global_std_score,hour,-0.21563759695984958,0.21563759695984958
50,global_mean_score,sin_year,0.4390021082498564,0.4390021082498564
50,global_mean_score,cos_year,-0.02307720089191646,0.02307720089191646
50,global_mean_score,sin_day,0.1469517156330425,0.1469517156330425
50,global_mean_score,cos_day,0.0464093736411738,0.0464093736411738
50,global_mean_score,month,-0.36209519369656473,0.36209519369656473
50,global_mean_score,dayofyear,-0.3596906366641471,0.3596906366641471
50,global_mean_score,hour,-0.48250519153077054,0.48250519153077054
50,global_absmean_score,sin_year,-0.18963582377282623,0.18963582377282623
50,global_absmean_score,cos_year,0.3492983741828471,0.3492983741828471
50,global_absmean_score,sin_day,0.2778825826979498,0.2778825826979498
50,global_absmean_score,cos_day,0.12619577881122077,0.12619577881122077
50,global_absmean_score,month,0.17359252950026324,0.17359252950026324
50,global_absmean_score,dayofyear,0.17077768926217682,0.17077768926217682
50,global_absmean_score,hour,-0.3116130604104296,0.3116130604104296
50,global_std_score,sin_year,-0.24266463106793346,0.24266463106793346
50,global_std_score,cos_year,0.3206305746089579,0.3206305746089579
50,global_std_score,sin_day,0.29914378124731045,0.29914378124731045
50,global_std_score,cos_day,0.0900515345005992,0.0900515345005992
50,global_std_score,month,0.23018210384454185,0.23018210384454185
50,global_std_score,dayofyear,0.22858590810585427,0.22858590810585427
50,global_std_score,hour,-0.3026179156688332,0.3026179156688332
