feature,feature_kind,pc,correlation,abs_correlation,n_valid
land_sea_mask,era5_static,1,-0.7561504600917972,0.7561504600917972,59517786
temperature_lev11,era5_time_series,3,-0.5862724842730977,0.5862724842730977,59517786
temperature_lev18,era5_time_series,3,0.5853955649969809,0.5853955649969809,59517786
temperature_lev10,era5_time_series,3,-0.5853504996233353,0.5853504996233353,59517786
temperature_lev19,era5_time_series,3,0.5839364668063931,0.5839364668063931,59517786
temperature_lev20,era5_time_series,3,0.5756563568940977,0.5756563568940977,59517786
temperature_lev30,era5_time_series,3,0.5711474052760797,0.5711474052760797,59517786
temperature_lev29,era5_time_series,3,0.5708793728136624,0.5708793728136624,59517786
temperature_lev17,era5_time_series,3,0.5671069623802063,0.5671069623802063,59517786
temperature_lev28,era5_time_series,3,0.5670733352665963,0.5670733352665963,59517786
temperature_lev31,era5_time_series,3,0.5653716200908425,0.5653716200908425,59517786
temperature_lev21,era5_time_series,3,0.56492271727099,0.56492271727099,59517786
temperature_lev27,era5_time_series,3,0.5626316093013228,0.5626316093013228,59517786
specific_humidity_lev35,era5_time_series,1,0.5624282275460677,0.5624282275460677,59517786
specific_humidity_lev34,era5_time_series,1,0.5604397260717167,0.5604397260717167,59517786
temperature_lev26,era5_time_series,3,0.5583731049355948,0.5583731049355948,59517786
temperature_lev22,era5_time_series,3,0.5555640322890557,0.5555640322890557,59517786
specific_humidity_lev36,era5_time_series,1,0.5552884358450666,0.5552884358450666,59517786
temperature_lev32,era5_time_series,3,0.5541107391445176,0.5541107391445176,59517786
temperature_lev25,era5_time_series,3,0.5511775027292714,0.5511775027292714,59517786
temperature_lev23,era5_time_series,3,0.5495495682572727,0.5495495682572727,59517786
temperature_lev24,era5_time_series,3,0.5479790884681572,0.5479790884681572,59517786
geopotential_lev16,era5_time_series,3,0.5475859870574027,0.5475859870574027,59517786
geopotential_lev15,era5_time_series,3,0.5467854429191643,0.5467854429191643,59517786
geopotential_lev17,era5_time_series,3,0.5432865899621808,0.5432865899621808,59517786
geopotential_lev14,era5_time_series,3,0.5423316043899766,0.5423316043899766,59517786
temperature_lev12,era5_time_series,3,-0.5410919290958839,0.5410919290958839,59517786
temperature_lev33,era5_time_series,3,0.5387781380734048,0.5387781380734048,59517786
specific_humidity_lev26,era5_time_series,2,-0.5384293704343442,0.5384293704343442,59517786
geopotential_lev18,era5_time_series,3,0.5355099168142364,0.5355099168142364,59517786
specific_humidity_lev33,era5_time_series,1,0.5340169968436291,0.5340169968436291,59517786
geopotential_lev13,era5_time_series,3,0.5324725890187167,0.5324725890187167,59517786
specific_humidity_lev27,era5_time_series,2,-0.5284221512888057,0.5284221512888057,59517786
specific_humidity_lev25,era5_time_series,2,-0.5267510451376516,0.5267510451376516,59517786
geopotential_lev19,era5_time_series,3,0.5263546779790111,0.5263546779790111,59517786
temperature_lev34,era5_time_series,3,0.5199363228557115,0.5199363228557115,59517786
specific_humidity_lev12,era5_time_series,3,0.5185551637713371,0.5185551637713371,59517786
geopotential_lev20,era5_time_series,3,0.5166632888495095,0.5166632888495095,59517786
geopotential_lev12,era5_time_series,3,0.5146724737942544,0.5146724737942544,59517786
geopotential_lev21,era5_time_series,3,0.5067874934488541,0.5067874934488541,59517786
temperature_lev09,era5_time_series,3,-0.5054797691296794,0.5054797691296794,59517786
specific_humidity_lev24,era5_time_series,2,-0.5052029378338588,0.5052029378338588,59517786
specific_humidity_lev32,era5_time_series,1,0.5035449045595082,0.5035449045595082,59517786
specific_humidity_lev28,era5_time_series,2,-0.5026693899037464,0.5026693899037464,59517786
temperature_lev35,era5_time_series,3,0.5026049981533726,0.5026049981533726,59517786
geopotential_lev22,era5_time_series,3,0.49651435754926304,0.49651435754926304,59517786
temperature_lev36,era5_time_series,3,0.4937122332222154,0.4937122332222154,59517786
specific_humidity_lev23,era5_time_series,2,-0.4933436801054197,0.4933436801054197,59517786
specific_humidity_lev13,era5_time_series,3,0.487947736158138,0.487947736158138,59517786
geopotential_lev23,era5_time_series,3,0.4850914610922243,0.4850914610922243,59517786
specific_humidity_lev22,era5_time_series,2,-0.4849650243430128,0.4849650243430128,59517786
geopotential_lev11,era5_time_series,3,0.4842445911157328,0.4842445911157328,59517786
geopotential_at_surface,era5_static,1,-0.47774494766454867,0.47774494766454867,59517786
specific_humidity_lev31,era5_time_series,1,0.47422542754991576,0.47422542754991576,59517786
geopotential_lev24,era5_time_series,3,0.4710550869488659,0.4710550869488659,59517786
specific_humidity_lev21,era5_time_series,2,-0.4665248298311272,0.4665248298311272,59517786
specific_humidity_lev11,era5_time_series,3,0.460900041887518,0.460900041887518,59517786
temperature_lev16,era5_time_series,3,0.45978553667342326,0.45978553667342326,59517786
u_component_of_wind_lev06,era5_time_series,3,-0.45904520515012043,0.45904520515012043,59517786
context__latitude_sin,context,5,0.4578980424305484,0.4578980424305484,59517786
v_component_of_wind_lev36,era5_time_series,10,-0.45652992358849376,0.45652992358849376,59517786
10m_v_component_of_wind,era5_time_series,10,-0.4553176757457361,0.4553176757457361,59517786
specific_humidity_lev14,era5_time_series,3,0.45415158558373253,0.45415158558373253,59517786
v_component_of_wind_lev35,era5_time_series,10,-0.4537447265197082,0.4537447265197082,59517786
geopotential_lev25,era5_time_series,3,0.45246071201933713,0.45246071201933713,59517786
specific_humidity_lev29,era5_time_series,2,-0.4507789455921769,0.4507789455921769,59517786
2m_temperature,era5_time_series,1,0.4496062632649271,0.4496062632649271,59517786
context__latitude,context,5,0.4490858803307596,0.4490858803307596,59517786
v_component_of_wind_lev34,era5_time_series,10,-0.4446618690798502,0.4446618690798502,59517786
u_component_of_wind_lev09,era5_time_series,3,-0.4416807857034171,0.4416807857034171,59517786
specific_humidity_lev30,era5_time_series,1,0.4400581999047931,0.4400581999047931,59517786
specific_humidity_lev20,era5_time_series,2,-0.4387181091602405,0.4387181091602405,59517786
geopotential_lev10,era5_time_series,3,0.43015594237117993,0.43015594237117993,59517786
u_component_of_wind_lev07,era5_time_series,3,-0.42828659150013143,0.42828659150013143,59517786
geopotential_lev26,era5_time_series,3,0.4270057831962384,0.4270057831962384,59517786
v_component_of_wind_lev33,era5_time_series,10,-0.4257361593104621,0.4257361593104621,59517786
u_component_of_wind_lev10,era5_time_series,3,-0.42391597396598185,0.42391597396598185,59517786
specific_humidity_lev15,era5_time_series,3,0.4234680991136286,0.4234680991136286,59517786
u_component_of_wind_lev05,era5_time_series,3,-0.42276008734628184,0.42276008734628184,59517786
specific_humidity_lev03,era5_time_series,3,-0.4118734219299369,0.4118734219299369,59517786
geopotential_lev27,era5_time_series,3,0.41084609781915393,0.41084609781915393,59517786
specific_humidity_lev19,era5_time_series,2,-0.40800079766393327,0.40800079766393327,59517786
specific_humidity_lev02,era5_time_series,3,-0.4077516040397364,0.4077516040397364,59517786
specific_humidity_lev01,era5_time_series,3,-0.4033179531700426,0.4033179531700426,59517786
v_component_of_wind_lev32,era5_time_series,10,-0.4025184509972972,0.4025184509972972,59517786
specific_humidity_lev04,era5_time_series,3,-0.4023599642332589,0.4023599642332589,59517786
u_component_of_wind_lev33,era5_time_series,10,0.39921109548635875,0.39921109548635875,59517786
u_component_of_wind_lev32,era5_time_series,10,0.3978877196131289,0.3978877196131289,59517786
u_component_of_wind_lev34,era5_time_series,10,0.3953878840837077,0.3953878840837077,59517786
u_component_of_wind_lev31,era5_time_series,10,0.3933194207930231,0.3933194207930231,59517786
geopotential_lev28,era5_time_series,3,0.3917665803469559,0.3917665803469559,59517786
specific_humidity_lev16,era5_time_series,3,0.39098280109758615,0.39098280109758615,59517786
u_component_of_wind_lev23,era5_time_series,3,-0.39052898459543794,0.39052898459543794,59517786
u_component_of_wind_lev22,era5_time_series,3,-0.38854188551496716,0.38854188551496716,59517786
u_component_of_wind_lev30,era5_time_series,10,0.38738131105556256,0.38738131105556256,59517786
specific_humidity_lev05,era5_time_series,1,-0.3871413465371544,0.3871413465371544,59517786
u_component_of_wind_lev24,era5_time_series,3,-0.38633185533996584,0.38633185533996584,59517786
u_component_of_wind_lev35,era5_time_series,10,0.3852162496422373,0.3852162496422373,59517786
u_component_of_wind_lev29,era5_time_series,10,0.38094118213565886,0.38094118213565886,59517786
u_component_of_wind_lev21,era5_time_series,3,-0.3803191527240688,0.3803191527240688,59517786
u_component_of_wind_lev25,era5_time_series,3,-0.379994965964625,0.379994965964625,59517786
v_component_of_wind_lev31,era5_time_series,10,-0.37931444538611175,0.37931444538611175,59517786
u_component_of_wind_lev08,era5_time_series,3,-0.3771988589610821,0.3771988589610821,59517786
u_component_of_wind_lev28,era5_time_series,10,0.3740094612594608,0.3740094612594608,59517786
specific_humidity_lev18,era5_time_series,2,-0.3731026961735379,0.3731026961735379,59517786
u_component_of_wind_lev04,era5_time_series,3,-0.3726342176802002,0.3726342176802002,59517786
u_component_of_wind_lev26,era5_time_series,3,-0.3725774053581043,0.3725774053581043,59517786
u_component_of_wind_lev20,era5_time_series,12,-0.37023822095113323,0.37023822095113323,59517786
u_component_of_wind_lev36,era5_time_series,10,0.3697066088264611,0.3697066088264611,59517786
geopotential_lev29,era5_time_series,3,0.36928342868876923,0.36928342868876923,59517786
u_component_of_wind_lev27,era5_time_series,3,-0.36820031843335344,0.36820031843335344,59517786
10m_u_component_of_wind,era5_time_series,10,0.3665142100685025,0.3665142100685025,59517786
u_component_of_wind_lev19,era5_time_series,12,-0.36388792653678226,0.36388792653678226,59517786
v_component_of_wind_lev30,era5_time_series,10,-0.35847243274755225,0.35847243274755225,59517786
temperature_lev13,era5_time_series,3,-0.3548458050568921,0.3548458050568921,59517786
temperature_lev08,era5_time_series,3,-0.3538566173974244,0.3538566173974244,59517786
u_component_of_wind_lev18,era5_time_series,12,-0.3525539637873717,0.3525539637873717,59517786
specific_humidity_lev06,era5_time_series,1,-0.34733649201422767,0.34733649201422767,59517786
geopotential_lev30,era5_time_series,3,0.34289233999249846,0.34289233999249846,59517786
v_component_of_wind_lev29,era5_time_series,10,-0.341186609879435,0.341186609879435,59517786
u_component_of_wind_lev11,era5_time_series,3,-0.34115818284317273,0.34115818284317273,59517786
u_component_of_wind_lev17,era5_time_series,12,-0.33412698826082615,0.33412698826082615,59517786
u_component_of_wind_lev03,era5_time_series,3,-0.33396805659503337,0.33396805659503337,59517786
specific_humidity_lev17,era5_time_series,2,-0.3317790460648467,0.3317790460648467,59517786
geopotential_lev31,era5_time_series,7,0.32830558825981637,0.32830558825981637,59517786
geopotential_lev32,era5_time_series,7,0.32696134765744844,0.32696134765744844,59517786
v_component_of_wind_lev28,era5_time_series,10,-0.3257973725069215,0.3257973725069215,59517786
geopotential_lev33,era5_time_series,7,0.3220809048306259,0.3220809048306259,59517786
geopotential_lev36,era5_time_series,2,0.31858226856141303,0.31858226856141303,59517786
geopotential_lev09,era5_time_series,3,0.31584502938628184,0.31584502938628184,59517786
mean_sea_level_pressure,era5_time_series,2,0.3150888344707212,0.3150888344707212,59517786
geopotential_lev34,era5_time_series,7,0.31328545039289046,0.31328545039289046,59517786
v_component_of_wind_lev27,era5_time_series,10,-0.3103542998637304,0.3103542998637304,59517786
v_component_of_wind_lev22,era5_time_series,23,0.30879797006383686,0.30879797006383686,59517786
u_component_of_wind_lev16,era5_time_series,12,-0.30753815145574864,0.30753815145574864,59517786
v_component_of_wind_lev23,era5_time_series,23,0.306970962740296,0.306970962740296,59517786
v_component_of_wind_lev21,era5_time_series,23,0.3045678972399669,0.3045678972399669,59517786
geopotential_lev35,era5_time_series,2,0.3032263341971358,0.3032263341971358,59517786
u_component_of_wind_lev12,era5_time_series,3,-0.3003806475884607,0.3003806475884607,59517786
temperature_lev15,era5_time_series,3,0.2998542356757187,0.2998542356757187,59517786
v_component_of_wind_lev24,era5_time_series,23,0.2989568659586547,0.2989568659586547,59517786
u_component_of_wind_lev15,era5_time_series,3,-0.2952139576626378,0.2952139576626378,59517786
v_component_of_wind_lev26,era5_time_series,10,-0.2945683618219979,0.2945683618219979,59517786
v_component_of_wind_lev20,era5_time_series,23,0.29396752896634915,0.29396752896634915,59517786
u_component_of_wind_lev02,era5_time_series,3,-0.2939436204669643,0.2939436204669643,59517786
u_component_of_wind_lev14,era5_time_series,3,-0.28941966117982293,0.28941966117982293,59517786
u_component_of_wind_lev13,era5_time_series,3,-0.2882833173977815,0.2882833173977815,59517786
u_component_of_wind_lev01,era5_time_series,3,-0.28794207769704666,0.28794207769704666,59517786
total_precipitation_6hr,era5_time_series,2,-0.28482531147065243,0.28482531147065243,59517786
u_component_of_wind_lev00,era5_time_series,3,-0.28373535747719575,0.28373535747719575,59517786
v_component_of_wind_lev19,era5_time_series,23,0.2812653790552505,0.2812653790552505,59517786
v_component_of_wind_lev25,era5_time_series,23,0.278666257185927,0.278666257185927,59517786
context__local_time_sin,context,36,-0.2743756041339412,0.2743756041339412,59517786
v_component_of_wind_lev18,era5_time_series,23,0.27085499292057497,0.27085499292057497,59517786
geopotential_lev08,era5_time_series,7,0.2666048692187892,0.2666048692187892,59517786
v_component_of_wind_lev17,era5_time_series,23,0.2642014705822227,0.2642014705822227,59517786
v_component_of_wind_lev16,era5_time_series,23,0.2539668154798398,0.2539668154798398,59517786
geopotential_lev07,era5_time_series,7,0.24900336034188672,0.24900336034188672,59517786
specific_humidity_lev07,era5_time_series,4,0.24758599587197253,0.24758599587197253,59517786
v_component_of_wind_lev15,era5_time_series,23,0.24502454471397103,0.24502454471397103,59517786
geopotential_lev06,era5_time_series,7,0.23759996736273337,0.23759996736273337,59517786
v_component_of_wind_lev14,era5_time_series,23,0.23248953706345288,0.23248953706345288,59517786
specific_humidity_lev08,era5_time_series,4,0.22312870560749565,0.22312870560749565,59517786
specific_humidity_lev00,era5_time_series,3,-0.22009080865215633,0.22009080865215633,59517786
context__longitude_cos,context,1,-0.21899030293457147,0.21899030293457147,59517786
temperature_lev14,era5_time_series,36,-0.21856269933230088,0.21856269933230088,59517786
geopotential_lev05,era5_time_series,7,0.21746743891954054,0.21746743891954054,59517786
vertical_velocity_lev25,era5_time_series,2,0.2168696465071208,0.2168696465071208,59517786
vertical_velocity_lev26,era5_time_series,2,0.21673934861018807,0.21673934861018807,59517786
v_component_of_wind_lev13,era5_time_series,23,0.21633849302647123,0.21633849302647123,59517786
vertical_velocity_lev27,era5_time_series,2,0.21530720793112545,0.21530720793112545,59517786
vertical_velocity_lev24,era5_time_series,2,0.21417893223988563,0.21417893223988563,59517786
vertical_velocity_lev28,era5_time_series,2,0.2127649957145643,0.2127649957145643,59517786
vertical_velocity_lev23,era5_time_series,2,0.21116112509080423,0.21116112509080423,59517786
vertical_velocity_lev17,era5_time_series,2,0.21012432218006105,0.21012432218006105,59517786
v_component_of_wind_lev11,era5_time_series,64,-0.20951617628070773,0.20951617628070773,59517786
vertical_velocity_lev18,era5_time_series,2,0.2092515612652984,0.2092515612652984,59517786
vertical_velocity_lev22,era5_time_series,2,0.2087165191067791,0.2087165191067791,59517786
vertical_velocity_lev29,era5_time_series,2,0.2084822246591486,0.2084822246591486,59517786
geopotential_lev04,era5_time_series,7,0.2071387158041854,0.2071387158041854,59517786
temperature_lev01,era5_time_series,3,0.20633595975488397,0.20633595975488397,59517786
temperature_lev02,era5_time_series,3,0.20549659971666848,0.20549659971666848,59517786
vertical_velocity_lev21,era5_time_series,2,0.20528945044287109,0.20528945044287109,59517786
vertical_velocity_lev19,era5_time_series,2,0.20517568385628207,0.20517568385628207,59517786
temperature_lev04,era5_time_series,3,0.20473772029010875,0.20473772029010875,59517786
temperature_lev03,era5_time_series,3,0.20377635258156462,0.20377635258156462,59517786
vertical_velocity_lev20,era5_time_series,2,0.20306981919787964,0.20306981919787964,59517786
vertical_velocity_lev30,era5_time_series,2,0.2012976827677621,0.2012976827677621,59517786
v_component_of_wind_lev12,era5_time_series,23,0.2012297316022777,0.2012297316022777,59517786
geopotential_lev00,era5_time_series,3,0.20079487827842085,0.20079487827842085,59517786
geopotential_lev03,era5_time_series,7,0.19780798033863473,0.19780798033863473,59517786
temperature_lev05,era5_time_series,3,0.19685615967642495,0.19685615967642495,59517786
vertical_velocity_lev16,era5_time_series,2,0.1934420775341264,0.1934420775341264,59517786
geopotential_lev02,era5_time_series,34,-0.19255909342497418,0.19255909342497418,59517786
geopotential_lev01,era5_time_series,3,0.19192198638604538,0.19192198638604538,59517786
v_component_of_wind_lev10,era5_time_series,64,-0.1915707649035893,0.1915707649035893,59517786
vertical_velocity_lev31,era5_time_series,2,0.18977159659426365,0.18977159659426365,59517786
specific_humidity_lev09,era5_time_series,4,0.18863088609111955,0.18863088609111955,59517786
vertical_velocity_lev36,era5_time_series,1,-0.18053325576576107,0.18053325576576107,59517786
vertical_velocity_lev32,era5_time_series,2,0.17309773099801581,0.17309773099801581,59517786
vertical_velocity_lev15,era5_time_series,2,0.17152952885399553,0.17152952885399553,59517786
context__local_time_cos,context,29,0.17036184337007354,0.17036184337007354,59517786
vertical_velocity_lev35,era5_time_series,1,-0.16826230670405098,0.16826230670405098,59517786
toa_incident_solar_radiation,era5_time_series,42,0.16630405169177317,0.16630405169177317,59517786
temperature_lev00,era5_time_series,3,0.1566178843067675,0.1566178843067675,59517786
temperature_lev06,era5_time_series,36,-0.15535785859984044,0.15535785859984044,59517786
v_component_of_wind_lev09,era5_time_series,23,0.15486894157507494,0.15486894157507494,59517786
context__longitude_sin,context,2,-0.15424983498084469,0.15424983498084469,59517786
specific_humidity_lev10,era5_time_series,250,-0.1530268716489708,0.1530268716489708,59517786
temperature_lev07,era5_time_series,36,-0.15261455935052742,0.15261455935052742,59517786
vertical_velocity_lev33,era5_time_series,2,0.15040632278641677,0.15040632278641677,59517786
vertical_velocity_lev34,era5_time_series,1,-0.14234847561257236,0.14234847561257236,59517786
vertical_velocity_lev14,era5_time_series,2,0.14021615323066142,0.14021615323066142,59517786
v_component_of_wind_lev08,era5_time_series,64,-0.12068682689607105,0.12068682689607105,59517786
context__year_progress_cos,context,17,0.12029820175503525,0.12029820175503525,59517786
vertical_velocity_lev10,era5_time_series,313,0.10345436972277262,0.10345436972277262,59517786
vertical_velocity_lev13,era5_time_series,2,0.10177444165190433,0.10177444165190433,59517786
vertical_velocity_lev11,era5_time_series,143,0.09430051566149576,0.09430051566149576,59517786
v_component_of_wind_lev07,era5_time_series,70,-0.09195045472721167,0.09195045472721167,59517786
context__year_progress_sin,context,106,0.09121888925025361,0.09121888925025361,59517786
vertical_velocity_lev12,era5_time_series,203,-0.08925158580085145,0.08925158580085145,59517786
v_component_of_wind_lev06,era5_time_series,70,-0.07779343538507343,0.07779343538507343,59517786
vertical_velocity_lev09,era5_time_series,196,0.07329412178015425,0.07329412178015425,59517786
v_component_of_wind_lev05,era5_time_series,70,-0.05600078778422599,0.05600078778422599,59517786
vertical_velocity_lev08,era5_time_series,266,-0.046399467159946334,0.046399467159946334,59517786
v_component_of_wind_lev04,era5_time_series,70,-0.04547648006636938,0.04547648006636938,59517786
v_component_of_wind_lev03,era5_time_series,70,-0.03622796923062728,0.03622796923062728,59517786
v_component_of_wind_lev02,era5_time_series,112,0.030876742926927422,0.030876742926927422,59517786
v_component_of_wind_lev00,era5_time_series,46,0.029867994255872294,0.029867994255872294,59517786
vertical_velocity_lev07,era5_time_series,13,0.028758360739238976,0.028758360739238976,59517786
v_component_of_wind_lev01,era5_time_series,67,-0.02558238019716189,0.02558238019716189,59517786
vertical_velocity_lev01,era5_time_series,29,0.02086208864697618,0.02086208864697618,59517786
vertical_velocity_lev06,era5_time_series,157,-0.01833132411005096,0.01833132411005096,59517786
vertical_velocity_lev00,era5_time_series,29,0.01654580482161012,0.01654580482161012,59517786
vertical_velocity_lev02,era5_time_series,60,-0.016154616415846753,0.016154616415846753,59517786
vertical_velocity_lev03,era5_time_series,66,-0.013842547232158093,0.013842547232158093,59517786
vertical_velocity_lev04,era5_time_series,66,-0.012105093052483806,0.012105093052483806,59517786
vertical_velocity_lev05,era5_time_series,88,-0.012013165224675814,0.012013165224675814,59517786
