experiment,gamma,lead_hours,global_mean_ivt
Correct AR probe,0.5,6.0,193.31446564943496
Correct AR probe,0.5,12.0,192.3224654673883
Correct AR probe,0.5,18.0,192.24043414824868
Correct AR probe,0.5,24.0,191.7412864016627
Correct AR probe,0.5,30.0,192.81981160333962
Correct AR probe,0.5,36.0,190.80152246931058
Correct AR probe,0.5,42.0,189.68803072999904
Correct AR probe,0.5,48.0,188.65856033083443
Correct AR probe,0.5,54.0,190.1169705694475
Correct AR probe,0.5,60.0,189.2981255996356
Correct AR probe,0.5,66.0,189.62841042309734
Correct AR probe,0.5,72.0,189.85578845749185
Correct AR probe,0.5,78.0,192.6768951050403
Correct AR probe,0.5,84.0,192.24384988537702
Correct AR probe,0.5,90.0,192.9951611867786
Correct AR probe,0.5,96.0,193.63372957076555
Correct AR probe,0.5,102.0,196.9555579214173
Correct AR probe,0.5,108.0,197.10468498464417
Correct AR probe,0.5,114.0,197.7434866823553
Correct AR probe,0.5,120.0,197.82647515574263
Shuffled timesteps,0.5,6.0,192.63504925701343
Shuffled timesteps,0.5,12.0,191.13745855827437
Shuffled timesteps,0.5,18.0,190.545773057734
Shuffled timesteps,0.5,24.0,189.66011209333692
Shuffled timesteps,0.5,30.0,190.44609376018764
Shuffled timesteps,0.5,36.0,188.15304807133919
Shuffled timesteps,0.5,42.0,186.7454162863755
Shuffled timesteps,0.5,48.0,185.49330768699716
Shuffled timesteps,0.5,54.0,186.68228553017892
Shuffled timesteps,0.5,60.0,185.62479118048785
Shuffled timesteps,0.5,66.0,185.7445725574506
Shuffled timesteps,0.5,72.0,185.7768277861736
Shuffled timesteps,0.5,78.0,188.3863702532268
Shuffled timesteps,0.5,84.0,187.7521008097815
Shuffled timesteps,0.5,90.0,188.32649135411828
Shuffled timesteps,0.5,96.0,188.60167752872184
Shuffled timesteps,0.5,102.0,191.7253486178862
Shuffled timesteps,0.5,108.0,191.9181684935618
Shuffled timesteps,0.5,114.0,192.64697589616418
Shuffled timesteps,0.5,120.0,192.72237566528113
Random labels,0.5,6.0,192.30090443818415
Random labels,0.5,12.0,190.57241624969126
Random labels,0.5,18.0,189.88026481007464
Random labels,0.5,24.0,188.91725764443916
Random labels,0.5,30.0,189.60779750223475
Random labels,0.5,36.0,187.1625953269023
Random labels,0.5,42.0,185.68459297958577
Random labels,0.5,48.0,184.27957447935873
Random labels,0.5,54.0,185.28251139458058
Random labels,0.5,60.0,184.01143097471265
Random labels,0.5,66.0,183.9806650137908
Random labels,0.5,72.0,183.77213570152546
Random labels,0.5,78.0,186.2674038647371
Random labels,0.5,84.0,185.5478834531207
Random labels,0.5,90.0,186.09141668096356
Random labels,0.5,96.0,186.26264424743772
Random labels,0.5,102.0,189.08614743677546
Random labels,0.5,108.0,188.91254587773426
Random labels,0.5,114.0,189.19239705142942
Random labels,0.5,120.0,189.190779402518
Baseline,0.0,6.0,192.32915989807012
Baseline,0.0,12.0,190.65127632377087
Baseline,0.0,18.0,190.02177010459144
Baseline,0.0,24.0,189.11231631191217
Baseline,0.0,30.0,189.85376104327904
Baseline,0.0,36.0,187.43734825410482
Baseline,0.0,42.0,185.99230356293234
Baseline,0.0,48.0,184.58166793572138
Baseline,0.0,54.0,185.6651498425313
Baseline,0.0,60.0,184.39061907708611
Baseline,0.0,66.0,184.3700989393182
Baseline,0.0,72.0,184.16827480361633
Baseline,0.0,78.0,186.70570149240842
Baseline,0.0,84.0,185.90445289264676
Baseline,0.0,90.0,186.39021430993657
Baseline,0.0,96.0,186.50724692202164
Baseline,0.0,102.0,189.3429377766878
Baseline,0.0,108.0,189.07948657269867
Baseline,0.0,114.0,189.36218458333937
Baseline,0.0,120.0,189.32297067646596
