center_time,mask_6h,diff_6h,mask_3d,diff_3d
2021-01-03 00:00:00,2021-01-03 05:00:00,1.0,2021-01-05 23:00:00,1.0
2021-01-07 18:00:00,2021-01-07 23:00:00,1.0,2021-01-10 16:00:00,2.0
2021-01-14 18:00:00,2021-01-14 22:00:00,2.0,2021-01-17 21:00:00,3.0
2021-01-22 18:00:00,2021-01-22 21:00:00,3.0,2021-01-25 17:00:00,1.0
2021-02-03 12:00:00,2021-02-03 19:00:00,1.0,2021-02-06 15:00:00,3.0
2021-02-06 06:00:00,2021-02-06 15:00:00,3.0,2021-02-09 05:00:00,1.0
2021-02-10 00:00:00,2021-02-10 06:00:00,0.0,2021-02-13 00:00:00,0.0
2021-03-14 00:00:00,2021-03-14 05:00:00,1.0,2021-03-17 03:00:00,3.0
2021-04-17 18:00:00,2021-04-18 00:00:00,0.0,2021-04-20 21:00:00,3.0
2021-04-30 18:00:00,2021-04-30 23:00:00,1.0,2021-05-03 21:00:00,3.0
2021-05-04 06:00:00,2021-05-04 12:00:00,0.0,2021-05-07 06:00:00,0.0
2021-05-26 18:00:00,2021-05-26 21:00:00,3.0,2021-05-29 16:00:00,2.0
2021-06-14 00:00:00,2021-06-14 07:00:00,1.0,2021-06-16 23:00:00,1.0
2021-06-22 12:00:00,2021-06-22 19:00:00,1.0,2021-06-25 10:00:00,2.0
2021-07-02 18:00:00,2021-07-03 01:00:00,1.0,2021-07-05 16:00:00,2.0
2021-07-06 06:00:00,2021-07-06 11:00:00,1.0,2021-07-09 05:00:00,1.0
2021-07-08 00:00:00,2021-07-08 03:00:00,3.0,2021-07-11 00:00:00,0.0
2021-07-15 00:00:00,2021-07-15 07:00:00,1.0,2021-07-18 02:00:00,2.0
2021-07-18 00:00:00,2021-07-18 08:00:00,2.0,2021-07-20 22:00:00,2.0
2021-08-08 06:00:00,2021-08-08 09:00:00,3.0,2021-08-11 06:00:00,0.0
2021-08-18 12:00:00,2021-08-18 16:00:00,2.0,2021-08-21 09:00:00,3.0
2021-08-22 12:00:00,2021-08-22 15:00:00,3.0,2021-08-25 12:00:00,0.0
2021-09-10 12:00:00,2021-09-10 17:00:00,1.0,2021-09-13 15:00:00,3.0
2021-10-12 00:00:00,2021-10-12 03:00:00,3.0,2021-10-14 22:00:00,2.0
2021-10-25 06:00:00,2021-10-25 14:00:00,2.0,2021-10-28 05:00:00,1.0
2021-11-02 18:00:00,2021-11-03 00:00:00,0.0,2021-11-05 17:00:00,1.0
2021-11-08 00:00:00,2021-11-08 03:00:00,3.0,2021-11-10 22:00:00,2.0
2021-12-02 00:00:00,2021-12-02 06:00:00,0.0,2021-12-05 01:00:00,1.0
2021-12-27 00:00:00,2021-12-27 09:00:00,3.0,2021-12-30 02:00:00,2.0
