center_time,anchor_time,mask_time,component_id,component_pixels,climatenet_lat_6h,climatenet_lon_6h,lat_t,lon_t,vmax_t,pmin_t,lat_6h,lon_6h,vmax_6h,pmin_6h,lat_1d,lon_1d,vmax_1d,pmin_1d,lat_2d,lon_2d,vmax_2d,pmin_2d,lat_3d,lon_3d,vmax_3d,pmin_3d,lat_4d,lon_4d,vmax_4d,pmin_4d,lat_5d,lon_5d,vmax_5d,pmin_5d
2021-01-03 00:00:00,2021-01-03 06:00:00,2021-01-03 05:00:00,1,596,-15.72441291809082,140.6555938720703,-16.25,139.25,16.52069664001465,995.592041015625,-16.75,140.0,17.810096740722656,991.094482421875,-17.5,141.75,13.683633804321289,997.5656127929688,-17.75,143.0,6.32889461517334,1003.576904296875,-18.75,146.5,12.137697219848633,1003.7937622070312,-19.0,147.0,8.789205551147461,1006.5744018554688,-18.75,146.75,5.610658645629883,1007.6497802734375
2021-01-03 12:00:00,2021-01-03 18:00:00,2021-01-03 20:00:00,1,379,-17.35883903503418,142.1292724609375,-17.0,141.0,17.036954879760742,991.9962768554688,-17.5,141.75,17.292879104614258,990.70654296875,-17.75,142.75,8.657672882080078,1000.3975219726562,-17.75,143.0,4.316415309906006,1004.3363037109375,-19.0,147.0,12.975192070007324,1004.619384765625,-19.0,146.75,4.950783729553223,1007.0543823242188,-18.75,146.75,8.038330078125,1006.8722534179688
2021-01-10 12:00:00,2021-01-10 18:00:00,2021-01-10 16:00:00,1,1147,-20.340234756469727,60.4877815246582,-19.5,59.75,11.043022155761719,1003.05517578125,-19.75,59.25,10.622273445129395,1006.372314453125,-19.5,58.0,9.89475154876709,1005.3339233398438,-19.25,55.25,9.236526489257812,1007.0531005859375,-19.0,54.75,7.645020961761475,1008.060791015625,-18.75,54.25,5.53396463394165,1007.7811889648438,-18.75,54.25,6.251129627227783,1008.2763061523438
2021-01-13 18:00:00,2021-01-14 00:00:00,2021-01-14 01:00:00,1,609,-12.944170951843262,98.32962036132812,-12.5,97.25,15.718246459960938,1003.3131103515625,-12.5,97.0,14.440258026123047,1000.7286987304688,-14.25,95.75,16.044084548950195,1000.720947265625,-16.0,94.25,15.750602722167969,1001.062744140625,-17.5,91.5,14.936741828918457,1000.38427734375,-18.25,88.5,13.326128959655762,1003.5499877929688,-19.25,85.5,11.717131614685059,1004.9720458984375
2021-01-14 00:00:00,2021-01-14 06:00:00,2021-01-14 05:00:00,1,361,-14.294321060180664,96.92521667480469,-12.5,96.75,14.890157699584961,1000.7286987304688,-13.75,97.25,15.464585304260254,1001.1984252929688,-14.75,95.5,14.947222709655762,1000.7276000976562,-16.25,93.75,15.101737976074219,1000.2478637695312,-17.75,90.75,14.985567092895508,1000.7803344726562,-19.0,88.0,12.934703826904297,1002.7933349609375,-19.25,84.5,12.215599060058594,1004.24560546875
2021-01-14 18:00:00,2021-01-15 00:00:00,2021-01-14 22:00:00,1,356,-15.332162857055664,95.69522094726562,-14.5,95.5,16.044084548950195,1000.720947265625,-14.75,95.5,14.947222709655762,1000.7276000976562,-16.0,94.25,15.750602722167969,1001.062744140625,-17.5,91.5,14.936741828918457,1000.38427734375,-18.25,88.5,13.326128959655762,1003.5499877929688,-19.25,85.5,11.717131614685059,1004.9720458984375,-19.5,81.25,11.426496505737305,1007.8156127929688
2021-01-17 12:00:00,2021-01-17 18:00:00,2021-01-17 21:00:00,1,799,-14.664267539978027,58.62799835205078,-13.5,60.75,19.853853225708008,992.0591430664062,-13.5,59.0,18.67860221862793,995.2638549804688,-14.25,54.75,21.408967971801758,990.9703979492188,-15.25,50.75,18.36127281188965,994.2227172851562,-16.0,46.75,15.9944429397583,996.095703125,-17.5,42.25,25.845537185668945,986.0836181640625,-19.25,37.0,28.438060760498047,978.80810546875
2021-01-17 18:00:00,2021-01-18 00:00:00,2021-01-17 21:00:00,1,799,-14.664267539978027,58.62799835205078,-13.25,59.0,18.67860221862793,995.2638549804688,-13.75,57.5,19.300342559814453,992.7310791015625,-14.5,53.5,21.316112518310547,991.3157958984375,-15.5,50.25,17.12468719482422,997.6062622070312,-16.5,45.0,19.430395126342773,990.5350952148438,-18.0,40.75,25.621074676513672,986.03662109375,-19.5,36.0,26.89521026611328,980.0028686523438
2021-01-18 12:00:00,2021-01-18 18:00:00,2021-01-18 16:00:00,1,556,-15.343975067138672,53.64388656616211,-14.5,54.5,21.408967971801758,990.9703979492188,-14.5,53.5,21.316112518310547,991.3157958984375,-15.25,50.75,18.36127281188965,994.2227172851562,-16.0,46.75,15.9944429397583,996.095703125,-17.5,42.25,25.845537185668945,986.0836181640625,-19.25,37.0,28.438060760498047,978.80810546875,-21.0,33.0,12.754720687866211,992.5576782226562
2021-01-22 12:00:00,2021-01-22 18:00:00,2021-01-22 21:00:00,1,289,-13.504324913024902,97.9671401977539,-13.25,97.5,16.565841674804688,994.0655517578125,-13.5,97.75,17.449556350708008,993.3929443359375,-14.75,97.25,16.400197982788086,994.420654296875,-16.75,96.75,13.684776306152344,997.0150756835938,-17.5,95.75,13.507051467895508,998.9324340820312,-19.25,94.0,16.09977149963379,999.1102294921875,-19.25,90.25,17.75275230407715,1001.801025390625
2021-01-22 12:00:00,2021-01-22 18:00:00,2021-01-22 21:00:00,2,700,-20.3221435546875,36.26603317260742,-19.25,36.75,28.438060760498047,978.80810546875,-19.5,36.0,26.89521026611328,980.0028686523438,-21.0,33.0,12.754720687866211,992.5576782226562,-23.25,29.5,8.92384147644043,1000.6668090820312,-24.25,25.25,9.044007301330566,1005.7701416015625,-24.5,22.75,8.475659370422363,1005.4230346679688,-28.5,21.5,10.232352256774902,1004.2167358398438
2021-01-22 18:00:00,2021-01-23 00:00:00,2021-01-22 21:00:00,1,289,-13.504324913024902,97.9671401977539,-13.5,97.75,17.449556350708008,993.3929443359375,-14.25,97.5,15.934518814086914,993.884033203125,-15.0,97.25,16.288982391357422,994.2675170898438,-16.75,96.25,13.84271240234375,998.52490234375,-18.25,95.5,14.252239227294922,1000.1408081054688,-19.0,93.0,16.404943466186523,1000.1027221679688,-19.0,88.75,18.95412826538086,1004.2701416015625
2021-01-22 18:00:00,2021-01-23 00:00:00,2021-01-22 21:00:00,2,700,-20.3221435546875,36.26603317260742,-19.5,36.0,26.89521026611328,980.0028686523438,-20.0,35.0,27.15096664428711,981.3768920898438,-21.25,32.25,10.993202209472656,996.289306640625,-23.5,28.0,8.284279823303223,1002.0968017578125,-24.75,24.0,7.2776970863342285,1006.7531127929688,-25.5,19.25,10.007903099060059,1002.7242431640625,-28.5,21.25,11.505945205688477,1004.5730590820312
2021-01-24 06:00:00,2021-01-24 12:00:00,2021-01-24 14:00:00,1,610,-17.173770904541016,96.33894348144531,-16.5,97.0,14.557762145996094,996.7628784179688,-16.75,96.75,13.684776306152344,997.0150756835938,-17.25,95.75,13.728123664855957,999.0986938476562,-18.75,94.5,15.924461364746094,999.8240356445312,-19.5,91.0,17.4791202545166,1002.2201538085938,-18.5,86.5,15.039351463317871,1006.82861328125,-17.5,79.0,14.95387077331543,1008.5745849609375
2021-01-25 12:00:00,2021-01-25 18:00:00,2021-01-25 17:00:00,1,334,-19.30239486694336,95.55838775634766,-17.75,95.75,13.507051467895508,998.9324340820312,-18.5,95.5,14.616262435913086,1000.1408081054688,-19.25,94.0,16.09977149963379,999.1102294921875,-19.25,90.25,17.75275230407715,1001.801025390625,-18.0,84.75,13.86795711517334,1005.395263671875,-17.25,77.0,14.121912002563477,1006.8406982421875,-15.75,73.5,8.086009979248047,1007.1788330078125
2021-01-28 18:00:00,2021-01-29 00:00:00,2021-01-29 02:00:00,1,801,-15.525592803955078,126.32212829589844,-16.0,127.25,11.279226303100586,996.9414672851562,-16.25,126.25,12.50911808013916,997.3119506835938,-17.25,126.0,8.719841003417969,997.041748046875,-19.0,123.75,9.825440406799316,994.92431640625,-20.75,120.25,12.741031646728516,995.5119018554688,-20.75,117.0,12.968306541442871,995.221923828125,-23.5,114.25,13.437535285949707,993.9886474609375
2021-02-01 00:00:00,2021-02-01 06:00:00,2021-02-01 04:00:00,1,473,-20.78171157836914,119.52481842041016,-20.5,119.5,14.142332077026367,995.9159545898438,-20.75,119.5,14.028373718261719,994.705810546875,-20.75,117.0,12.5653715133667,997.2401733398438,-23.75,114.25,13.516336441040039,994.5186767578125,-23.75,114.0,15.006051063537598,994.7546997070312,-24.5,112.5,15.003155708312988,994.1741333007812,-26.25,113.25,15.931865692138672,993.4111938476562
2021-02-01 00:00:00,2021-02-01 06:00:00,2021-02-01 04:00:00,2,613,-20.97308349609375,-179.4461212158203,-21.25,178.75,25.400075912475586,982.89892578125,-21.5,179.0,22.36648178100586,982.5867919921875,-23.5,182.25,19.180635452270508,990.5873413085938,-28.75,187.25,20.568593978881836,989.8015747070312,-33.5,193.25,21.644376754760742,987.829833984375,-39.5,199.0,17.309356689453125,991.2469482421875,-44.5,209.25,13.782010078430176,999.4801025390625
2021-02-03 12:00:00,2021-02-03 18:00:00,2021-02-03 19:00:00,1,769,-22.566970825195312,114.10991668701172,-23.75,114.25,14.14107608795166,996.2435913085938,-23.75,114.25,14.815406799316406,994.770751953125,-24.25,113.5,17.396963119506836,993.8494262695312,-25.0,112.25,17.95075798034668,993.2857055664062,-28.5,114.0,19.15789031982422,992.8140869140625,-32.75,115.5,16.674968719482422,993.7924194335938,-37.75,119.25,14.14894962310791,995.7730712890625
2021-02-03 12:00:00,2021-02-03 18:00:00,2021-02-03 19:00:00,2,583,-23.352487564086914,166.3253936767578,-22.5,166.5,20.022397994995117,991.75341796875,-22.5,166.0,16.53558349609375,993.753662109375,-23.0,165.25,12.664327621459961,999.9365844726562,-25.5,162.25,14.603189468383789,997.8711547851562,-26.0,160.0,10.90904712677002,1001.7689819335938,-25.75,160.0,8.050745010375977,1002.7703247070312,-25.5,162.0,9.192480087280273,1003.8312377929688
2021-02-09 00:00:00,2021-02-09 06:00:00,2021-02-09 05:00:00,1,336,-14.756696701049805,83.3846664428711,-14.25,82.75,19.115415573120117,991.3733520507812,-14.5,83.25,21.32088279724121,991.2132568359375,-15.0,84.75,19.74751853942871,993.0409545898438,-15.75,84.25,16.823400497436523,997.50390625,-17.75,83.0,18.69765281677246,997.4955444335938,-19.25,80.5,18.46281623840332,998.6363525390625,-20.0,78.25,15.254500389099121,1005.0660400390625
2021-02-09 00:00:00,2021-02-09 06:00:00,2021-02-09 05:00:00,2,807,-20.209728240966797,-178.46124267578125,-19.25,180.5,18.71580696105957,994.7236938476562,-20.25,181.25,18.31764030456543,992.7343139648438,-24.75,182.75,21.917057037353516,991.102783203125,-32.0,185.0,19.646398544311523,991.9813842773438,-38.0,189.5,13.967350959777832,1001.55126953125,-44.5,196.5,10.735326766967773,1002.5531005859375,-44.25,201.0,14.310270309448242,1000.1707763671875
2021-02-09 12:00:00,2021-02-09 18:00:00,2021-02-09 17:00:00,1,275,-14.717272758483887,84.40363311767578,-14.5,83.75,20.070451736450195,992.384033203125,-14.75,84.25,21.03339958190918,993.0404663085938,-15.75,84.75,19.92382049560547,996.0393676757812,-16.5,84.0,19.290910720825195,998.8566284179688,-18.5,81.25,17.752471923828125,999.8414306640625,-19.75,79.75,19.114376068115234,1002.574462890625,-20.0,76.5,14.444190979003906,1007.0098266601562
2021-02-09 12:00:00,2021-02-09 18:00:00,2021-02-09 17:00:00,2,746,-22.814008712768555,-175.70138549804688,-21.75,182.0,19.24289321899414,993.5608520507812,-23.5,182.0,18.033123016357422,989.1878662109375,-28.75,183.25,21.53573989868164,985.9910888671875,-35.25,187.0,18.154464721679688,995.8217163085938,-40.25,193.25,13.058903694152832,1004.4901733398438,-44.5,200.5,11.561844825744629,1000.951904296875,-40.75,199.75,16.897308349609375,1000.34375
2021-02-10 00:00:00,2021-02-10 06:00:00,2021-02-10 06:00:00,1,386,-16.39443016052246,85.070556640625,-15.0,84.75,19.74751853942871,993.0409545898438,-15.5,84.75,19.655242919921875,994.647705078125,-15.75,84.25,16.823400497436523,997.50390625,-17.75,83.0,18.69765281677246,997.4955444335938,-19.25,80.5,18.46281623840332,998.6363525390625,-20.0,78.25,15.254500389099121,1005.0660400390625,-19.75,74.0,13.305133819580078,1007.6975708007812
2021-02-10 00:00:00,2021-02-10 06:00:00,2021-02-10 06:00:00,2,975,-25.82769203186035,-174.7578582763672,-24.75,182.75,21.917057037353516,991.102783203125,-27.25,183.25,23.21956443786621,987.525634765625,-32.0,185.0,19.646398544311523,991.9813842773438,-38.0,189.5,13.967350959777832,1001.55126953125,-44.5,196.5,10.735326766967773,1002.5531005859375,-44.25,201.0,14.310270309448242,1000.1707763671875,-40.0,201.5,10.151477813720703,1000.5855712890625
2021-02-10 06:00:00,2021-02-10 12:00:00,2021-02-10 12:00:00,1,452,-28.659292221069336,-175.42755126953125,-27.25,183.25,23.21956443786621,987.525634765625,-28.75,183.5,21.53573989868164,985.9910888671875,-33.5,186.0,17.927343368530273,994.3417358398438,-39.0,191.5,12.787745475769043,1003.4873657226562,-44.5,198.5,9.756352424621582,1001.121337890625,-43.25,199.5,15.887173652648926,999.94775390625,-39.75,201.75,10.247496604919434,1000.0718994140625
2021-02-10 12:00:00,2021-02-10 18:00:00,2021-02-10 18:00:00,1,1012,-30.407855987548828,-174.7843780517578,-28.75,183.5,21.53573989868164,985.9910888671875,-30.25,184.25,21.554662704467773,988.4146728515625,-35.25,187.0,18.154464721679688,995.8217163085938,-40.25,193.25,13.058903694152832,1004.4901733398438,-44.5,200.5,11.561844825744629,1000.951904296875,-40.75,199.75,16.897308349609375,1000.34375,-39.5,202.0,10.411293983459473,1000.5318603515625
2021-02-12 18:00:00,2021-02-13 00:00:00,2021-02-13 00:00:00,1,370,-19.986486434936523,81.4067153930664,-19.0,80.75,19.638410568237305,1001.8287353515625,-19.25,80.5,18.46281623840332,998.6363525390625,-20.0,79.0,18.078020095825195,1005.7326049804688,-20.0,75.25,14.91718578338623,1009.6683349609375,-19.25,69.75,14.331612586975098,1010.118896484375,-18.25,63.75,12.171756744384766,1009.8887329101562,-19.5,59.75,11.366134643554688,1011.2398681640625
2021-02-15 00:00:00,2021-02-15 06:00:00,2021-02-15 09:00:00,1,901,-36.247501373291016,172.6517791748047,-34.75,171.5,15.639634132385254,998.001708984375,-35.75,172.5,18.119895935058594,995.2998657226562,-36.75,175.25,15.284329414367676,1002.9645385742188,-35.5,182.25,16.373699188232422,1009.4376831054688,-35.25,195.5,15.298150062561035,1003.6591186523438,-39.0,204.25,22.359050750732422,991.5990600585938,-47.0,209.5,15.759654998779297,981.5115356445312
2021-02-15 06:00:00,2021-02-15 12:00:00,2021-02-15 09:00:00,1,901,-36.247501373291016,172.6517791748047,-35.75,172.5,18.119895935058594,995.2998657226562,-36.5,173.5,17.49152183532715,997.814697265625,-36.0,176.75,14.660969734191895,1004.2997436523438,-35.0,184.0,15.893497467041016,1009.8778686523438,-36.75,199.5,17.349225997924805,998.9345092773438,-39.0,206.0,19.48375701904297,991.5346069335938,-50.5,210.75,20.22239875793457,971.7022094726562
2021-02-28 00:00:00,2021-02-28 06:00:00,2021-02-28 08:00:00,1,1359,-18.39606285095215,91.40364074707031,-16.75,92.0,26.161102294921875,972.5429077148438,-17.25,91.5,27.277164459228516,970.4506225585938,-17.75,90.25,26.51620101928711,969.3103637695312,-18.5,89.5,25.424402236938477,974.3031005859375,-19.0,90.75,24.13910484313965,974.8135375976562,-20.5,93.25,21.851268768310547,979.50146484375,-23.25,94.75,21.509206771850586,984.7137451171875
2021-03-04 12:00:00,2021-03-04 18:00:00,2021-03-04 19:00:00,1,586,-16.596416473388672,153.48291015625,-16.0,151.0,22.930221557617188,989.8555297851562,-16.25,152.5,24.01669692993164,986.3181762695312,-18.75,159.0,24.51226806640625,978.539794921875,-24.0,169.25,27.004100799560547,982.3087768554688,-29.5,183.0,18.13060760498047,995.791748046875,-33.0,194.0,15.490224838256836,999.156494140625,-29.0,198.75,12.955089569091797,1004.0885009765625
2021-03-04 12:00:00,2021-03-04 18:00:00,2021-03-04 19:00:00,2,415,-22.368675231933594,94.64698028564453,-21.75,94.25,22.09885597229004,981.3114013671875,-22.5,94.5,22.079483032226562,983.1138305664062,-24.75,95.25,19.85369110107422,988.515625,-27.25,96.75,20.70889663696289,994.1685791015625,-28.5,97.0,12.110610961914062,1002.5275268554688,-30.5,98.25,9.820061683654785,1004.1574096679688,-30.5,98.25,7.932386875152588,1006.4071044921875
2021-03-10 00:00:00,2021-03-10 06:00:00,2021-03-10 06:00:00,1,756,-19.38756561279297,76.60894775390625,-17.5,77.25,19.370136260986328,991.9259643554688,-17.5,76.5,21.35578155517578,990.548583984375,-17.5,75.0,21.958250045776367,986.0582885742188,-18.5,72.25,26.29686737060547,982.17236328125,-20.0,70.25,26.6103458404541,979.591552734375,-21.75,70.0,26.243633270263672,977.3939819335938,-22.5,71.5,21.643953323364258,990.0270385742188
2021-03-10 18:00:00,2021-03-11 00:00:00,2021-03-11 00:00:00,1,461,-18.238611221313477,74.78795623779297,-17.25,75.5,22.110815048217773,989.7810668945312,-17.5,75.0,21.958250045776367,986.0582885742188,-18.25,73.0,24.817920684814453,987.7880249023438,-19.5,70.75,25.273679733276367,985.1423950195312,-21.5,69.75,27.283742904663086,978.4823608398438,-22.25,71.0,24.926618576049805,987.8780517578125,-22.5,71.25,19.332975387573242,997.1549072265625
2021-03-11 18:00:00,2021-03-12 00:00:00,2021-03-12 00:00:00,1,280,-18.76785659790039,72.31517028808594,-18.25,73.0,24.817920684814453,987.7880249023438,-18.5,72.25,26.29686737060547,982.17236328125,-19.5,70.75,25.273679733276367,985.1423950195312,-21.5,69.75,27.283742904663086,978.4823608398438,-22.25,71.0,24.926618576049805,987.8780517578125,-22.5,71.25,19.332975387573242,997.1549072265625,-23.25,70.0,16.00181770324707,1002.82666015625
2021-03-14 00:00:00,2021-03-14 06:00:00,2021-03-14 05:00:00,1,598,-22.391721725463867,70.41010284423828,-21.75,70.0,26.243633270263672,977.3939819335938,-22.0,70.25,24.904132843017578,982.92626953125,-22.5,71.5,21.643953323364258,990.0270385742188,-22.5,70.75,17.74188995361328,998.292236328125,-23.25,70.0,14.38274097442627,1001.74267578125,-22.5,70.25,12.183188438415527,1006.065185546875,-20.25,68.5,8.782548904418945,1007.970458984375
2021-03-15 12:00:00,2021-03-15 18:00:00,2021-03-15 20:00:00,1,530,-22.803302764892578,71.4994888305664,-22.5,71.25,21.40460968017578,993.2259521484375,-22.5,71.25,19.332975387573242,997.1549072265625,-22.75,70.25,16.129335403442383,1000.3214721679688,-23.0,70.25,12.607756614685059,1003.3438110351562,-21.5,69.75,10.619397163391113,1007.1582641601562,-19.75,68.0,8.433143615722656,1008.2415771484375,-19.75,68.0,5.905158042907715,1009.074951171875
2021-03-16 00:00:00,2021-03-16 06:00:00,2021-03-16 08:00:00,1,393,-23.58269691467285,70.65137481689453,-22.75,70.5,17.74188995361328,998.292236328125,-23.0,70.25,18.472820281982422,1000.585205078125,-23.25,70.0,14.38274097442627,1001.74267578125,-22.5,70.25,12.183188438415527,1006.065185546875,-20.25,68.5,8.782548904418945,1007.970458984375,-19.75,68.0,5.4495344161987305,1009.916748046875,-18.5,68.25,7.1247639656066895,1009.00830078125
2021-04-03 18:00:00,2021-04-04 00:00:00,2021-04-04 01:00:00,1,781,-10.96414852142334,123.53295135498047,-10.75,123.5,17.449460983276367,997.9110717773438,-10.75,123.5,17.8039608001709,998.537353515625,-10.75,123.0,22.1029052734375,991.106201171875,-11.5,120.5,23.1919002532959,989.4212646484375,-12.75,118.75,16.549631118774414,999.0711669921875,-15.75,114.25,17.171606063842773,997.6138305664062,-18.5,111.0,17.267927169799805,993.1676635742188
2021-04-04 00:00:00,2021-04-04 06:00:00,2021-04-04 05:00:00,1,1134,-9.778218269348145,123.7881851196289,-10.25,123.25,17.8039608001709,998.537353515625,-10.25,123.25,17.323881149291992,994.8153686523438,-11.0,122.5,21.53871726989746,992.0713500976562,-11.25,119.75,21.418888092041016,992.3052978515625,-13.5,117.75,16.37535858154297,1000.3849487304688,-16.25,113.0,20.149009704589844,993.69384765625,-19.25,110.25,18.331289291381836,992.3524780273438
2021-04-08 18:00:00,2021-04-09 00:00:00,2021-04-09 00:00:00,1,631,-19.986133575439453,110.9017333984375,-18.5,110.75,17.267927169799805,993.1676635742188,-19.25,110.25,18.331289291381836,992.3524780273438,-20.25,108.25,18.802257537841797,987.6478271484375,-22.75,109.5,22.47553825378418,988.2817993164062,-30.75,117.0,19.269495010375977,987.8281860351562,-39.5,130.5,17.70737648010254,990.9481201171875,-52.25,135.75,21.241321563720703,958.466064453125
2021-04-09 00:00:00,2021-04-09 06:00:00,2021-04-09 07:00:00,1,465,-20.082258224487305,109.96234130859375,-19.25,110.25,18.331289291381836,992.3524780273438,-19.75,109.5,19.14483642578125,989.3272094726562,-20.25,108.0,20.781660079956055,986.186279296875,-24.25,110.5,22.328365325927734,989.769287109375,-33.0,120.25,12.96496295928955,992.243896484375,-43.0,129.5,18.94308853149414,979.012939453125,-55.5,138.25,21.387727737426758,953.2745361328125
2021-04-09 18:00:00,2021-04-10 00:00:00,2021-04-10 01:00:00,1,223,-20.474214553833008,107.75447082519531,-20.25,108.25,18.802257537841797,987.6478271484375,-20.25,108.0,20.781660079956055,986.186279296875,-22.75,109.5,22.47553825378418,988.2817993164062,-30.75,117.0,19.269495010375977,987.8281860351562,-39.5,130.5,17.70737648010254,990.9481201171875,-52.25,135.75,21.241321563720703,958.466064453125,-54.75,149.0,24.11897087097168,950.7427368164062
2021-04-10 06:00:00,2021-04-10 12:00:00,2021-04-10 13:00:00,1,592,-21.45650291442871,109.29902648925781,-20.75,108.25,21.98276138305664,985.6804809570312,-21.5,109.0,22.189119338989258,988.0392456054688,-26.25,111.75,22.685794830322266,988.5940551757812,-34.75,124.0,17.65202522277832,992.3796997070312,-46.25,130.75,18.311674118041992,972.0987548828125,-55.25,140.25,22.57341957092285,949.8641357421875,-61.5,153.0,18.98788833618164,947.8026733398438
2021-04-14 00:00:00,2021-04-14 06:00:00,2021-04-14 06:00:00,1,403,8.182382583618164,136.74563598632812,8.0,137.5,15.912187576293945,1002.89501953125,8.25,136.75,16.447938919067383,999.6063232421875,8.5,136.5,18.377655029296875,996.876220703125,9.0,134.5,24.937089920043945,985.09814453125,10.75,131.25,29.673086166381836,970.09423828125,13.0,127.5,28.517263412475586,974.4793090820312,14.25,126.25,31.46651840209961,959.7284545898438
2021-04-14 18:00:00,2021-04-15 00:00:00,2021-04-14 22:00:00,1,769,10.00780200958252,136.64047241210938,8.5,137.0,18.594379425048828,996.0106811523438,8.5,136.5,18.377655029296875,996.876220703125,8.75,135.5,24.484407424926758,984.1796264648438,10.0,132.25,28.033132553100586,969.82373046875,12.5,128.25,26.597551345825195,971.7383422851562,14.0,126.25,28.068222045898438,965.0968627929688,15.25,126.25,33.3391227722168,950.01708984375
2021-04-17 18:00:00,2021-04-18 00:00:00,2021-04-18 00:00:00,1,1745,13.029942512512207,129.02987670898438,12.5,128.25,26.597551345825195,971.7383422851562,13.0,127.5,28.517263412475586,974.4793090820312,14.0,126.25,28.068222045898438,965.0968627929688,15.25,126.25,33.3391227722168,950.01708984375,17.0,125.25,33.274112701416016,957.0020141601562,19.25,124.5,27.863191604614258,972.0751342773438,21.75,126.75,26.95871353149414,972.53564453125
2021-04-19 00:00:00,2021-04-19 06:00:00,2021-04-19 04:00:00,1,952,14.233455657958984,126.3681640625,14.25,126.25,31.46651840209961,959.7284545898438,14.5,126.0,32.37195587158203,949.2335815429688,15.5,126.25,35.34736633300781,946.2703857421875,17.5,125.0,33.3780403137207,964.3419799804688,19.75,124.5,27.778202056884766,976.7424926757812,22.5,127.75,26.288299560546875,974.6300659179688,23.25,131.0,23.324859619140625,986.1292724609375
2021-04-19 12:00:00,2021-04-19 18:00:00,2021-04-19 18:00:00,1,969,15.178018569946289,126.540283203125,14.75,126.5,34.29320526123047,950.4201049804688,15.25,126.25,33.3391227722168,950.01708984375,16.5,125.5,34.912803649902344,950.9369506835938,18.75,124.75,31.10316276550293,970.20361328125,21.0,126.0,27.02971649169922,973.6875610351562,23.25,129.75,30.988834381103516,973.91259765625,22.25,132.75,21.215492248535156,990.68115234375
2021-04-20 00:00:00,2021-04-20 06:00:00,2021-04-20 05:00:00,1,854,15.964871406555176,126.52896118164062,15.5,126.25,35.34736633300781,946.2703857421875,16.25,126.0,37.993141174316406,941.1507568359375,17.5,125.0,33.3780403137207,964.3419799804688,19.75,124.5,27.778202056884766,976.7424926757812,22.5,127.75,26.288299560546875,974.6300659179688,23.25,131.0,23.324859619140625,986.1292724609375,21.75,136.0,18.169836044311523,993.47509765625
2021-04-20 12:00:00,2021-04-20 18:00:00,2021-04-20 21:00:00,1,955,17.656282424926758,126.123779296875,16.5,125.5,34.912803649902344,950.9369506835938,17.0,125.25,33.274112701416016,957.0020141601562,18.75,124.75,31.10316276550293,970.20361328125,21.0,126.0,27.02971649169922,973.6875610351562,23.25,129.75,30.988834381103516,973.91259765625,22.25,132.75,21.215492248535156,990.68115234375,24.0,140.5,25.438739776611328,987.7132568359375
2021-04-20 18:00:00,2021-04-21 00:00:00,2021-04-20 21:00:00,1,955,17.656282424926758,126.123779296875,17.0,125.25,33.274112701416016,957.0020141601562,17.5,125.0,33.3780403137207,964.3419799804688,19.25,124.5,27.863191604614258,972.0751342773438,21.75,126.75,26.95871353149414,972.53564453125,23.25,130.75,23.749013900756836,978.2407836914062,21.75,134.0,18.88509178161621,990.6231079101562,24.25,143.25,24.048187255859375,987.6090087890625
2021-05-16 12:00:00,2021-05-16 18:00:00,2021-05-16 20:00:00,1,573,17.557592391967773,72.31936645507812,16.75,72.5,22.56090545654297,977.7293701171875,17.75,72.0,23.100391387939453,977.576904296875,20.25,71.5,24.97630500793457,974.3989868164062,23.0,72.25,16.044282913208008,988.5802612304688,26.0,75.0,7.6850199699401855,997.4313354492188,30.0,76.25,3.5110726356506348,999.2439575195312,29.25,68.0,6.604213714599609,997.439453125
2021-05-18 12:00:00,2021-05-18 18:00:00,2021-05-18 17:00:00,1,282,24.129432678222656,72.97428131103516,23.0,72.25,16.044282913208008,988.5802612304688,23.75,72.5,10.991532325744629,994.3947143554688,26.0,75.0,7.6850199699401855,997.4313354492188,30.0,76.25,3.5110726356506348,999.2439575195312,29.25,68.0,6.604213714599609,997.439453125,27.0,67.75,6.928373336791992,997.7665405273438,26.5,67.75,5.4678754806518555,1002.2974243164062
2021-05-24 18:00:00,2021-05-25 00:00:00,2021-05-25 00:00:00,1,1005,18.684328079223633,89.21739196777344,17.0,89.0,27.964828491210938,981.4031982421875,18.5,88.75,26.823715209960938,978.13525390625,20.25,88.0,24.002660751342773,975.2386474609375,22.25,86.25,17.19327735900879,988.706298828125,24.75,84.5,12.192164421081543,994.5194702148438,26.0,82.5,6.055581569671631,1002.7374877929688,26.25,83.5,2.921363115310669,1003.8540649414062
2021-05-25 18:00:00,2021-05-26 00:00:00,2021-05-25 23:00:00,1,799,20.723716735839844,88.32036590576172,20.25,87.75,24.002660751342773,975.2386474609375,21.0,87.5,23.526132583618164,972.9715576171875,22.25,86.25,17.19327735900879,988.706298828125,24.75,84.5,12.192164421081543,994.5194702148438,26.0,82.5,6.055581569671631,1002.7374877929688,26.25,83.5,2.921363115310669,1003.8540649414062,26.25,83.5,2.3405439853668213,1002.1989135742188
2021-05-26 00:00:00,2021-05-26 06:00:00,2021-05-26 05:00:00,1,1148,21.479093551635742,88.01435852050781,21.0,87.5,23.526132583618164,972.9715576171875,21.25,87.0,20.936246871948242,979.017822265625,22.75,86.0,13.9061861038208,988.8351440429688,25.25,84.0,11.061382293701172,995.3362426757812,26.0,82.5,6.169261932373047,1003.1063842773438,26.25,83.5,4.021628379821777,1003.221923828125,26.25,83.5,3.486553192138672,1000.9010009765625
2021-05-26 12:00:00,2021-05-26 18:00:00,2021-05-26 21:00:00,1,1488,22.885921478271484,87.08538055419922,21.5,86.5,19.077470779418945,982.3768920898438,22.25,86.5,17.19327735900879,988.706298828125,24.25,85.25,10.713479042053223,993.0681762695312,26.0,83.0,7.400627613067627,999.958251953125,26.25,83.5,3.830434560775757,1001.2770385742188,26.25,83.5,2.9219844341278076,999.7009887695312,26.25,83.5,1.6886886358261108,997.42041015625
2021-05-26 12:00:00,2021-05-26 18:00:00,2021-05-26 21:00:00,2,689,-33.609214782714844,-173.15203857421875,-33.5,185.75,18.548633575439453,986.5513305664062,-33.75,186.5,16.963064193725586,987.47216796875,-36.0,187.0,17.001300811767578,984.065185546875,-36.25,190.0,18.577768325805664,988.6929931640625,-35.0,198.25,16.646892547607422,997.8043212890625,-30.75,207.25,13.701526641845703,1003.6351318359375,-26.0,211.25,10.207267761230469,1012.5350952148438
2021-05-26 18:00:00,2021-05-27 00:00:00,2021-05-26 21:00:00,1,1488,22.885921478271484,87.08538055419922,22.25,86.25,17.19327735900879,988.706298828125,22.75,86.0,13.9061861038208,988.8351440429688,24.75,84.5,12.192164421081543,994.5194702148438,26.0,82.5,6.055581569671631,1002.7374877929688,26.25,83.5,2.921363115310669,1003.8540649414062,26.25,83.5,2.3405439853668213,1002.1989135742188,25.5,81.5,3.5938527584075928,999.9992065429688
2021-05-26 18:00:00,2021-05-27 00:00:00,2021-05-26 21:00:00,2,689,-33.609214782714844,-173.15203857421875,-34.0,186.5,16.963064193725586,987.47216796875,-34.75,187.0,17.919755935668945,986.7201538085938,-36.0,187.0,17.083656311035156,984.5911865234375,-36.25,192.0,18.740367889404297,990.4915771484375,-34.25,200.25,15.80708122253418,1000.4988403320312,-29.5,209.25,12.268117904663086,1006.787109375,-25.5,211.25,11.232653617858887,1015.1777954101562
2021-06-03 06:00:00,2021-06-03 12:00:00,2021-06-03 11:00:00,1,718,16.327646255493164,-113.15459442138672,15.75,246.75,11.293207168579102,1006.2500610351562,16.0,246.75,11.964554786682129,1003.7216186523438,15.75,244.5,10.816610336303711,1007.482421875,16.0,242.25,9.90610122680664,1010.4102172851562,16.5,240.25,8.199992179870605,1012.5550537109375,16.5,240.0,6.917405605316162,1013.8208618164062,16.5,240.0,7.742311954498291,1013.5862426757812
2021-06-25 06:00:00,2021-06-25 12:00:00,2021-06-25 10:00:00,1,314,22.625795364379883,138.93710327148438,22.25,139.25,16.002906799316406,1002.154296875,22.75,139.25,17.843870162963867,1001.646240234375,26.0,139.75,20.424968719482422,999.2469482421875,31.75,142.5,20.438751220703125,998.5558471679688,39.5,152.0,18.116622924804688,995.5147705078125,40.5,168.25,15.973296165466309,998.0088500976562,47.25,181.25,12.862112998962402,993.4600830078125
2021-07-09 00:00:00,2021-07-09 06:00:00,2021-07-09 05:00:00,1,405,37.48765563964844,-74.92284393310547,37.0,282.75,17.605728149414062,1004.6876831054688,38.5,285.0,18.238548278808594,1002.9093627929688,43.75,291.5,17.217069625854492,1000.693115234375,51.5,308.75,13.93046760559082,1002.189697265625,60.5,325.75,13.799321174621582,995.3961181640625,63.5,324.75,14.332801818847656,989.1537475585938,64.5,330.0,11.91947078704834,996.3253784179688
2021-07-17 06:00:00,2021-07-17 12:00:00,2021-07-17 11:00:00,1,495,14.109090805053711,-123.42372131347656,14.5,236.5,12.457887649536133,1005.2904663085938,14.5,236.0,13.87165355682373,1001.84521484375,15.25,233.25,14.365836143493652,1005.080810546875,16.0,229.25,14.59203815460205,1007.5979614257812,15.75,224.25,15.857484817504883,1009.862548828125,14.75,219.0,12.425342559814453,1011.162353515625,13.75,213.5,11.326167106628418,1011.9561157226562
2021-07-17 18:00:00,2021-07-18 00:00:00,2021-07-18 02:00:00,1,1369,22.42677116394043,134.2033233642578,23.0,132.5,19.460569381713867,997.48583984375,22.25,132.5,15.82115650177002,998.041748046875,23.75,132.75,18.76824951171875,993.2113037109375,24.25,131.5,20.083011627197266,989.9682006835938,24.0,128.25,20.62781524658203,979.3442993164062,23.75,126.25,23.50234603881836,971.4503173828125,24.0,125.75,22.721628189086914,966.95556640625
2021-07-17 18:00:00,2021-07-18 00:00:00,2021-07-18 02:00:00,2,1074,18.091712951660156,-109.14462280273438,17.5,250.0,12.139012336730957,1007.706298828125,17.25,249.0,11.338883399963379,1005.88134765625,18.25,246.75,18.365720748901367,1004.985107421875,19.25,241.0,15.38206958770752,1006.783203125,18.5,234.5,13.732019424438477,1009.283447265625,17.25,228.5,12.933987617492676,1010.14453125,15.75,223.5,10.612614631652832,1012.2476806640625
2021-07-17 18:00:00,2021-07-18 00:00:00,2021-07-18 02:00:00,3,969,16.58978271484375,-125.51201629638672,14.75,235.0,15.525534629821777,1002.9215087890625,15.0,234.0,13.602725982666016,1002.082275390625,15.75,231.25,16.742290496826172,1004.5962524414062,16.0,226.75,15.136950492858887,1008.5220336914062,15.25,221.75,14.285978317260742,1011.0607299804688,14.25,216.0,13.169678688049316,1011.83935546875,13.5,213.25,9.55868911743164,1012.945556640625
2021-07-18 12:00:00,2021-07-18 18:00:00,2021-07-18 21:00:00,1,1649,23.228471755981445,133.29745483398438,23.25,133.0,17.237730026245117,996.3936157226562,23.75,133.0,18.891712188720703,993.2113037109375,23.75,131.5,16.61318016052246,991.7400512695312,24.5,128.75,23.693906784057617,982.718017578125,24.0,126.75,24.985130310058594,975.4050903320312,23.75,126.0,23.86530303955078,968.90771484375,25.0,124.75,26.37320327758789,962.1305541992188
2021-07-18 12:00:00,2021-07-18 18:00:00,2021-07-18 21:00:00,2,477,19.284591674804688,-112.779296875,17.75,247.75,14.089478492736816,1004.4580688476562,18.25,246.75,18.365720748901367,1004.985107421875,19.0,242.75,14.159337997436523,1004.2901611328125,19.0,236.0,13.208313941955566,1006.6105346679688,17.75,230.0,12.403030395507812,1007.7516479492188,16.0,225.0,9.566535949707031,1009.3157958984375,15.25,221.75,8.882596015930176,1012.3047485351562
2021-07-18 12:00:00,2021-07-18 18:00:00,2021-07-18 21:00:00,3,273,16.619047164916992,-128.79119873046875,15.5,232.0,14.421910285949707,1003.0042724609375,15.75,231.25,16.742290496826172,1004.5962524414062,16.0,228.0,15.689915657043457,1005.8365478515625,15.5,223.25,12.836907386779785,1008.6400146484375,14.5,217.5,12.765870094299316,1010.04736328125,13.5,213.25,10.882987976074219,1010.54345703125,13.25,213.25,8.527922630310059,1012.717041015625
2021-07-18 18:00:00,2021-07-19 00:00:00,2021-07-18 21:00:00,1,1649,23.228471755981445,133.29745483398438,24.0,132.75,18.891712188720703,993.2113037109375,23.75,132.0,17.41636085510254,995.7413940429688,24.25,131.5,20.083011627197266,989.9682006835938,24.0,128.25,20.62781524658203,979.3442993164062,23.75,126.25,23.50234603881836,971.4503173828125,24.0,125.75,22.721628189086914,966.95556640625,25.75,124.5,27.36471939086914,963.2614135742188
2021-07-18 18:00:00,2021-07-19 00:00:00,2021-07-18 21:00:00,2,477,19.284591674804688,-112.779296875,18.25,246.75,18.365720748901367,1004.985107421875,18.75,245.25,16.664165496826172,1002.94482421875,19.25,241.0,15.38206958770752,1006.783203125,18.5,234.5,13.732019424438477,1009.283447265625,17.25,228.5,12.933987617492676,1010.14453125,15.75,223.5,10.612614631652832,1012.2476806640625,15.25,221.75,9.167433738708496,1015.0399780273438
2021-07-18 18:00:00,2021-07-19 00:00:00,2021-07-18 21:00:00,3,273,16.619047164916992,-128.79119873046875,15.75,231.25,16.742290496826172,1004.5962524414062,16.0,230.0,15.62681770324707,1004.3126831054688,16.0,226.75,15.136950492858887,1008.5220336914062,15.25,221.75,14.285978317260742,1011.0607299804688,14.25,216.0,13.169678688049316,1011.83935546875,13.5,213.25,9.55868911743164,1012.945556640625,13.25,213.25,8.02426528930664,1014.454345703125
2021-07-20 18:00:00,2021-07-21 00:00:00,2021-07-20 22:00:00,1,1880,25.016355514526367,128.58062744140625,23.75,128.0,20.11908531188965,979.3442993164062,24.5,127.75,22.56688690185547,980.3956298828125,23.75,126.25,23.50234603881836,971.4503173828125,24.0,125.75,22.721628189086914,966.95556640625,25.75,124.5,27.36471939086914,963.2614135742188,28.75,123.5,24.419723510742188,968.1431274414062,30.5,121.25,19.3702449798584,980.490966796875
2021-07-21 00:00:00,2021-07-21 06:00:00,2021-07-21 03:00:00,1,1337,24.8973445892334,127.32823944091797,24.25,127.75,22.56688690185547,980.3956298828125,24.0,127.25,21.122272491455078,976.54248046875,23.5,126.0,23.39670181274414,973.0602416992188,24.5,125.25,25.635711669921875,966.6286010742188,26.5,124.5,27.502487182617188,965.23681640625,29.5,123.0,24.08612060546875,972.25537109375,30.5,121.25,17.441226959228516,983.4188232421875
2021-07-22 18:00:00,2021-07-23 00:00:00,2021-07-23 00:00:00,1,1505,23.583389282226562,125.6858139038086,24.0,125.75,22.721628189086914,966.95556640625,24.5,125.25,25.635711669921875,966.6286010742188,25.75,124.5,27.36471939086914,963.2614135742188,28.75,123.5,24.419723510742188,968.1431274414062,30.5,121.25,19.3702449798584,980.490966796875,31.25,120.25,18.692264556884766,985.978759765625,32.25,118.25,14.232455253601074,987.2349853515625
2021-07-24 06:00:00,2021-07-24 12:00:00,2021-07-24 14:00:00,1,1266,28.854660034179688,124.76920318603516,27.25,124.25,25.26441764831543,965.7125854492188,28.0,124.0,25.711843490600586,967.3538818359375,30.0,122.25,25.525175094604492,975.205078125,30.75,120.75,16.736806869506836,985.1322631835938,31.25,119.25,9.247675895690918,987.3812255859375,32.5,116.75,11.48734188079834,987.1576538085938,34.75,117.5,8.821403503417969,992.7979736328125
2021-07-27 12:00:00,2021-07-27 18:00:00,2021-07-27 17:00:00,1,419,37.72135925292969,142.60560607910156,36.75,142.25,16.81251335144043,992.2421875,38.0,142.0,15.42005443572998,994.204833984375,40.75,138.5,10.581921577453613,998.9373168945312,40.75,136.5,8.854650497436523,998.8942260742188,40.75,135.75,6.567081928253174,1000.2739868164062,39.25,129.75,6.035763263702393,999.3982543945312,37.75,126.0,5.847851753234863,1000.1342163085938
2021-07-27 12:00:00,2021-07-27 18:00:00,2021-07-27 17:00:00,2,889,32.12936019897461,118.1945571899414,31.75,118.75,10.782837867736816,987.465087890625,32.25,118.25,14.232455253601074,987.2349853515625,33.0,116.75,10.958268165588379,988.0474853515625,37.25,117.5,13.898124694824219,992.1891479492188,38.75,118.75,10.151935577392578,992.5851440429688,38.75,117.25,7.318553447723389,993.5504150390625,32.25,111.75,7.026131629943848,995.130615234375
2021-07-28 18:00:00,2021-07-29 00:00:00,2021-07-29 02:00:00,1,786,21.776081085205078,89.1348648071289,22.5,89.5,14.590106964111328,991.7683715820312,22.75,89.75,13.679264068603516,989.6005249023438,23.5,88.25,8.705933570861816,992.6090698242188,24.25,85.5,7.5698723793029785,994.9957885742188,25.25,82.75,8.566564559936523,994.0396728515625,25.25,79.5,7.857318878173828,993.5900268554688,25.5,79.25,9.007200241088867,995.8427124023438
2021-08-02 12:00:00,2021-08-02 18:00:00,2021-08-02 17:00:00,1,330,15.524999618530273,-122.4234848022461,15.25,237.75,20.672739028930664,998.5050659179688,15.75,237.5,21.86417007446289,998.95947265625,17.25,235.75,19.59140396118164,997.9837646484375,18.75,233.0,15.588064193725586,1003.3047485351562,20.75,230.0,16.27446937561035,1008.8697509765625,22.0,226.5,12.790620803833008,1014.7728271484375,22.0,224.75,7.2067437171936035,1016.4971313476562
2021-08-03 00:00:00,2021-08-03 06:00:00,2021-08-03 05:00:00,1,526,16.487167358398438,-123.23528289794922,16.25,236.75,20.08435821533203,997.4118041992188,16.75,236.25,19.417409896850586,999.57275390625,18.25,234.5,17.17617416381836,1000.485107421875,19.5,231.5,15.899740219116211,1004.9808349609375,21.5,228.5,13.915355682373047,1012.22412109375,22.25,225.25,10.657928466796875,1015.704833984375,20.25,225.75,7.165322303771973,1014.7503662109375
2021-08-06 12:00:00,2021-08-06 18:00:00,2021-08-06 17:00:00,1,547,27.922304153442383,136.93556213378906,28.0,135.0,18.35173797607422,989.1995849609375,28.5,136.25,18.102449417114258,987.8449096679688,32.0,138.75,20.00199317932129,988.9202880859375,36.25,143.25,21.792545318603516,989.5330200195312,39.0,152.0,20.488664627075195,992.873046875,38.0,164.5,17.473814010620117,997.1107788085938,36.75,175.5,15.970013618469238,998.8976440429688
2021-08-07 18:00:00,2021-08-08 00:00:00,2021-08-08 01:00:00,1,1320,33.87689208984375,144.03147888183594,33.25,139.5,19.171293258666992,987.7576293945312,34.0,140.75,22.300874710083008,987.5870971679688,37.25,145.25,23.237892150878906,988.5758056640625,39.0,154.75,20.665449142456055,993.447509765625,37.75,167.5,17.27423667907715,996.423095703125,37.25,177.25,15.168992042541504,997.5917358398438,39.25,182.5,12.31350326538086,1001.6104125976562
2021-08-07 18:00:00,2021-08-08 00:00:00,2021-08-08 01:00:00,2,1086,27.652393341064453,128.22357177734375,28.75,126.5,18.107940673828125,992.765380859375,29.0,126.75,17.66689682006836,991.06982421875,33.75,132.25,20.185819625854492,984.4403076171875,38.75,138.25,18.624156951904297,984.825439453125,41.5,148.0,21.438596725463867,987.501953125,43.25,157.25,22.485767364501953,981.1842041015625,45.25,164.5,17.250263214111328,986.36376953125
2021-08-08 00:00:00,2021-08-08 06:00:00,2021-08-08 07:00:00,1,845,34.8337287902832,143.25328063964844,34.0,140.75,22.300874710083008,987.5870971679688,35.25,142.0,21.28577995300293,987.93212890625,38.0,147.0,22.083105087280273,989.8585205078125,38.75,158.25,19.730602264404297,994.0287475585938,37.25,170.0,16.337860107421875,998.7694702148438,38.0,179.0,15.234955787658691,998.978759765625,40.75,183.5,12.297110557556152,1002.549072265625
2021-08-08 00:00:00,2021-08-08 06:00:00,2021-08-08 07:00:00,2,1067,29.21672821044922,129.90318298339844,29.0,126.75,17.66689682006836,991.06982421875,31.0,128.5,20.40936851501465,987.09716796875,35.5,133.25,20.216354370117188,984.5681762695312,39.5,140.25,18.070384979248047,988.4813842773438,41.5,149.75,21.459026336669922,987.773193359375,43.25,159.75,21.23965835571289,984.0077514648438,45.25,164.25,20.684326171875,986.1414794921875
2021-08-08 06:00:00,2021-08-08 12:00:00,2021-08-08 09:00:00,1,524,35.48091506958008,143.77098083496094,35.25,142.0,21.28577995300293,987.93212890625,36.25,143.5,21.792545318603516,989.5330200195312,38.75,149.0,21.975439071655273,988.7916259765625,38.5,161.75,18.69003677368164,994.4195556640625,36.75,172.5,16.584476470947266,998.3897705078125,38.0,179.25,15.143078804016113,999.1824340820312,42.25,184.5,11.570700645446777,1002.9859619140625
2021-08-08 06:00:00,2021-08-08 12:00:00,2021-08-08 09:00:00,2,523,30.53632926940918,130.40200805664062,31.0,128.5,20.40936851501465,987.09716796875,31.75,131.5,21.196880340576172,988.2561645507812,36.75,134.5,23.92671775817871,982.0540771484375,40.25,144.0,23.211278915405273,987.3189086914062,42.25,152.75,20.953758239746094,985.5594482421875,43.75,162.25,17.657981872558594,985.5052490234375,44.75,165.0,18.922168731689453,985.884033203125
2021-08-11 00:00:00,2021-08-11 06:00:00,2021-08-11 06:00:00,1,933,19.670150756835938,-114.58328247070312,18.75,245.25,17.86025619506836,998.7120971679688,19.75,245.0,17.25196647644043,1001.7323608398438,21.5,242.0,13.38332748413086,1000.1049194335938,23.75,237.75,11.323195457458496,1004.78955078125,26.5,233.5,10.139138221740723,1010.625,29.5,231.25,6.208510398864746,1016.2312622070312,29.5,231.25,4.314836502075195,1018.0861206054688
2021-08-13 12:00:00,2021-08-13 18:00:00,2021-08-13 20:00:00,1,487,17.808008193969727,-112.41682434082031,16.5,248.75,22.969263076782227,996.0191650390625,17.0,247.75,22.55154800415039,996.5717163085938,18.5,244.5,22.865768432617188,992.6788330078125,19.25,240.25,24.13302993774414,988.005615234375,18.0,236.75,23.789255142211914,988.3661499023438,17.5,233.25,21.922653198242188,992.0460205078125,18.0,228.75,19.34018325805664,997.6912231445312
2021-08-17 00:00:00,2021-08-17 06:00:00,2021-08-17 07:00:00,1,689,18.134977340698242,-126.16761779785156,17.75,235.0,21.76762580871582,990.1348266601562,17.5,234.0,20.740652084350586,993.1439208984375,17.75,231.0,20.67499351501465,994.2416381835938,18.75,226.0,17.384973526000977,1001.370849609375,19.75,219.75,16.49711036682129,1006.0578002929688,20.25,214.0,15.637057304382324,1007.712158203125,20.5,210.25,14.344364166259766,1007.6228637695312
2021-08-18 12:00:00,2021-08-18 18:00:00,2021-08-18 16:00:00,1,417,30.254196166992188,-66.85252380371094,30.25,293.75,14.499601364135742,1013.9542236328125,30.25,293.0,14.436712265014648,1013.273193359375,29.75,290.0,15.772919654846191,1009.0170288085938,30.0,286.5,20.7159481048584,1002.3489990234375,33.75,287.5,22.405052185058594,1001.255859375,40.5,288.75,19.551124572753906,997.9830322265625,41.5,285.5,8.956677436828613,1006.6607666015625
2021-08-18 12:00:00,2021-08-18 18:00:00,2021-08-18 16:00:00,2,414,20.047704696655273,-82.3272476196289,19.25,278.25,20.717632293701172,1005.3687744140625,19.75,276.75,22.540611267089844,1003.5256958007812,20.5,272.25,19.79641342163086,999.7420043945312,20.5,266.25,21.231420516967773,990.009033203125,20.25,262.75,13.892666816711426,1003.3506469726562,19.75,254.5,10.982669830322266,1003.5479736328125,20.5,249.0,13.920472145080566,1002.7985229492188
2021-08-18 12:00:00,2021-08-18 18:00:00,2021-08-18 16:00:00,3,233,18.461374282836914,-131.9710235595703,18.0,228.75,19.34018325805664,997.6912231445312,18.25,227.5,17.41240882873535,1001.8258666992188,19.25,223.0,16.661840438842773,1003.7320556640625,20.25,216.75,15.504647254943848,1007.24365234375,20.0,212.0,13.667587280273438,1007.6857299804688,20.5,208.5,12.97748851776123,1008.916748046875,21.0,205.0,12.452625274658203,1011.6958618164062
2021-08-21 00:00:00,2021-08-21 06:00:00,2021-08-21 09:00:00,1,750,31.446332931518555,-71.99433898925781,31.5,286.5,21.273942947387695,999.734375,32.5,286.75,21.842124938964844,1000.0415649414062,37.5,289.0,19.715185165405273,998.7802124023438,42.0,287.25,10.294565200805664,1004.7042846679688,41.5,287.0,9.472555160522461,1007.4342041015625,45.75,293.0,6.007554531097412,1009.110107421875,47.5,303.25,8.128891944885254,1014.9979858398438
2021-08-21 06:00:00,2021-08-21 12:00:00,2021-08-21 09:00:00,1,750,31.446332931518555,-71.99433898925781,32.5,286.75,21.842124938964844,1000.0415649414062,33.75,287.5,22.405052185058594,1001.255859375,39.25,289.0,17.3419189453125,999.1619262695312,41.5,285.5,7.626237392425537,1005.82763671875,41.5,288.75,10.342488288879395,1007.38427734375,48.25,296.5,7.544636249542236,1008.3387451171875,46.75,302.5,9.988076210021973,1016.7477416992188
2021-08-26 18:00:00,2021-08-27 00:00:00,2021-08-27 03:00:00,1,435,14.732183456420898,-101.86953735351562,12.75,258.75,17.727651596069336,1001.4025268554688,14.0,258.5,18.318370819091797,998.8651733398438,15.5,255.5,23.32662010192871,991.9808349609375,19.0,255.0,24.425796508789062,991.6613159179688,25.5,251.75,9.497541427612305,1003.22705078125,30.5,245.5,6.621863842010498,1004.46044921875,30.5,245.5,8.717276573181152,1004.55029296875
2021-08-27 00:00:00,2021-08-27 06:00:00,2021-08-27 03:00:00,1,435,14.732183456420898,-101.86953735351562,14.0,258.25,18.318370819091797,998.8651733398438,14.75,257.25,19.952865600585938,999.362060546875,16.0,255.0,21.411014556884766,991.3386840820312,20.75,254.5,18.41204071044922,995.6141967773438,28.0,250.25,7.053032875061035,1001.4835815429688,30.5,245.5,9.104503631591797,1000.1754760742188,30.5,245.5,7.27036714553833,1002.3180541992188
2021-09-02 12:00:00,2021-09-02 18:00:00,2021-09-02 19:00:00,1,1416,13.786017417907715,-34.534366607666016,13.0,326.75,17.990800857543945,1002.2887573242188,13.5,324.75,19.435260772705078,999.2940673828125,14.5,319.75,22.507381439208984,995.9940795898438,16.5,315.0,25.05276870727539,986.9117431640625,19.0,310.5,30.72816276550293,974.9636840820312,21.75,307.25,32.7304801940918,961.0569458007812,24.0,304.5,32.16808319091797,966.6865844726562
2021-09-06 12:00:00,2021-09-06 18:00:00,2021-09-06 20:00:00,1,994,22.66800880432129,-52.74619674682617,21.75,307.25,32.7304801940918,961.0569458007812,22.25,306.5,34.495635986328125,960.5103759765625,24.0,304.5,32.16808319091797,966.6865844726562,27.0,302.25,32.14413833618164,968.6712646484375,31.25,298.75,31.78343391418457,969.7357177734375,38.75,298.5,32.07144546508789,962.4199829101562,51.0,308.0,21.52684211730957,974.2732543945312
2021-09-09 00:00:00,2021-09-09 06:00:00,2021-09-09 05:00:00,1,730,30.172603607177734,-59.94176483154297,29.0,300.25,33.39192199707031,969.21435546875,30.0,299.25,30.108545303344727,969.6373291015625,34.25,297.75,30.206756591796875,968.8240356445312,44.75,303.0,31.361732482910156,963.7171630859375,56.75,311.75,22.446683883666992,968.0575561523438,62.75,321.25,22.47991943359375,969.3668823242188,64.75,329.25,21.13713836669922,974.5074462890625
2021-09-09 00:00:00,2021-09-09 06:00:00,2021-09-09 05:00:00,2,246,16.113821029663086,127.71442413330078,15.5,128.25,17.532203674316406,999.6068725585938,15.75,127.25,18.711894989013672,997.1152954101562,17.0,124.0,19.90053939819336,992.965576171875,20.25,121.75,22.179019927978516,988.7539672851562,24.25,122.25,22.619333267211914,987.45703125,29.25,123.25,21.9697208404541,987.8446044921875,31.0,123.5,19.32205581665039,991.4461669921875
2021-09-09 18:00:00,2021-09-10 00:00:00,2021-09-10 03:00:00,1,865,35.00838088989258,-61.19305419921875,32.75,298.0,29.514610290527344,965.8867797851562,34.25,297.75,30.206756591796875,968.8240356445312,41.75,300.5,34.9988899230957,962.895751953125,54.5,307.0,17.450634002685547,974.5828857421875,61.0,322.0,17.56379508972168,974.79638671875,64.25,329.25,18.781450271606445,971.3214111328125,66.5,331.25,16.33966064453125,985.3169555664062
2021-09-09 18:00:00,2021-09-10 00:00:00,2021-09-10 03:00:00,2,278,23.28417205810547,-109.2598876953125,22.0,251.25,20.80340576171875,996.8611450195312,22.5,250.75,18.972946166992188,995.3915405273438,24.5,247.75,15.174762725830078,1002.8490600585938,24.5,245.5,10.859493255615234,1009.630615234375,24.0,244.75,5.882406711578369,1011.0783081054688,24.0,244.75,3.2753384113311768,1012.8341674804688,30.5,245.75,7.352689266204834,1009.322998046875
2021-09-09 18:00:00,2021-09-10 00:00:00,2021-09-10 03:00:00,3,299,17.658863067626953,124.20318603515625,16.75,125.0,18.70879554748535,994.6367797851562,17.0,124.0,19.90053939819336,992.965576171875,19.5,122.0,21.39214324951172,990.5923461914062,23.0,122.5,28.152034759521484,983.7142944335938,27.5,123.0,23.63960075378418,986.11181640625,31.25,123.25,19.799827575683594,988.2109985351562,30.5,125.25,17.28169059753418,994.654296875
2021-09-10 00:00:00,2021-09-10 06:00:00,2021-09-10 03:00:00,1,865,35.00838088989258,-61.19305419921875,34.25,297.75,30.206756591796875,968.8240356445312,36.25,297.75,29.514453887939453,968.346435546875,44.75,303.0,31.361732482910156,963.7171630859375,56.75,311.75,22.446683883666992,968.0575561523438,62.75,321.25,22.47991943359375,969.3668823242188,64.75,329.25,21.13713836669922,974.5074462890625,66.75,332.75,15.75661563873291,990.5250854492188
2021-09-10 00:00:00,2021-09-10 06:00:00,2021-09-10 03:00:00,2,278,23.28417205810547,-109.2598876953125,22.5,250.75,18.972946166992188,995.3915405273438,23.25,249.75,18.069612503051758,999.7433471679688,24.75,247.25,15.642402648925781,1003.3942260742188,24.25,245.25,10.27540111541748,1007.6847534179688,24.0,244.75,5.8590474128723145,1009.1671142578125,27.0,246.75,7.545581817626953,1006.1665649414062,32.0,244.75,6.621862888336182,1005.429443359375
2021-09-10 00:00:00,2021-09-10 06:00:00,2021-09-10 03:00:00,3,299,17.658863067626953,124.20318603515625,17.0,124.0,19.90053939819336,992.965576171875,17.75,123.25,19.82235336303711,991.7515869140625,20.25,121.75,22.179019927978516,988.7539672851562,24.25,122.25,22.619333267211914,987.45703125,29.25,123.25,21.9697208404541,987.8446044921875,31.0,123.5,19.32205581665039,991.4461669921875,30.25,125.5,16.69925308227539,995.7943725585938
2021-09-10 12:00:00,2021-09-10 18:00:00,2021-09-10 17:00:00,1,958,40.21294403076172,-58.15788269042969,38.75,298.5,32.07144546508789,962.4199829101562,41.75,300.5,34.9988899230957,962.895751953125,51.0,308.0,21.52684211730957,974.2732543945312,57.5,321.0,20.196369171142578,975.9313354492188,62.5,327.0,22.20348358154297,968.2644653320312,65.75,330.5,19.277873992919922,981.0204467773438,67.5,335.75,10.787346839904785,1001.0260009765625
2021-09-10 12:00:00,2021-09-10 18:00:00,2021-09-10 17:00:00,2,460,19.57391357421875,123.48371887207031,18.5,122.75,21.48027229309082,992.9126586914062,19.5,122.0,21.39214324951172,990.5923461914062,21.5,122.0,25.614524841308594,983.2203979492188,26.25,122.75,23.660219192504883,987.4843139648438,30.75,123.25,22.7629451751709,986.3526000976562,30.5,125.0,18.249771118164062,994.2904052734375,30.0,125.5,16.747182846069336,996.1983032226562
2021-09-10 12:00:00,2021-09-10 18:00:00,2021-09-10 17:00:00,3,373,16.540884017944336,110.4537353515625,15.75,111.25,15.93359375,997.4286499023438,16.0,110.5,17.70914649963379,996.45068359375,15.5,109.25,15.086868286132812,994.4547119140625,15.25,109.25,10.020052909851074,998.2715454101562,16.75,107.75,10.658243179321289,1003.5322875976562,16.5,107.75,8.889863014221191,1007.6253662109375,16.5,107.75,10.724440574645996,1009.2105712890625
2021-09-12 00:00:00,2021-09-12 06:00:00,2021-09-12 04:00:00,1,1529,23.66399574279785,125.39342498779297,24.25,122.25,22.619333267211914,987.45703125,25.5,122.25,23.252052307128906,986.3670043945312,29.25,123.25,21.9697208404541,987.8446044921875,31.0,123.5,19.32205581665039,991.4461669921875,30.25,125.5,16.69925308227539,995.7943725585938,30.25,125.0,19.48905372619629,992.30810546875,33.0,127.5,21.157291412353516,991.184326171875
2021-09-13 06:00:00,2021-09-13 12:00:00,2021-09-13 15:00:00,1,1713,30.36106300354004,125.06526184082031,30.5,123.25,21.27046012878418,984.97998046875,30.75,123.25,22.7629451751709,986.3526000976562,30.75,124.25,19.99310302734375,991.8317260742188,30.0,125.5,17.048585891723633,995.2097778320312,31.0,125.25,19.919689178466797,988.935791015625,33.5,129.0,20.000743865966797,990.207275390625,34.25,137.75,12.809270858764648,1002.37255859375
2021-09-13 12:00:00,2021-09-13 18:00:00,2021-09-13 15:00:00,1,1713,30.36106300354004,125.06526184082031,30.75,123.25,22.7629451751709,986.3526000976562,31.25,123.25,19.799827575683594,988.2109985351562,30.5,125.0,18.249771118164062,994.2904052734375,30.0,125.5,16.747182846069336,996.1983032226562,31.5,125.75,19.892250061035156,989.4466552734375,33.75,131.5,16.875436782836914,996.5964965820312,34.25,138.75,12.835288047790527,1005.4647827148438
2021-09-23 06:00:00,2021-09-23 12:00:00,2021-09-23 10:00:00,1,241,16.132780075073242,109.56949615478516,14.75,110.0,14.409521102905273,1002.335205078125,15.5,109.25,14.34194278717041,1002.4906005859375,16.25,105.75,14.451399803161621,1003.5261840820312,16.5,102.25,7.966653347015381,1003.9631958007812,17.25,97.75,6.168308734893799,1004.7295532226562,20.0,92.25,12.859529495239258,1004.2463989257812,21.5,87.75,9.77699089050293,1004.9196166992188
2021-09-25 00:00:00,2021-09-25 06:00:00,2021-09-25 06:00:00,1,631,17.346275329589844,138.6925506591797,17.25,138.25,21.479215621948242,995.492431640625,17.75,138.0,20.284578323364258,991.8164672851562,19.0,137.0,24.44186782836914,986.9576416015625,19.5,136.5,25.797168731689453,971.017578125,21.0,136.0,30.318737030029297,957.0189208984375,23.5,135.25,31.628393173217773,952.470458984375,26.75,136.25,33.390647888183594,952.3397827148438
2021-09-26 06:00:00,2021-09-26 12:00:00,2021-09-26 14:00:00,1,1707,18.151288986206055,137.27845764160156,19.25,136.75,23.07501792907715,979.9495239257812,19.25,136.5,24.90481948852539,976.4662475585938,20.0,136.5,26.463214874267578,966.2388305664062,21.5,135.75,30.8461971282959,952.2243041992188,24.25,135.25,32.29429626464844,950.4913330078125,28.0,137.0,33.00920104980469,948.0480346679688,33.75,141.75,32.52285385131836,957.8548583984375
2021-09-26 06:00:00,2021-09-26 12:00:00,2021-09-26 14:00:00,2,385,19.161039352416992,84.4636459350586,18.5,85.75,14.327447891235352,996.0321044921875,18.5,84.75,15.469017028808594,994.1417846679688,18.25,81.25,10.725140571594238,994.4578247070312,20.0,77.75,8.449712753295898,1000.3319702148438,21.75,72.5,11.29103946685791,999.1325073242188,23.0,68.0,15.550865173339844,997.8379516601562,23.25,64.75,19.854360580444336,994.7330322265625
2021-10-01 18:00:00,2021-10-02 00:00:00,2021-10-01 23:00:00,1,912,39.18119430541992,149.16534423828125,37.5,145.5,27.01712417602539,965.6631469726562,39.5,147.75,27.263275146484375,970.1331787109375,46.0,155.25,22.244516372680664,979.3265380859375,55.5,164.75,23.453889846801758,963.5614624023438,59.0,171.5,18.468923568725586,969.1612548828125,60.75,180.0,15.672876358032227,980.4609375,62.5,186.25,11.444822311401367,983.6967163085938
2021-10-01 18:00:00,2021-10-02 00:00:00,2021-10-01 23:00:00,2,506,30.195158004760742,-60.601261138916016,29.25,298.0,31.31733512878418,972.8733520507812,30.75,298.5,32.863059997558594,969.410400390625,34.75,301.25,27.73250961303711,975.69921875,38.0,306.0,29.405866622924805,967.8311157226562,43.5,316.25,31.64610481262207,965.4202270507812,51.0,318.0,28.48060417175293,958.9074096679688,53.0,330.75,19.498186111450195,972.971435546875
2021-10-01 18:00:00,2021-10-02 00:00:00,2021-10-01 23:00:00,3,409,23.926651000976562,63.00425720214844,23.75,63.0,19.125591278076172,991.9888305664062,23.75,62.5,19.980567932128906,991.01708984375,24.0,59.5,18.697525024414062,996.0564575195312,24.0,57.25,16.466129302978516,1001.4220581054688,20.75,54.75,10.265527725219727,1002.3746948242188,19.25,53.5,8.63862419128418,1004.6482543945312,18.75,52.75,7.760290622711182,1004.926513671875
2021-10-02 06:00:00,2021-10-02 12:00:00,2021-10-02 11:00:00,1,145,24.25,61.249996185302734,24.0,61.5,19.83761978149414,993.1116333007812,24.25,61.0,18.490800857543945,993.43701171875,24.25,58.75,17.92057228088379,1000.24365234375,22.25,55.5,13.304040908813477,1004.612060546875,19.5,54.0,7.914823055267334,1005.5044555664062,19.0,53.0,6.046677112579346,1006.5996704101562,19.0,50.5,6.022488117218018,1008.1427612304688
2021-10-02 18:00:00,2021-10-03 00:00:00,2021-10-03 01:00:00,1,435,35.90977096557617,-57.521263122558594,34.75,301.25,27.73250961303711,975.69921875,35.75,302.25,29.07999038696289,973.8640747070312,38.0,306.0,29.405866622924805,967.8311157226562,43.5,316.25,31.64610481262207,965.4202270507812,51.0,318.0,28.48060417175293,958.9074096679688,53.0,330.75,19.498186111450195,972.971435546875,62.0,338.0,15.530853271484375,982.7160034179688
2021-10-03 06:00:00,2021-10-03 12:00:00,2021-10-03 10:00:00,1,425,36.93764877319336,-55.81765365600586,36.5,303.25,30.84381103515625,971.0056762695312,37.25,304.75,29.18263053894043,971.6722412109375,39.75,309.75,29.93946647644043,961.863525390625,49.75,321.0,24.93525505065918,961.8641967773438,50.25,324.5,22.135343551635742,967.9374389648438,58.0,337.0,18.66926383972168,976.4369506835938,64.25,334.25,22.70106315612793,990.3411865234375
2021-10-04 06:00:00,2021-10-04 12:00:00,2021-10-04 13:00:00,1,901,41.02219772338867,-45.18785858154297,39.75,309.75,29.93946647644043,961.863525390625,41.25,312.75,31.242328643798828,965.2620239257812,49.75,321.0,24.93525505065918,961.8641967773438,50.25,324.5,22.135343551635742,967.9374389648438,58.0,337.0,18.66926383972168,976.4369506835938,64.25,334.25,22.70106315612793,990.3411865234375,61.0,331.75,15.116512298583984,994.577392578125
2021-10-11 18:00:00,2021-10-12 00:00:00,2021-10-12 03:00:00,1,1092,18.724130630493164,118.28752899169922,18.5,120.25,19.5458984375,980.1876831054688,19.0,118.75,22.528453826904297,982.8248291015625,19.0,114.75,24.581058502197266,978.3510131835938,19.0,108.5,21.056306838989258,992.7122802734375,18.0,104.25,3.23372220993042,1005.9959106445312,16.0,103.5,3.119662284851074,1007.89111328125,14.75,109.25,14.939074516296387,1005.0730590820312
2021-10-11 18:00:00,2021-10-12 00:00:00,2021-10-12 03:00:00,2,541,19.160350799560547,-109.2005386352539,16.75,251.25,16.382457733154297,1002.1953735351562,17.75,251.25,17.591217041015625,999.2244262695312,20.5,250.5,20.422454833984375,998.1610717773438,25.5,251.75,8.14893913269043,1007.7150268554688,27.0,260.5,6.0967254638671875,1009.2039184570312,25.25,261.0,5.698814868927002,1011.4327392578125,19.5,267.25,6.090696334838867,1013.98193359375
2021-10-12 00:00:00,2021-10-12 06:00:00,2021-10-12 03:00:00,1,1092,18.724130630493164,118.28752899169922,19.0,118.75,22.528453826904297,982.8248291015625,18.25,117.5,23.23357391357422,978.8785400390625,19.0,112.75,23.941200256347656,979.7831420898438,19.25,107.5,19.179914474487305,997.1436157226562,18.0,104.25,7.121217250823975,1006.7757568359375,15.75,103.25,4.980098724365234,1008.88232421875,14.75,109.25,17.172409057617188,1005.4346313476562
2021-10-12 00:00:00,2021-10-12 06:00:00,2021-10-12 03:00:00,2,541,19.160350799560547,-109.2005386352539,17.75,251.0,17.591217041015625,999.2244262695312,18.75,250.5,17.872434616088867,1000.6917724609375,21.25,251.0,19.71355438232422,996.31005859375,28.0,253.75,6.393600940704346,1004.755859375,26.75,260.75,7.776111125946045,1006.2377319335938,24.0,261.0,6.448803424835205,1010.64404296875,16.25,265.75,13.721635818481445,1009.4444580078125
2021-10-13 06:00:00,2021-10-13 12:00:00,2021-10-13 10:00:00,1,2619,19.583906173706055,110.63579559326172,19.25,111.0,23.675861358642578,980.013671875,18.5,109.25,22.111085891723633,989.2860717773438,19.75,106.5,14.57594108581543,998.5470581054688,16.25,103.75,3.9201865196228027,1005.2909545898438,15.25,103.0,6.3431243896484375,1007.4364624023438,15.0,109.0,15.668156623840332,1007.7760009765625,13.25,107.75,4.883144855499268,1009.5911865234375
2021-10-14 18:00:00,2021-10-15 00:00:00,2021-10-14 22:00:00,1,455,25.28131866455078,160.38076782226562,24.75,159.5,16.35679054260254,998.0533447265625,25.5,160.75,18.557397842407227,996.492919921875,27.75,163.0,18.105318069458008,995.6109619140625,32.75,167.0,17.68136978149414,997.8406982421875,38.0,167.0,16.335052490234375,1003.2167358398438,44.5,178.5,16.75321388244629,1002.7832641601562,42.75,197.75,12.42957592010498,1004.4743041992188
2021-10-14 18:00:00,2021-10-15 00:00:00,2021-10-14 22:00:00,2,541,10.57763385772705,72.00785064697266,10.75,72.0,11.451338768005371,1003.3657836914062,10.5,72.25,11.748565673828125,1001.0392456054688,10.0,74.0,9.97638988494873,1002.552978515625,9.25,77.75,11.712752342224121,1004.6936645507812,12.0,80.0,9.762290954589844,1005.7401733398438,14.75,79.75,7.739044189453125,1007.3992309570312,15.0,80.0,3.5973219871520996,1010.417236328125
2021-10-27 00:00:00,2021-10-27 06:00:00,2021-10-27 05:00:00,1,488,21.558914184570312,139.93748474121094,21.25,139.0,24.14117431640625,986.7157592773438,21.5,139.25,23.93904685974121,983.166259765625,24.0,140.75,29.026893615722656,971.99658203125,29.75,144.25,31.66567039489746,971.87548828125,37.25,157.0,23.000625610351562,995.5496826171875,44.0,172.0,24.86504554748535,974.0560302734375,42.0,191.0,19.472965240478516,984.1713256835938
2021-10-27 18:00:00,2021-10-28 00:00:00,2021-10-28 03:00:00,1,610,24.386066436767578,142.06478881835938,23.0,140.0,26.27451515197754,979.5204467773438,24.0,140.75,29.026893615722656,971.99658203125,28.25,143.5,28.008453369140625,970.409912109375,35.75,153.0,27.526962280273438,989.1747436523438,43.75,167.25,21.06270408630371,983.063232421875,42.0,186.25,17.14419174194336,984.479248046875,39.75,203.5,18.399072647094727,985.769775390625
2021-10-28 00:00:00,2021-10-28 06:00:00,2021-10-28 05:00:00,1,943,23.88838768005371,142.38421630859375,24.0,140.75,29.026893615722656,971.99658203125,25.0,141.75,28.111787796020508,972.5604858398438,29.75,144.25,31.66567039489746,971.87548828125,37.25,157.0,23.000625610351562,995.5496826171875,44.0,172.0,24.86504554748535,974.0560302734375,42.0,191.0,19.472965240478516,984.1713256835938,39.5,206.75,18.340028762817383,987.3240356445312
2021-11-10 18:00:00,2021-11-11 00:00:00,2021-11-10 22:00:00,1,488,37.75,-52.46720886230469,36.5,305.5,18.677274703979492,992.2151489257812,37.5,308.0,21.19024658203125,990.1677856445312,42.0,318.25,23.999948501586914,980.1220092773438,49.75,323.0,24.927125930786133,957.855712890625,60.0,329.0,17.48826789855957,965.023193359375,64.5,326.25,21.152116775512695,959.5391235351562,64.5,330.0,17.419038772583008,970.0875854492188
2021-11-30 18:00:00,2021-12-01 00:00:00,2021-11-30 22:00:00,1,597,14.12479019165039,137.79771423339844,13.5,136.75,20.018348693847656,993.33544921875,14.0,136.5,19.594078063964844,993.3248291015625,15.75,135.5,23.180917739868164,983.7976684570312,19.5,137.25,27.75096893310547,972.978759765625,24.5,143.0,17.212358474731445,1002.81201171875,18.5,146.25,8.766002655029297,1006.0010375976562,15.5,147.75,8.958510398864746,1004.599365234375
2021-12-02 00:00:00,2021-12-02 06:00:00,2021-12-02 06:00:00,1,822,17.209245681762695,137.4814910888672,16.5,135.75,24.77776336669922,983.9619750976562,17.5,136.0,24.923250198364258,979.2454833984375,20.75,138.5,29.489959716796875,978.651611328125,24.5,144.0,15.835981369018555,1009.6150512695312,17.5,149.75,12.984516143798828,1006.3919677734375,15.25,147.5,9.931290626525879,1007.0925903320312,12.25,145.0,8.935579299926758,1007.8092041015625
2021-12-02 18:00:00,2021-12-03 00:00:00,2021-12-02 22:00:00,1,882,20.432538986206055,139.3590545654297,19.5,137.25,27.75096893310547,972.978759765625,20.75,138.5,29.489959716796875,978.651611328125,24.5,143.0,17.212358474731445,1002.81201171875,18.5,146.25,8.766002655029297,1006.0010375976562,15.5,147.75,8.958510398864746,1004.599365234375,12.25,145.0,9.938496589660645,1005.0973510742188,11.5,144.25,6.536679267883301,1007.667724609375
2021-12-12 18:00:00,2021-12-13 00:00:00,2021-12-13 00:00:00,1,604,-16.181705474853516,160.988037109375,-16.5,159.0,16.996824264526367,995.016845703125,-17.5,159.75,17.614133834838867,994.7243041992188,-20.25,163.5,20.595930099487305,988.6834106445312,-24.5,170.5,20.91241455078125,988.1467895507812,-31.0,178.25,17.479463577270508,995.5031127929688,-43.75,182.75,15.898162841796875,982.0936889648438,-52.0,199.25,11.232758522033691,972.1956787109375
2021-12-16 18:00:00,2021-12-17 00:00:00,2021-12-17 00:00:00,1,788,11.5241117477417,121.5282211303711,10.0,122.75,23.010778427124023,981.0187377929688,10.0,121.5,22.950923919677734,986.3535766601562,10.75,117.5,24.7502384185791,978.5376586914062,12.0,112.0,28.187671661376953,975.3797607421875,15.75,110.75,24.943830490112305,993.2930297851562,19.75,112.75,17.262041091918945,1005.9931030273438,20.75,117.25,11.099441528320312,1011.9129638671875
2021-12-19 00:00:00,2021-12-19 06:00:00,2021-12-19 06:00:00,1,512,14.21875,111.50341033935547,12.5,111.5,28.214298248291016,981.0908813476562,13.5,110.75,27.15873146057129,984.2886962890625,17.0,110.75,21.306455612182617,997.8858032226562,20.75,113.75,14.812795639038086,1009.2813110351562,20.5,117.75,11.04817008972168,1013.3256225585938,18.75,118.5,8.392236709594727,1013.0352172851562,18.0,120.25,7.27840518951416,1012.79736328125
