center_lat,center_lon,min_mslp_hpa,max_10m_wind,gamma,time_index,lead_hours,forecast_valid_time,tc_id,initial_component_n_pixels,control_center_lat,control_center_lon,control_min_mslp_hpa,control_max_10m_wind,track_displacement_km,delta_min_mslp_hpa,delta_max_10m_wind
18.75,88.5,982.5747680664062,24.761735916137695,-1.0,0,6.0,2021-05-25 00:00:00,1,1005,18.75,88.5,982.03271484375,25.564590454101562,0.0,0.54205322265625,-0.8028545379638672
19.0,88.25,982.1217041015625,23.114267349243164,-1.0,1,12.0,2021-05-25 06:00:00,1,1005,19.0,88.25,980.693603515625,23.784103393554688,0.0,1.4281005859375,-0.6698360443115234
19.5,88.0,981.2028198242188,21.51816749572754,-1.0,2,18.0,2021-05-25 12:00:00,1,1005,19.5,87.75,978.765380859375,22.840187072753906,26.204235547273534,2.43743896484375,-1.3220195770263672
20.0,88.0,984.0308837890625,19.918004989624023,-1.0,3,24.0,2021-05-25 18:00:00,1,1005,20.0,87.75,980.93896484375,21.23373031616211,26.12226058514829,3.0919189453125,-1.315725326538086
20.5,87.75,984.739501953125,18.110166549682617,-1.0,4,30.0,2021-05-26 00:00:00,1,1005,20.75,87.75,981.4724731445312,19.938495635986328,27.798731661139723,3.26702880859375,-1.828329086303711
21.0,87.75,988.2274169921875,15.561993598937988,-1.0,5,36.0,2021-05-26 06:00:00,1,1005,21.0,87.5,985.255859375,16.891014099121094,25.952349116301377,2.9715576171875,-1.3290205001831055
21.25,87.5,989.3989868164062,12.643418312072754,-1.0,6,42.0,2021-05-26 12:00:00,1,1005,21.5,87.0,986.3888549804688,13.708722114562988,58.76413897564906,3.0101318359375,-1.0653038024902344
21.75,87.25,993.382568359375,11.702674865722656,-1.0,7,48.0,2021-05-26 18:00:00,1,1005,21.75,87.0,990.7130737304688,13.780774116516113,25.819724712126003,2.66949462890625,-2.078099250793457
21.75,87.25,994.262451171875,11.276871681213379,-1.0,8,54.0,2021-05-27 00:00:00,1,1005,22.0,86.75,991.8265380859375,13.25224781036377,58.60666757759946,2.4359130859375,-1.9753761291503906
22.25,87.25,997.3234252929688,10.207784652709961,-1.0,9,60.0,2021-05-27 06:00:00,1,1005,22.75,86.5,994.9288330078125,9.850743293762207,95.01267574478783,2.39459228515625,0.3570413589477539
22.25,87.25,997.2368774414062,9.449873924255371,-1.0,10,66.0,2021-05-27 12:00:00,1,1005,22.75,86.5,995.4620361328125,8.010775566101074,95.01267574478783,1.77484130859375,1.4390983581542969
22.25,87.25,1000.510009765625,9.526333808898926,-1.0,11,72.0,2021-05-27 18:00:00,1,1005,22.75,86.5,998.72021484375,8.420618057250977,95.01267574478783,1.789794921875,1.1057157516479492
22.25,87.25,1000.825927734375,8.752328872680664,-1.0,12,78.0,2021-05-28 00:00:00,1,1005,24.75,85.25,998.5114135742188,10.352438926696777,344.7599711553132,2.31451416015625,-1.6001100540161133
22.5,86.75,1002.6246948242188,7.592324733734131,-1.0,13,84.0,2021-05-28 06:00:00,1,1005,25.0,84.75,1000.8599243164062,9.55369758605957,344.52998665691905,1.7647705078125,-1.9613728523254395
21.0,85.25,998.998046875,6.826945781707764,-1.0,14,90.0,2021-05-28 12:00:00,1,1005,25.0,84.75,1000.4501342773438,7.999883651733398,447.71252635956944,-1.45208740234375,-1.1729378700256348
21.0,83.75,1002.037109375,2.8101613521575928,-1.0,15,96.0,2021-05-28 18:00:00,1,1005,25.0,84.75,1002.815673828125,6.507015228271484,456.39788825225634,-0.778564453125,-3.6968538761138916
21.0,83.75,1001.8251342773438,2.7169620990753174,-1.0,16,102.0,2021-05-29 00:00:00,1,1005,25.0,84.75,1002.5943603515625,5.607807159423828,456.39788825225634,-0.76922607421875,-2.8908450603485107
21.0,83.75,1001.8206176757812,4.179520130157471,-1.0,17,108.0,2021-05-29 06:00:00,1,1005,25.0,84.75,1003.97216796875,5.791715145111084,456.39788825225634,-2.15155029296875,-1.6121950149536133
21.0,83.75,998.2882080078125,4.065790176391602,-1.0,18,114.0,2021-05-29 12:00:00,1,1005,25.0,84.75,1001.5845336914062,3.482541084289551,456.39788825225634,-3.29632568359375,0.5832490921020508
21.0,83.75,1001.59130859375,3.521017074584961,-1.0,19,120.0,2021-05-29 18:00:00,1,1005,25.0,84.75,1003.0384521484375,3.007166624069214,456.39788825225634,-1.4471435546875,0.5138504505157471
18.75,88.5,982.2828979492188,25.146137237548828,-0.5,0,6.0,2021-05-25 00:00:00,1,1005,18.75,88.5,982.03271484375,25.564590454101562,0.0,0.25018310546875,-0.4184532165527344
19.0,88.25,981.3607177734375,23.365493774414062,-0.5,1,12.0,2021-05-25 06:00:00,1,1005,19.0,88.25,980.693603515625,23.784103393554688,0.0,0.6671142578125,-0.418609619140625
19.5,87.75,980.016357421875,22.107284545898438,-0.5,2,18.0,2021-05-25 12:00:00,1,1005,19.5,87.75,978.765380859375,22.840187072753906,0.0,1.2509765625,-0.7329025268554688
20.0,87.75,982.634033203125,20.539091110229492,-0.5,3,24.0,2021-05-25 18:00:00,1,1005,20.0,87.75,980.93896484375,21.23373031616211,0.0,1.695068359375,-0.6946392059326172
20.5,87.75,983.077880859375,19.01691436767578,-0.5,4,30.0,2021-05-26 00:00:00,1,1005,20.75,87.75,981.4724731445312,19.938495635986328,27.798731661139723,1.60540771484375,-0.9215812683105469
21.0,87.5,986.847412109375,16.1689510345459,-0.5,5,36.0,2021-05-26 06:00:00,1,1005,21.0,87.5,985.255859375,16.891014099121094,0.0,1.591552734375,-0.7220630645751953
21.25,87.25,987.930908203125,13.135063171386719,-0.5,6,42.0,2021-05-26 12:00:00,1,1005,21.5,87.0,986.3888549804688,13.708722114562988,37.98530692991347,1.54205322265625,-0.5736589431762695
21.75,87.0,991.9743041992188,12.735901832580566,-0.5,7,48.0,2021-05-26 18:00:00,1,1005,21.75,87.0,990.7130737304688,13.780774116516113,0.0,1.26123046875,-1.0448722839355469
22.0,87.0,993.106689453125,12.21955394744873,-0.5,8,54.0,2021-05-27 00:00:00,1,1005,22.0,86.75,991.8265380859375,13.25224781036377,25.774532304409846,1.2801513671875,-1.032693862915039
22.5,86.75,996.0967407226562,10.345708847045898,-0.5,9,60.0,2021-05-27 06:00:00,1,1005,22.75,86.5,994.9288330078125,9.850743293762207,37.83084755051603,1.16790771484375,0.4949655532836914
22.5,86.75,996.5345458984375,8.776836395263672,-0.5,10,66.0,2021-05-27 12:00:00,1,1005,22.75,86.5,995.4620361328125,8.010775566101074,37.83084755051603,1.072509765625,0.7660608291625977
22.5,86.75,999.5921020507812,8.961870193481445,-0.5,11,72.0,2021-05-27 18:00:00,1,1005,22.75,86.5,998.72021484375,8.420618057250977,37.83084755051603,0.87188720703125,0.5412521362304688
22.5,86.75,1000.2162475585938,8.53589916229248,-0.5,12,78.0,2021-05-28 00:00:00,1,1005,24.75,85.25,998.5114135742188,10.352438926696777,293.1573940638341,1.704833984375,-1.8165397644042969
22.5,86.75,1002.4774169921875,8.594325065612793,-0.5,13,84.0,2021-05-28 06:00:00,1,1005,25.0,84.75,1000.8599243164062,9.55369758605957,344.52998665691905,1.61749267578125,-0.9593725204467773
22.5,86.75,1000.85888671875,7.9897074699401855,-0.5,14,90.0,2021-05-28 12:00:00,1,1005,25.0,84.75,1000.4501342773438,7.999883651733398,344.52998665691905,0.40875244140625,-0.01017618179321289
22.5,86.75,1003.5357055664062,8.26743221282959,-0.5,15,96.0,2021-05-28 18:00:00,1,1005,25.0,84.75,1002.815673828125,6.507015228271484,344.52998665691905,0.72003173828125,1.7604169845581055
22.5,86.75,1003.2424926757812,7.737040996551514,-0.5,16,102.0,2021-05-29 00:00:00,1,1005,25.0,84.75,1002.5943603515625,5.607807159423828,344.52998665691905,0.64813232421875,2.1292338371276855
22.5,86.75,1003.46533203125,7.755342960357666,-0.5,17,108.0,2021-05-29 06:00:00,1,1005,25.0,84.75,1003.97216796875,5.791715145111084,344.52998665691905,-0.5068359375,1.963627815246582
22.5,86.75,1000.6925048828125,7.945321083068848,-0.5,18,114.0,2021-05-29 12:00:00,1,1005,25.0,84.75,1001.5845336914062,3.482541084289551,344.52998665691905,-0.89202880859375,4.462779998779297
22.5,86.75,1003.7630615234375,8.247220993041992,-0.5,19,120.0,2021-05-29 18:00:00,1,1005,25.0,84.75,1003.0384521484375,3.007166624069214,344.52998665691905,0.724609375,5.240054368972778
18.75,88.5,982.0744018554688,25.37150764465332,-0.2,0,6.0,2021-05-25 00:00:00,1,1005,18.75,88.5,982.03271484375,25.564590454101562,0.0,0.04168701171875,-0.1930828094482422
19.0,88.25,980.9437255859375,23.81292724609375,-0.2,1,12.0,2021-05-25 06:00:00,1,1005,19.0,88.25,980.693603515625,23.784103393554688,0.0,0.2501220703125,0.0288238525390625
19.5,87.75,979.2031860351562,22.44412612915039,-0.2,2,18.0,2021-05-25 12:00:00,1,1005,19.5,87.75,978.765380859375,22.840187072753906,0.0,0.43780517578125,-0.3960609436035156
20.0,87.75,981.7310791015625,20.918750762939453,-0.2,3,24.0,2021-05-25 18:00:00,1,1005,20.0,87.75,980.93896484375,21.23373031616211,0.0,0.7921142578125,-0.31497955322265625
20.5,87.75,982.236083984375,19.571962356567383,-0.2,4,30.0,2021-05-26 00:00:00,1,1005,20.75,87.75,981.4724731445312,19.938495635986328,27.798731661139723,0.76361083984375,-0.3665332794189453
21.0,87.5,986.1228637695312,16.365108489990234,-0.2,5,36.0,2021-05-26 06:00:00,1,1005,21.0,87.5,985.255859375,16.891014099121094,0.0,0.86700439453125,-0.5259056091308594
21.25,87.25,987.1445922851562,13.368151664733887,-0.2,6,42.0,2021-05-26 12:00:00,1,1005,21.5,87.0,986.3888549804688,13.708722114562988,37.98530692991347,0.7557373046875,-0.34057044982910156
21.75,87.0,991.3384399414062,13.348904609680176,-0.2,7,48.0,2021-05-26 18:00:00,1,1005,21.75,87.0,990.7130737304688,13.780774116516113,0.0,0.6253662109375,-0.4318695068359375
22.0,87.0,992.4710083007812,13.007281303405762,-0.2,8,54.0,2021-05-27 00:00:00,1,1005,22.0,86.75,991.8265380859375,13.25224781036377,25.774532304409846,0.64447021484375,-0.2449665069580078
22.5,86.75,995.431884765625,10.812841415405273,-0.2,9,60.0,2021-05-27 06:00:00,1,1005,22.75,86.5,994.9288330078125,9.850743293762207,37.83084755051603,0.5030517578125,0.9620981216430664
22.5,86.75,995.991943359375,9.082542419433594,-0.2,10,66.0,2021-05-27 12:00:00,1,1005,22.75,86.5,995.4620361328125,8.010775566101074,37.83084755051603,0.5299072265625,1.0717668533325195
22.5,86.75,999.0303955078125,9.206934928894043,-0.2,11,72.0,2021-05-27 18:00:00,1,1005,22.75,86.5,998.72021484375,8.420618057250977,37.83084755051603,0.3101806640625,0.7863168716430664
22.5,86.75,999.795654296875,9.102054595947266,-0.2,12,78.0,2021-05-28 00:00:00,1,1005,24.75,85.25,998.5114135742188,10.352438926696777,293.1573940638341,1.28424072265625,-1.2503843307495117
22.5,86.75,1002.2725219726562,8.979890823364258,-0.2,13,84.0,2021-05-28 06:00:00,1,1005,25.0,84.75,1000.8599243164062,9.55369758605957,344.52998665691905,1.41259765625,-0.5738067626953125
22.5,86.75,1000.91015625,8.153562545776367,-0.2,14,90.0,2021-05-28 12:00:00,1,1005,25.0,84.75,1000.4501342773438,7.999883651733398,344.52998665691905,0.46002197265625,0.15367889404296875
22.5,86.75,1003.4849243164062,8.382354736328125,-0.2,15,96.0,2021-05-28 18:00:00,1,1005,25.0,84.75,1002.815673828125,6.507015228271484,344.52998665691905,0.66925048828125,1.8753395080566406
22.5,86.75,1003.2360229492188,7.829526901245117,-0.2,16,102.0,2021-05-29 00:00:00,1,1005,25.0,84.75,1002.5943603515625,5.607807159423828,344.52998665691905,0.64166259765625,2.221719741821289
22.5,86.75,1003.642578125,7.7156081199646,-0.2,17,108.0,2021-05-29 06:00:00,1,1005,25.0,84.75,1003.97216796875,5.791715145111084,344.52998665691905,-0.32958984375,1.9238929748535156
22.5,86.75,1000.8697509765625,7.875920295715332,-0.2,18,114.0,2021-05-29 12:00:00,1,1005,25.0,84.75,1001.5845336914062,3.482541084289551,344.52998665691905,-0.71478271484375,4.393379211425781
22.5,86.75,1003.7864990234375,8.312605857849121,-0.2,19,120.0,2021-05-29 18:00:00,1,1005,25.0,84.75,1003.0384521484375,3.007166624069214,344.52998665691905,0.748046875,5.305439233779907
18.75,88.5,982.03271484375,25.564590454101562,0.0,0,6.0,2021-05-25 00:00:00,1,1005,18.75,88.5,982.03271484375,25.564590454101562,0.0,0.0,0.0
19.0,88.25,980.693603515625,23.784103393554688,0.0,1,12.0,2021-05-25 06:00:00,1,1005,19.0,88.25,980.693603515625,23.784103393554688,0.0,0.0,0.0
19.5,87.75,978.765380859375,22.840187072753906,0.0,2,18.0,2021-05-25 12:00:00,1,1005,19.5,87.75,978.765380859375,22.840187072753906,0.0,0.0,0.0
20.0,87.75,980.93896484375,21.23373031616211,0.0,3,24.0,2021-05-25 18:00:00,1,1005,20.0,87.75,980.93896484375,21.23373031616211,0.0,0.0,0.0
20.75,87.75,981.4724731445312,19.938495635986328,0.0,4,30.0,2021-05-26 00:00:00,1,1005,20.75,87.75,981.4724731445312,19.938495635986328,0.0,0.0,0.0
21.0,87.5,985.255859375,16.891014099121094,0.0,5,36.0,2021-05-26 06:00:00,1,1005,21.0,87.5,985.255859375,16.891014099121094,0.0,0.0,0.0
21.5,87.0,986.3888549804688,13.708722114562988,0.0,6,42.0,2021-05-26 12:00:00,1,1005,21.5,87.0,986.3888549804688,13.708722114562988,0.0,0.0,0.0
21.75,87.0,990.7130737304688,13.780774116516113,0.0,7,48.0,2021-05-26 18:00:00,1,1005,21.75,87.0,990.7130737304688,13.780774116516113,0.0,0.0,0.0
22.0,86.75,991.8265380859375,13.25224781036377,0.0,8,54.0,2021-05-27 00:00:00,1,1005,22.0,86.75,991.8265380859375,13.25224781036377,0.0,0.0,0.0
22.75,86.5,994.9288330078125,9.850743293762207,0.0,9,60.0,2021-05-27 06:00:00,1,1005,22.75,86.5,994.9288330078125,9.850743293762207,0.0,0.0,0.0
22.75,86.5,995.4620361328125,8.010775566101074,0.0,10,66.0,2021-05-27 12:00:00,1,1005,22.75,86.5,995.4620361328125,8.010775566101074,0.0,0.0,0.0
22.75,86.5,998.72021484375,8.420618057250977,0.0,11,72.0,2021-05-27 18:00:00,1,1005,22.75,86.5,998.72021484375,8.420618057250977,0.0,0.0,0.0
24.75,85.25,998.5114135742188,10.352438926696777,0.0,12,78.0,2021-05-28 00:00:00,1,1005,24.75,85.25,998.5114135742188,10.352438926696777,0.0,0.0,0.0
25.0,84.75,1000.8599243164062,9.55369758605957,0.0,13,84.0,2021-05-28 06:00:00,1,1005,25.0,84.75,1000.8599243164062,9.55369758605957,0.0,0.0,0.0
25.0,84.75,1000.4501342773438,7.999883651733398,0.0,14,90.0,2021-05-28 12:00:00,1,1005,25.0,84.75,1000.4501342773438,7.999883651733398,0.0,0.0,0.0
25.0,84.75,1002.815673828125,6.507015228271484,0.0,15,96.0,2021-05-28 18:00:00,1,1005,25.0,84.75,1002.815673828125,6.507015228271484,0.0,0.0,0.0
25.0,84.75,1002.5943603515625,5.607807159423828,0.0,16,102.0,2021-05-29 00:00:00,1,1005,25.0,84.75,1002.5943603515625,5.607807159423828,0.0,0.0,0.0
25.0,84.75,1003.97216796875,5.791715145111084,0.0,17,108.0,2021-05-29 06:00:00,1,1005,25.0,84.75,1003.97216796875,5.791715145111084,0.0,0.0,0.0
25.0,84.75,1001.5845336914062,3.482541084289551,0.0,18,114.0,2021-05-29 12:00:00,1,1005,25.0,84.75,1001.5845336914062,3.482541084289551,0.0,0.0,0.0
25.0,84.75,1003.0384521484375,3.007166624069214,0.0,19,120.0,2021-05-29 18:00:00,1,1005,25.0,84.75,1003.0384521484375,3.007166624069214,0.0,0.0,0.0
18.75,88.5,981.9492797851562,25.69169807434082,0.2,0,6.0,2021-05-25 00:00:00,1,1005,18.75,88.5,982.03271484375,25.564590454101562,0.0,-0.08343505859375,0.1271076202392578
19.0,88.0,980.4224853515625,24.016271591186523,0.2,1,12.0,2021-05-25 06:00:00,1,1005,19.0,88.25,980.693603515625,23.784103393554688,26.284214953653223,-0.2711181640625,0.23216819763183594
19.5,87.75,978.2442016601562,23.07250213623047,0.2,2,18.0,2021-05-25 12:00:00,1,1005,19.5,87.75,978.765380859375,22.840187072753906,0.0,-0.52117919921875,0.2323150634765625
20.0,87.75,980.3134155273438,21.601160049438477,0.2,3,24.0,2021-05-25 18:00:00,1,1005,20.0,87.75,980.93896484375,21.23373031616211,0.0,-0.62554931640625,0.3674297332763672
20.75,87.75,980.899169921875,20.198545455932617,0.2,4,30.0,2021-05-26 00:00:00,1,1005,20.75,87.75,981.4724731445312,19.938495635986328,0.0,-0.57330322265625,0.26004981994628906
21.25,87.25,984.5861206054688,17.2885799407959,0.2,5,36.0,2021-05-26 06:00:00,1,1005,21.0,87.5,985.255859375,16.891014099121094,38.01528020817702,-0.66973876953125,0.3975658416748047
21.5,87.0,985.9275512695312,13.956360816955566,0.2,6,42.0,2021-05-26 12:00:00,1,1005,21.5,87.0,986.3888549804688,13.708722114562988,0.0,-0.4613037109375,0.24763870239257812
21.5,86.75,990.3937377929688,14.05909538269043,0.2,7,48.0,2021-05-26 18:00:00,1,1005,21.75,87.0,990.7130737304688,13.780774116516113,37.95502533955003,-0.3193359375,0.2783212661743164
22.0,86.75,991.4806518554688,13.475520133972168,0.2,8,54.0,2021-05-27 00:00:00,1,1005,22.0,86.75,991.8265380859375,13.25224781036377,0.0,-0.34588623046875,0.22327232360839844
22.75,86.5,994.4935913085938,9.715917587280273,0.2,9,60.0,2021-05-27 06:00:00,1,1005,22.75,86.5,994.9288330078125,9.850743293762207,0.0,-0.43524169921875,-0.1348257064819336
22.75,86.5,995.0420532226562,8.099963188171387,0.2,10,66.0,2021-05-27 12:00:00,1,1005,22.75,86.5,995.4620361328125,8.010775566101074,0.0,-0.41998291015625,0.0891876220703125
23.0,86.0,998.4168090820312,6.754330635070801,0.2,11,72.0,2021-05-27 18:00:00,1,1005,22.75,86.5,998.72021484375,8.420618057250977,58.281745750568845,-0.30340576171875,-1.6662874221801758
24.75,85.0,997.9766235351562,10.615219116210938,0.2,12,78.0,2021-05-28 00:00:00,1,1005,24.75,85.25,998.5114135742188,10.352438926696777,25.245224888907572,-0.5347900390625,0.26278018951416016
25.25,84.5,1000.5077514648438,9.658734321594238,0.2,13,84.0,2021-05-28 06:00:00,1,1005,25.0,84.75,1000.8599243164062,9.55369758605957,37.49962462244683,-0.3521728515625,0.10503673553466797
25.25,84.5,1000.3794555664062,8.120838165283203,0.2,14,90.0,2021-05-28 12:00:00,1,1005,25.0,84.75,1000.4501342773438,7.999883651733398,37.49962462244683,-0.0706787109375,0.12095451354980469
25.25,84.5,1002.600830078125,6.650504112243652,0.2,15,96.0,2021-05-28 18:00:00,1,1005,25.0,84.75,1002.815673828125,6.507015228271484,37.49962462244683,-0.21484375,0.14348888397216797
25.25,84.5,1002.4654541015625,5.761594772338867,0.2,16,102.0,2021-05-29 00:00:00,1,1005,25.0,84.75,1002.5943603515625,5.607807159423828,37.49962462244683,-0.12890625,0.15378761291503906
25.25,84.5,1004.1024780273438,5.887247085571289,0.2,17,108.0,2021-05-29 06:00:00,1,1005,25.0,84.75,1003.97216796875,5.791715145111084,37.49962462244683,0.13031005859375,0.09553194046020508
25.25,84.5,1001.61865234375,3.2622487545013428,0.2,18,114.0,2021-05-29 12:00:00,1,1005,25.0,84.75,1001.5845336914062,3.482541084289551,37.49962462244683,0.03411865234375,-0.220292329788208
25.25,84.5,1002.9424438476562,3.086167573928833,0.2,19,120.0,2021-05-29 18:00:00,1,1005,25.0,84.75,1003.0384521484375,3.007166624069214,37.49962462244683,-0.09600830078125,0.07900094985961914
18.75,88.5,981.782470703125,25.757925033569336,0.5,0,6.0,2021-05-25 00:00:00,1,1005,18.75,88.5,982.03271484375,25.564590454101562,0.0,-0.250244140625,0.19333457946777344
19.0,88.0,979.9013061523438,24.338186264038086,0.5,1,12.0,2021-05-25 06:00:00,1,1005,19.0,88.25,980.693603515625,23.784103393554688,26.284214953653223,-0.79229736328125,0.5540828704833984
19.5,87.75,977.56396484375,23.458030700683594,0.5,2,18.0,2021-05-25 12:00:00,1,1005,19.5,87.75,978.765380859375,22.840187072753906,0.0,-1.201416015625,0.6178436279296875
20.0,87.75,979.5003051757812,22.23601531982422,0.5,3,24.0,2021-05-25 18:00:00,1,1005,20.0,87.75,980.93896484375,21.23373031616211,0.0,-1.43865966796875,1.0022850036621094
20.75,87.5,979.8336791992188,20.56294822692871,0.5,4,30.0,2021-05-26 00:00:00,1,1005,20.75,87.75,981.4724731445312,19.938495635986328,25.99557017247021,-1.6387939453125,0.6244525909423828
21.25,87.25,983.659423828125,17.874080657958984,0.5,5,36.0,2021-05-26 06:00:00,1,1005,21.0,87.5,985.255859375,16.891014099121094,38.01528020817702,-1.596435546875,0.9830665588378906
21.5,87.0,985.29638671875,14.322925567626953,0.5,6,42.0,2021-05-26 12:00:00,1,1005,21.5,87.0,986.3888549804688,13.708722114562988,0.0,-1.09246826171875,0.6142034530639648
21.5,86.75,989.7097778320312,14.497883796691895,0.5,7,48.0,2021-05-26 18:00:00,1,1005,21.75,87.0,990.7130737304688,13.780774116516113,37.95502533955003,-1.0032958984375,0.7171096801757812
22.0,86.75,990.8035278320312,13.802395820617676,0.5,8,54.0,2021-05-27 00:00:00,1,1005,22.0,86.75,991.8265380859375,13.25224781036377,0.0,-1.02301025390625,0.5501480102539062
22.75,86.25,993.83349609375,8.918572425842285,0.5,9,60.0,2021-05-27 06:00:00,1,1005,22.75,86.5,994.9288330078125,9.850743293762207,25.63601430788999,-1.0953369140625,-0.9321708679199219
23.0,86.0,994.5156860351562,7.595285892486572,0.5,10,66.0,2021-05-27 12:00:00,1,1005,22.75,86.5,995.4620361328125,8.010775566101074,58.281745750568845,-0.94635009765625,-0.41548967361450195
23.75,85.75,997.8154907226562,9.256749153137207,0.5,11,72.0,2021-05-27 18:00:00,1,1005,22.75,86.5,998.72021484375,8.420618057250977,135.03798385279342,-0.90472412109375,0.8361310958862305
24.75,84.75,997.372802734375,10.725787162780762,0.5,12,78.0,2021-05-28 00:00:00,1,1005,24.75,85.25,998.5114135742188,10.352438926696777,50.490428716776854,-1.13861083984375,0.3733482360839844
25.25,84.5,1000.0907592773438,9.906004905700684,0.5,13,84.0,2021-05-28 06:00:00,1,1005,25.0,84.75,1000.8599243164062,9.55369758605957,37.49962462244683,-0.7691650390625,0.3523073196411133
25.25,84.5,999.989990234375,8.171050071716309,0.5,14,90.0,2021-05-28 12:00:00,1,1005,25.0,84.75,1000.4501342773438,7.999883651733398,37.49962462244683,-0.46014404296875,0.17116641998291016
25.25,84.5,1002.3238525390625,6.971611499786377,0.5,15,96.0,2021-05-28 18:00:00,1,1005,25.0,84.75,1002.815673828125,6.507015228271484,37.49962462244683,-0.4918212890625,0.4645962715148926
25.25,84.5,1002.19873046875,6.090230464935303,0.5,16,102.0,2021-05-29 00:00:00,1,1005,25.0,84.75,1002.5943603515625,5.607807159423828,37.49962462244683,-0.3956298828125,0.4824233055114746
25.25,84.5,1004.0438232421875,6.014693260192871,0.5,17,108.0,2021-05-29 06:00:00,1,1005,25.0,84.75,1003.97216796875,5.791715145111084,37.49962462244683,0.0716552734375,0.2229781150817871
25.25,84.5,1001.553466796875,3.041724920272827,0.5,18,114.0,2021-05-29 12:00:00,1,1005,25.0,84.75,1001.5845336914062,3.482541084289551,37.49962462244683,-0.03106689453125,-0.44081616401672363
25.25,84.5,1003.06787109375,3.2124032974243164,0.5,19,120.0,2021-05-29 18:00:00,1,1005,25.0,84.75,1003.0384521484375,3.007166624069214,37.49962462244683,0.0294189453125,0.20523667335510254
18.75,88.5,981.4906005859375,26.14532470703125,1.0,0,6.0,2021-05-25 00:00:00,1,1005,18.75,88.5,982.03271484375,25.564590454101562,0.0,-0.5421142578125,0.5807342529296875
19.0,88.0,979.0048217773438,24.78510093688965,1.0,1,12.0,2021-05-25 06:00:00,1,1005,19.0,88.25,980.693603515625,23.784103393554688,26.284214953653223,-1.68878173828125,1.000997543334961
19.5,87.75,976.3339233398438,24.4556827545166,1.0,2,18.0,2021-05-25 12:00:00,1,1005,19.5,87.75,978.765380859375,22.840187072753906,0.0,-2.43145751953125,1.6154956817626953
20.0,87.75,977.9053955078125,22.850055694580078,1.0,3,24.0,2021-05-25 18:00:00,1,1005,20.0,87.75,980.93896484375,21.23373031616211,0.0,-3.0335693359375,1.6163253784179688
20.75,87.5,978.1343994140625,21.558305740356445,1.0,4,30.0,2021-05-26 00:00:00,1,1005,20.75,87.75,981.4724731445312,19.938495635986328,25.99557017247021,-3.33807373046875,1.6198101043701172
21.25,87.25,982.2943725585938,18.74991798400879,1.0,5,36.0,2021-05-26 06:00:00,1,1005,21.0,87.5,985.255859375,16.891014099121094,38.01528020817702,-2.96148681640625,1.8589038848876953
21.5,86.75,983.7086791992188,15.442975044250488,1.0,6,42.0,2021-05-26 12:00:00,1,1005,21.5,87.0,986.3888549804688,13.708722114562988,25.864425549150436,-2.68017578125,1.7342529296875
21.5,86.75,988.23486328125,15.303643226623535,1.0,7,48.0,2021-05-26 18:00:00,1,1005,21.75,87.0,990.7130737304688,13.780774116516113,37.95502533955003,-2.47821044921875,1.5228691101074219
22.25,86.5,989.19677734375,14.009967803955078,1.0,8,54.0,2021-05-27 00:00:00,1,1005,22.0,86.75,991.8265380859375,13.25224781036377,37.89354352291109,-2.6297607421875,0.7577199935913086
22.75,86.25,992.509521484375,9.422762870788574,1.0,9,60.0,2021-05-27 06:00:00,1,1005,22.75,86.5,994.9288330078125,9.850743293762207,25.63601430788999,-2.4193115234375,-0.4279804229736328
23.0,86.0,993.2020263671875,8.138425827026367,1.0,10,66.0,2021-05-27 12:00:00,1,1005,22.75,86.5,995.4620361328125,8.010775566101074,58.281745750568845,-2.260009765625,0.12765026092529297
24.5,85.0,996.015869140625,11.395459175109863,1.0,11,72.0,2021-05-27 18:00:00,1,1005,22.75,86.5,998.72021484375,8.420618057250977,247.41564328421362,-2.704345703125,2.9748411178588867
24.75,84.75,995.9091186523438,11.608689308166504,1.0,12,78.0,2021-05-28 00:00:00,1,1005,24.75,85.25,998.5114135742188,10.352438926696777,50.490428716776854,-2.602294921875,1.2562503814697266
25.75,83.75,998.8050537109375,10.09015941619873,1.0,13,84.0,2021-05-28 06:00:00,1,1005,25.0,84.75,1000.8599243164062,9.55369758605957,130.56904568508145,-2.05487060546875,0.5364618301391602
25.75,83.5,999.0899047851562,8.058050155639648,1.0,14,90.0,2021-05-28 12:00:00,1,1005,25.0,84.75,1000.4501342773438,7.999883651733398,150.75060167114356,-1.3602294921875,0.05816650390625
25.75,83.5,1001.38720703125,7.328131675720215,1.0,15,96.0,2021-05-28 18:00:00,1,1005,25.0,84.75,1002.815673828125,6.507015228271484,150.75060167114356,-1.428466796875,0.8211164474487305
25.75,83.5,1001.4946899414062,5.798624515533447,1.0,16,102.0,2021-05-29 00:00:00,1,1005,25.0,84.75,1002.5943603515625,5.607807159423828,150.75060167114356,-1.09967041015625,0.19081735610961914
25.75,83.5,1003.6182861328125,5.6696457862854,1.0,17,108.0,2021-05-29 06:00:00,1,1005,25.0,84.75,1003.97216796875,5.791715145111084,150.75060167114356,-0.3538818359375,-0.1220693588256836
25.75,83.5,1001.1841430664062,3.5443100929260254,1.0,18,114.0,2021-05-29 12:00:00,1,1005,25.0,84.75,1001.5845336914062,3.482541084289551,150.75060167114356,-0.400390625,0.06176900863647461
25.75,83.5,1002.9146728515625,3.4654505252838135,1.0,19,120.0,2021-05-29 18:00:00,1,1005,25.0,84.75,1003.0384521484375,3.007166624069214,150.75060167114356,-0.123779296875,0.4582839012145996
