gamma,lead_hours,global_mean_ivt
-1.0,6.0,191.7118965729272
-1.0,12.0,189.67132136740796
-1.0,18.0,188.94034277905726
-1.0,24.0,187.98696831064873
-1.0,30.0,188.68481186177758
-1.0,36.0,186.10166484162895
-1.0,42.0,184.53866782289498
-1.0,48.0,182.88954094409385
-1.0,54.0,183.82312713418654
-1.0,60.0,182.16686978036319
-1.0,66.0,181.96207181545233
-1.0,72.0,181.50772235047896
-1.0,78.0,183.77227093393324
-1.0,84.0,182.65409958220405
-1.0,90.0,182.9971772693827
-1.0,96.0,182.9972431223261
-1.0,102.0,185.46900298089292
-1.0,108.0,184.73709486315204
-1.0,114.0,184.52466697635683
-1.0,120.0,184.06740648717286
-0.5,6.0,192.02132245974835
-0.5,12.0,190.15301194935358
-0.5,18.0,189.47845085337508
-0.5,24.0,188.51850726149343
-0.5,30.0,189.26024614397878
-0.5,36.0,186.75228266343305
-0.5,42.0,185.24821459130558
-0.5,48.0,183.7477492607637
-0.5,54.0,184.74262573870845
-0.5,60.0,183.2542838503302
-0.5,66.0,183.09693766059513
-0.5,72.0,182.7225329231837
-0.5,78.0,185.09959864230436
-0.5,84.0,184.13208034309906
-0.5,90.0,184.55626297441052
-0.5,96.0,184.59536781848792
-0.5,102.0,187.1879650611889
-0.5,108.0,186.64839792156198
-0.5,114.0,186.69099282718966
-0.5,120.0,186.44657741928432
-0.2,6.0,192.2120210799108
-0.2,12.0,190.45311574242226
-0.2,18.0,189.80526481193613
-0.2,24.0,188.8536334098569
-0.2,30.0,189.6066607087273
-0.2,36.0,187.15498919722717
-0.2,42.0,185.69005340752977
-0.2,48.0,184.24437944284333
-0.2,54.0,185.28670768483252
-0.2,60.0,183.93037437321678
-0.2,66.0,183.83808212923122
-0.2,72.0,183.5340060888622
-0.2,78.0,185.99860954187795
-0.2,84.0,185.147042370384
-0.2,90.0,185.60267927804838
-0.2,96.0,185.66800580146827
-0.2,102.0,188.40769896622467
-0.2,108.0,188.01481319728805
-0.2,114.0,188.20882062605835
-0.2,120.0,188.09880613683546
0.0,6.0,192.32915989807012
0.0,12.0,190.65127632377087
0.0,18.0,190.02177010459144
0.0,24.0,189.11231631191217
0.0,30.0,189.85376104327904
0.0,36.0,187.43734825410482
0.0,42.0,185.99230356293234
0.0,48.0,184.58166793572138
0.0,54.0,185.6651498425313
0.0,60.0,184.39061907708611
0.0,66.0,184.3700989393182
0.0,72.0,184.16827480361633
0.0,78.0,186.70570149240842
0.0,84.0,185.90445289264676
0.0,90.0,186.39021430993657
0.0,96.0,186.50724692202164
0.0,102.0,189.3429377766878
0.0,108.0,189.07948657269867
0.0,114.0,189.36218458333937
0.0,120.0,189.32297067646596
0.2,6.0,192.45121105516708
0.2,12.0,190.84823911354937
0.2,18.0,190.23846070543345
0.2,24.0,189.31151663434682
0.2,30.0,190.06767000203385
0.2,36.0,187.6939041485205
0.2,42.0,186.2796639755494
0.2,48.0,184.91978028936416
0.2,54.0,186.03522388149617
0.2,60.0,184.86262860392765
0.2,66.0,184.9058590219058
0.2,72.0,184.77051632228864
0.2,78.0,187.3289133503119
0.2,84.0,186.58839856871018
0.2,90.0,187.14602508563658
0.2,96.0,187.29687509312308
0.2,102.0,190.23093284074307
0.2,108.0,190.12031294213256
0.2,114.0,190.56934260779212
0.2,120.0,190.60477553970702
0.5,6.0,192.63504925701343
0.5,12.0,191.13745855827437
0.5,18.0,190.545773057734
0.5,24.0,189.66011209333692
0.5,30.0,190.44609376018764
0.5,36.0,188.15304807133919
0.5,42.0,186.7454162863755
0.5,48.0,185.49330768699716
0.5,54.0,186.68228553017892
0.5,60.0,185.62479118048785
0.5,66.0,185.7445725574506
0.5,72.0,185.7768277861736
0.5,78.0,188.3863702532268
0.5,84.0,187.7521008097815
0.5,90.0,188.32649135411828
0.5,96.0,188.60167752872184
0.5,102.0,191.7253486178862
0.5,108.0,191.9181684935618
0.5,114.0,192.64697589616418
0.5,120.0,192.72237566528113
1.0,6.0,192.94511177120512
1.0,12.0,191.64641484095813
1.0,18.0,191.10835342016847
1.0,24.0,190.24677183489806
1.0,30.0,191.04325506948436
1.0,36.0,188.89822025849227
1.0,42.0,187.6133173473532
1.0,48.0,186.5257513554817
1.0,54.0,187.81017416325224
1.0,60.0,187.00410291157516
1.0,66.0,187.282532548213
1.0,72.0,187.64226672577993
1.0,78.0,190.36542506960484
1.0,84.0,189.9246182107892
1.0,90.0,190.69196707964463
1.0,96.0,191.15010850169526
1.0,102.0,194.71991411062854
1.0,108.0,195.4824068363193
1.0,114.0,196.6336290809558
1.0,120.0,197.0233722161628
